collision_index,collision_year,collision_ref_no,vehicle_reference,casualty_reference,casualty_class,sex_of_casualty,age_of_casualty,age_band_of_casualty,casualty_severity,pedestrian_location,pedestrian_movement,car_passenger,bus_or_coach_passenger,pedestrian_road_maintenance_worker,casualty_type,casualty_imd_decile,lsoa_of_casualty,enhanced_casualty_severity,casualty_injury_based,casualty_adjusted_severity_serious,casualty_adjusted_severity_slight,casualty_distance_banding
2024351411975,2024,351411975,2,1,1,2,25,5,3,0,0,0,0,0,1,6,E01035515,3,1,0.0,1.0,1
2024351473739,2024,351473739,2,2,1,1,53,8,2,0,0,0,0,0,9,9,E01018012,6,1,1.0,0.0,1
2020350943491,2020,350943491,2,1,1,1,30,6,2,0,0,0,0,0,5,6,E01018106,6,1,1.0,0.0,-1
2024351463264,2024,351463264,2,1,1,1,43,7,2,0,0,0,0,0,1,7,E01017969,5,1,1.0,0.0,1
2023351349960,2023,351349960,2,2,2,1,43,7,2,0,0,2,0,0,9,-1,-1,6,1,1.0,0.0,-1
2024351497156,2024,351497156,2,4,2,2,81,11,2,0,0,1,0,0,9,3,E01026684,6,1,1.0,0.0,4
2022351225666,2022,351225666,2,1,1,1,25,5,3,0,0,0,0,0,90,3,E01017952,3,1,0.0,1.0,-1
2022351188837,2022,351188837,2,1,1,1,19,4,2,0,0,0,0,0,1,8,E01023315,7,1,1.0,0.0,-1
2024351438597,2024,351438597,1,1,1,1,44,7,2,0,0,0,0,0,97,5,E01018273,7,1,1.0,0.0,1
2023351301955,2023,351301955,2,1,1,1,38,7,3,0,0,0,0,0,1,9,E01018012,3,1,0.0,1.0,-1
2021351068159,2021,351068159,2,1,1,1,56,9,2,0,0,0,0,0,5,5,E01018102,7,1,1.0,0.0,-1
2020350930691,2020,350930691,2,1,2,2,32,6,3,0,0,0,0,0,9,3,E01017978,3,1,0.0,1.0,-1
2024351455688,2024,351455688,2,1,1,2,32,6,3,0,0,0,0,0,9,7,E01018000,3,1,0.0,1.0,1
2022351130681,2022,351130681,2,2,2,1,18,4,3,0,0,2,0,0,9,6,E01017967,3,1,0.0,1.0,-1
2023351318646,2023,351318646,1,1,3,2,43,7,3,10,9,0,0,0,0,9,E01017988,3,1,0.0,1.0,-1
2020350967375,2020,350967375,2,4,1,1,31,6,3,0,0,0,0,0,9,7,E01016777,3,1,0.0,1.0,-1
2022351198077,2022,351198077,2,1,1,1,43,7,3,0,0,0,0,0,1,10,E01018256,3,1,0.0,1.0,-1
2021351095868,2021,351095868,2,2,1,1,31,6,3,0,0,0,0,0,1,8,E01017966,3,1,0.0,1.0,-1
2020350963849,2020,350963849,2,1,1,1,22,5,3,0,0,0,0,0,1,8,E01018003,3,1,0.0,1.0,-1
2024351473771,2024,351473771,2,1,1,2,53,8,2,0,0,0,0,0,1,5,E01017961,7,1,1.0,0.0,1
2024351503383,2024,351503383,2,2,2,2,26,6,3,0,0,1,0,0,9,8,E01018242,3,1,0.0,1.0,1
2023351391032,2023,351391032,2,1,1,2,29,6,3,0,0,0,0,0,9,5,E01017997,3,1,0.0,1.0,-1
2022351218379,2022,351218379,2,1,1,1,79,11,3,0,0,0,0,0,9,9,E01018013,3,1,0.0,1.0,-1
2024351427882,2024,351427882,1,1,1,1,48,8,3,0,0,0,0,0,9,5,E01018304,3,1,0.0,1.0,2
2023351387807,2023,351387807,2,1,1,2,62,9,3,0,0,0,0,0,1,6,E01018005,3,1,0.0,1.0,-1
2020350968809,2020,350968809,1,1,1,1,90,11,3,0,0,0,0,0,9,-1,-1,3,1,0.0,1.0,-1
2023351363445,2023,351363445,1,1,3,1,53,8,3,1,9,0,0,0,0,-1,-1,3,1,0.0,1.0,-1
2021351087080,2021,351087080,2,1,1,2,68,10,3,0,0,0,0,0,1,7,E01017980,3,1,0.0,1.0,-1
2023351298261,2023,351298261,2,1,1,1,81,11,2,0,0,0,0,0,1,6,E01017951,7,1,1.0,0.0,-1
2023351364700,2023,351364700,2,1,1,2,31,6,3,0,0,0,0,0,1,3,E01017977,3,1,0.0,1.0,-1
2022351247495,2022,351247495,2,1,1,1,23,5,3,0,0,0,0,0,1,8,E01018001,3,1,0.0,1.0,-1
2023351382306,2023,351382306,1,1,1,2,61,9,2,0,0,0,0,0,9,3,E01017978,7,1,1.0,0.0,-1
2024351409293,2024,351409293,1,1,1,1,45,7,3,0,0,0,0,0,9,6,E01002497,3,1,0.0,1.0,4
2023351351532,2023,351351532,1,3,3,1,60,9,3,6,9,0,0,0,0,7,E01029885,3,1,0.0,1.0,-1
2021351125367,2021,351125367,2,3,1,2,33,6,3,0,0,0,0,0,9,10,E01018198,3,1,0.0,1.0,-1
2021351117118,2021,351117118,1,1,1,2,52,8,3,0,0,0,0,0,9,10,E01018248,3,1,0.0,1.0,-1
2020350991227,2020,350991227,1,1,3,2,26,6,3,1,3,0,0,0,0,8,E01017966,3,1,0.0,1.0,-1
2022351248791,2022,351248791,2,1,1,1,56,9,3,0,0,0,0,0,9,10,E01017955,3,1,0.0,1.0,-1
2020351030609,2020,351030609,2,1,1,2,20,4,3,0,0,0,0,0,9,4,E01013758,3,1,0.0,1.0,-1
2020351009587,2020,351009587,2,1,1,1,10,2,2,0,0,0,0,0,1,10,E01018274,7,1,1.0,0.0,-1
2022351217508,2022,351217508,2,1,1,2,17,4,3,0,0,0,0,0,1,9,E01018008,3,1,0.0,1.0,-1
2022351183260,2022,351183260,2,2,2,1,40,7,3,0,0,2,0,0,9,9,E01015681,3,1,0.0,1.0,-1
2022351201049,2022,351201049,2,1,1,1,48,8,3,0,0,0,0,0,1,8,E01017992,3,1,0.0,1.0,-1
2020350967375,2020,350967375,1,3,2,1,6,2,3,0,0,2,0,0,9,4,E01017947,3,1,0.0,1.0,-1
2022351248219,2022,351248219,2,1,1,1,19,4,3,0,0,0,0,0,1,9,E01017958,3,1,0.0,1.0,-1
2022351190517,2022,351190517,1,1,1,1,19,4,2,0,0,0,0,0,1,6,E01017967,7,1,1.0,0.0,-1
2022351249266,2022,351249266,2,2,1,1,44,7,3,0,0,0,0,0,19,4,E01000471,3,1,0.0,1.0,-1
2021351038762,2021,351038762,2,1,1,1,24,5,2,0,0,0,0,0,1,9,E01017998,7,1,1.0,0.0,-1
2023351287026,2023,351287026,2,1,1,2,26,6,2,0,0,0,0,0,1,8,E01018000,7,1,1.0,0.0,-1
2024351437871,2024,351437871,2,1,2,2,55,8,3,0,0,1,0,0,9,9,E01018278,3,1,0.0,1.0,3
2022351154208,2022,351154208,2,1,1,2,26,6,3,0,0,0,0,0,1,7,E01018294,3,1,0.0,1.0,-1
2021351071016,2021,351071016,1,1,1,1,58,9,3,0,0,0,0,0,9,6,E01015653,3,1,0.0,1.0,-1
2021351035952,2021,351035952,1,1,1,1,83,11,3,0,0,0,0,0,9,10,E01018303,3,1,0.0,1.0,-1
2020350950721,2020,350950721,1,1,3,1,35,6,2,5,3,0,0,0,0,-1,-1,7,1,1.0,0.0,-1
2024351514799,2024,351514799,1,1,1,1,17,4,3,0,0,0,0,0,3,4,E01017535,3,1,0.0,1.0,4
2022351232488,2022,351232488,1,2,2,1,-1,-1,3,0,0,1,0,0,9,-1,-1,3,1,0.0,1.0,-1
2023351277542,2023,351277542,2,1,1,1,36,7,3,0,0,0,0,0,-1,9,E01018010,3,1,0.0,1.0,-1
2020350944841,2020,350944841,3,5,2,2,75,10,3,0,0,1,0,0,9,6,E01018281,3,1,0.0,1.0,-1
2021351100727,2021,351100727,1,1,3,2,22,5,2,9,8,0,0,0,0,2,E01017946,7,1,1.0,0.0,-1
2024351451925,2024,351451925,2,1,1,2,26,6,3,0,0,0,0,0,1,8,E01035513,3,1,0.0,1.0,1
2020350930811,2020,350930811,2,1,1,2,39,7,3,0,0,0,0,0,1,5,E01018009,3,1,0.0,1.0,-1
2022351280931,2022,351280931,2,1,1,2,64,9,2,0,0,0,0,0,9,7,E01018165,6,1,1.0,0.0,-1
2024351515661,2024,351515661,2,1,2,2,53,8,3,0,0,1,0,0,9,9,E01027289,3,1,0.0,1.0,4
2024351491014,2024,351491014,2,1,1,1,20,4,3,0,0,0,0,0,1,9,E01018008,3,1,0.0,1.0,1
2021351046372,2021,351046372,2,1,1,1,21,5,3,0,0,0,0,0,1,5,E01017997,3,1,0.0,1.0,-1
2024351436053,2024,351436053,2,1,1,1,48,8,2,0,0,0,0,0,1,5,E01017954,7,1,1.0,0.0,1
2022351137518,2022,351137518,2,1,1,2,32,6,2,0,0,0,0,0,1,5,E01017945,6,1,1.0,0.0,-1
2024351526992,2024,351526992,2,1,1,2,15,3,3,0,0,0,0,0,1,6,E01017994,3,1,0.0,1.0,1
2023351309227,2023,351309227,2,2,1,1,78,11,2,0,0,0,0,0,9,9,E01018032,6,1,1.0,0.0,-1
2021351097534,2021,351097534,2,1,1,1,53,8,3,0,0,0,0,0,97,2,E01017946,3,1,0.0,1.0,-1
2023351280912,2023,351280912,2,1,1,1,27,6,3,0,0,0,0,0,1,9,E01017998,3,1,0.0,1.0,-1
2020350994190,2020,350994190,2,1,1,1,47,8,3,0,0,0,0,0,1,8,E01018286,3,1,0.0,1.0,-1
2022351235196,2022,351235196,1,1,1,2,60,9,3,0,0,0,0,0,9,10,E01022085,3,1,0.0,1.0,-1
2021351132082,2021,351132082,1,1,1,2,66,10,2,0,0,0,0,0,9,8,E01017992,5,1,1.0,0.0,-1
2024351413230,2024,351413230,2,1,1,2,35,6,3,0,0,0,0,0,1,8,E01035518,3,1,0.0,1.0,1
2022351172212,2022,351172212,2,1,2,2,20,4,3,0,0,2,0,0,9,8,E01018257,3,1,0.0,1.0,-1
2021351024142,2021,351024142,1,1,3,2,50,8,3,6,9,0,0,0,0,5,E01018009,3,1,0.0,1.0,-1
2021351085758,2021,351085758,2,1,1,1,19,4,3,0,0,0,0,0,1,5,E01017945,3,1,0.0,1.0,-1
2020350972549,2020,350972549,2,1,1,2,32,6,2,0,0,0,0,0,1,8,E01017966,7,1,1.0,0.0,-1
2024351437270,2024,351437270,2,1,1,2,44,7,3,0,0,0,0,0,1,3,E01017952,3,1,0.0,1.0,1
2023351372965,2023,351372965,2,1,1,1,52,8,2,0,0,0,0,0,9,-1,-1,7,1,1.0,0.0,-1
2023351371590,2023,351371590,2,1,1,1,46,8,3,0,0,0,0,0,11,7,E01017965,3,1,0.0,1.0,-1
2022351234423,2022,351234423,2,1,1,1,19,4,3,0,0,0,0,0,1,10,E01017996,3,1,0.0,1.0,-1
2021351076159,2021,351076159,1,1,1,1,68,10,2,0,0,0,0,0,9,2,E01015605,7,1,1.0,0.0,-1
2021351059553,2021,351059553,2,1,1,1,44,7,3,0,0,0,0,0,1,10,E01018266,3,1,0.0,1.0,-1
2023351324486,2023,351324486,2,1,1,2,55,8,3,0,0,0,0,0,1,7,E01017980,3,1,0.0,1.0,-1
2022351152381,2022,351152381,2,1,1,1,24,5,3,0,0,0,0,0,1,6,E01033121,3,1,0.0,1.0,-1
2020350987514,2020,350987514,1,1,3,1,70,10,2,6,9,0,0,0,0,2,E01017946,6,1,1.0,0.0,-1
2024351440758,2024,351440758,2,1,1,1,7,2,3,0,0,0,0,0,1,8,E01032792,3,1,0.0,1.0,1
2021351078284,2021,351078284,2,1,1,1,40,7,2,0,0,0,0,0,1,9,E01018250,6,1,1.0,0.0,-1
2024351538229,2024,351538229,2,1,1,2,47,8,3,0,0,0,0,0,9,6,E01018051,3,1,0.0,1.0,3
2023351305616,2023,351305616,1,1,1,1,23,5,3,0,0,0,0,0,9,7,E01018294,3,1,0.0,1.0,-1
2022351270120,2022,351270120,1,1,1,1,66,10,3,0,0,0,0,0,9,10,E01018256,3,1,0.0,1.0,-1
2021351061435,2021,351061435,2,1,1,1,76,11,2,0,0,0,0,0,1,6,E01017951,6,1,1.0,0.0,-1
2021351150321,2021,351150321,2,1,1,1,59,9,3,0,0,0,0,0,1,7,E01017965,3,1,0.0,1.0,-1
2024351463068,2024,351463068,2,1,1,2,60,9,3,0,0,0,0,0,1,10,E01018292,3,1,0.0,1.0,1
2022351231693,2022,351231693,1,1,1,2,50,8,3,0,0,0,0,0,9,9,E01018010,3,1,0.0,1.0,-1
2022351206980,2022,351206980,1,1,1,2,32,6,3,0,0,0,0,0,9,5,E01032802,3,1,0.0,1.0,-1
2023351346798,2023,351346798,1,1,1,1,23,5,2,0,0,0,0,0,5,10,E01018248,7,1,1.0,0.0,-1
2020350937374,2020,350937374,2,1,1,1,27,6,3,0,0,0,0,0,3,6,E01017967,3,1,0.0,1.0,-1
2024351476144,2024,351476144,2,1,1,1,42,7,3,0,0,0,0,0,9,7,E01035529,3,1,0.0,1.0,1
2021351017139,2021,351017139,4,1,1,1,55,8,2,0,0,0,0,0,19,10,E01018252,7,1,1.0,0.0,-1
2022351248348,2022,351248348,2,1,1,2,56,9,3,0,0,0,0,0,1,5,E01018273,3,1,0.0,1.0,-1
2024351457119,2024,351457119,1,2,1,1,21,5,3,0,0,0,0,0,9,6,E01013757,3,1,0.0,1.0,4
2021351030734,2021,351030734,1,3,2,2,0,1,3,0,0,2,0,0,9,10,E01018251,3,1,0.0,1.0,-1
2022351151435,2022,351151435,1,2,2,2,60,9,2,0,0,1,0,0,9,8,E01018276,7,1,1.0,0.0,-1
2023351360093,2023,351360093,1,1,1,1,43,7,2,0,0,0,0,0,1,6,E01033121,5,1,1.0,0.0,-1
2021351129449,2021,351129449,1,1,1,1,42,7,3,0,0,0,0,0,9,4,E01018077,3,1,0.0,1.0,-1
2022351267229,2022,351267229,1,1,3,1,75,10,2,5,1,0,0,0,0,10,E01017959,7,1,1.0,0.0,-1
2023351359349,2023,351359349,1,1,1,1,58,9,3,0,0,0,0,0,9,4,E01017947,3,1,0.0,1.0,-1
2020350965524,2020,350965524,2,1,1,1,59,9,3,0,0,0,0,0,9,4,E01018709,3,1,0.0,1.0,-1
2023351273405,2023,351273405,1,1,3,2,54,8,3,5,3,0,0,0,0,9,E01018006,3,1,0.0,1.0,-1
2022351242365,2022,351242365,1,2,3,2,39,7,3,1,1,0,0,0,0,8,E01018000,3,1,0.0,1.0,-1
2024351457119,2024,351457119,1,3,2,1,21,5,2,0,0,2,0,0,9,10,E01025846,7,1,1.0,0.0,5
2022351178549,2022,351178549,2,1,1,1,51,8,3,0,0,0,0,0,1,4,E01010602,3,1,0.0,1.0,-1
2024351394803,2024,351394803,2,1,1,2,29,6,3,0,0,0,0,0,9,3,E01018180,3,1,0.0,1.0,4
2022351236812,2022,351236812,1,2,3,1,66,10,3,1,1,0,0,0,0,9,E01018008,3,1,0.0,1.0,-1
2022351251683,2022,351251683,2,1,1,2,27,6,3,0,0,0,0,0,9,3,E01017975,3,1,0.0,1.0,-1
2021351060689,2021,351060689,2,1,1,1,54,8,3,0,0,0,0,0,1,8,E01018003,3,1,0.0,1.0,-1
2022351135793,2022,351135793,2,1,1,2,-1,-1,2,0,0,0,0,0,1,5,E01017945,6,1,1.0,0.0,-1
2020350951172,2020,350951172,2,1,1,1,34,6,3,0,0,0,0,0,8,9,E01017993,3,1,0.0,1.0,-1
2022351192871,2022,351192871,2,1,1,1,26,6,2,0,0,0,0,0,-1,2,E01017948,7,1,1.0,0.0,-1
2022351206870,2022,351206870,2,1,1,2,48,8,3,0,0,0,0,0,1,6,E01017951,3,1,0.0,1.0,-1
2023351400301,2023,351400301,1,2,2,2,51,8,3,0,0,1,0,0,9,10,E01033114,3,1,0.0,1.0,-1
2021351053144,2021,351053144,2,1,1,1,24,5,3,0,0,0,0,0,1,10,E01017995,3,1,0.0,1.0,-1
2021351055917,2021,351055917,2,1,1,1,12,3,2,0,0,0,0,0,1,10,E01018239,7,1,1.0,0.0,-1
2022351218415,2022,351218415,1,1,1,1,-1,-1,3,0,0,0,0,0,3,3,E01017952,3,1,0.0,1.0,-1
2023351378498,2023,351378498,1,1,1,1,32,6,3,0,0,0,0,0,1,8,E01017956,3,1,0.0,1.0,-1
2023351339335,2023,351339335,1,2,3,2,20,4,3,6,9,0,0,0,0,10,E01017957,3,1,0.0,1.0,-1
2024351535928,2024,351535928,1,2,1,1,21,5,2,0,0,0,0,0,1,10,E01018256,5,1,1.0,0.0,2
2023351356956,2023,351356956,2,1,1,1,58,9,2,0,0,0,0,0,1,8,E01018286,6,1,1.0,0.0,-1
2022351240858,2022,351240858,2,1,1,2,29,6,3,0,0,0,0,0,1,9,E01018010,3,1,0.0,1.0,-1
2024351455682,2024,351455682,2,1,1,2,30,6,3,0,0,0,0,0,1,4,E01018009,3,1,0.0,1.0,1
2024351534081,2024,351534081,2,1,1,1,68,10,2,0,0,0,0,0,1,5,E01017951,5,1,1.0,0.0,1
2022351235196,2022,351235196,2,2,1,1,21,5,3,0,0,0,0,0,9,7,E01018002,3,1,0.0,1.0,-1
2023351393003,2023,351393003,1,1,3,2,18,4,2,4,3,0,0,0,0,5,E01017945,7,1,1.0,0.0,-1
2021351054786,2021,351054786,2,1,1,2,24,5,2,0,0,0,0,0,1,9,E01018287,7,1,1.0,0.0,-1
2024351527750,2024,351527750,2,1,1,1,37,7,2,0,0,0,0,0,9,7,E01018022,7,1,1.0,0.0,4
2022351207008,2022,351207008,2,1,1,1,20,4,3,0,0,0,0,0,3,8,E01018001,3,1,0.0,1.0,-1
2023351270375,2023,351270375,1,1,3,2,90,11,2,6,9,0,0,0,0,9,E01018250,6,1,1.0,0.0,-1
2021351100271,2021,351100271,1,1,1,2,21,5,3,0,0,0,0,0,9,8,E01018000,3,1,0.0,1.0,-1
2020350991115,2020,350991115,1,1,1,2,37,7,3,0,0,0,0,0,9,10,E01018232,3,1,0.0,1.0,-1
2021351073481,2021,351073481,2,1,2,2,62,9,3,0,0,1,0,0,9,7,E01023334,3,1,0.0,1.0,-1
2021351109307,2021,351109307,1,1,3,2,71,10,3,1,1,0,0,0,0,10,E01018256,3,1,0.0,1.0,-1
2020350975361,2020,350975361,2,1,1,2,69,10,2,0,0,0,0,0,1,6,E01018005,7,1,1.0,0.0,-1
2020351009739,2020,351009739,2,1,1,2,53,8,3,0,0,0,0,0,9,7,E01017980,3,1,0.0,1.0,-1
2022351206980,2022,351206980,1,6,2,2,21,5,3,0,0,-1,0,0,9,6,E01018169,3,1,0.0,1.0,-1
2024351422776,2024,351422776,2,2,1,2,20,4,3,0,0,0,0,0,-1,9,E01017998,3,1,0.0,1.0,1
2023351377622,2023,351377622,1,1,1,2,51,8,3,0,0,0,0,0,1,9,E01017998,3,1,0.0,1.0,-1
2021351056087,2021,351056087,2,1,1,1,29,6,3,0,0,0,0,0,1,9,E01029897,3,1,0.0,1.0,-1
2024351503383,2024,351503383,2,1,1,2,32,6,3,0,0,0,0,0,9,10,E01018244,3,1,0.0,1.0,1
2020350956903,2020,350956903,2,2,1,1,30,6,2,0,0,0,0,0,4,9,E01018287,7,1,1.0,0.0,-1
2022351132917,2022,351132917,1,1,2,2,32,6,3,0,0,1,0,0,9,5,E01017974,3,1,0.0,1.0,-1
2020350927163,2020,350927163,1,1,1,1,47,8,3,0,0,0,0,0,1,5,E01017945,3,1,0.0,1.0,-1
2021351065623,2021,351065623,2,1,1,1,18,4,3,0,0,0,0,0,1,7,E01018057,3,1,0.0,1.0,-1
2022351224919,2022,351224919,2,1,1,1,6,2,3,0,0,0,0,0,1,6,E01017951,3,1,0.0,1.0,-1
2020350931927,2020,350931927,1,1,3,1,68,10,3,5,1,0,0,0,0,9,E01018287,3,1,0.0,1.0,-1
2023351263940,2023,351263940,1,1,1,1,51,8,3,0,0,0,0,0,9,7,E01018011,3,1,0.0,1.0,-1
2023351384213,2023,351384213,2,1,1,2,26,6,3,0,0,0,0,0,1,8,E01017984,3,1,0.0,1.0,-1
2020350981887,2020,350981887,1,1,3,2,64,9,3,5,1,0,0,0,0,8,E01018225,3,1,0.0,1.0,-1
2023351386580,2023,351386580,2,1,1,2,26,6,3,0,0,0,0,0,1,9,E01017988,3,1,0.0,1.0,-1
2022351187973,2022,351187973,2,1,1,2,47,8,2,0,0,0,0,0,1,10,E01018292,7,1,1.0,0.0,-1
2023351353516,2023,351353516,2,1,1,1,36,7,3,0,0,0,0,0,1,6,E01017951,3,1,0.0,1.0,-1
2024351519381,2024,351519381,2,4,2,1,13,3,3,0,0,2,0,0,9,7,E01021457,3,1,0.0,1.0,4
2021351042504,2021,351042504,2,1,1,1,41,7,3,0,0,0,0,0,23,2,E01017948,3,1,0.0,1.0,-1
2020350996798,2020,350996798,2,1,1,1,27,6,3,0,0,0,0,0,3,9,E01032792,3,1,0.0,1.0,-1
2023351329453,2023,351329453,2,1,1,1,20,4,3,0,0,0,0,0,9,7,E01017994,3,1,0.0,1.0,-1
2020350925618,2020,350925618,1,1,1,1,35,6,3,0,0,0,0,0,9,8,E01033118,3,1,0.0,1.0,-1
2020350949555,2020,350949555,2,1,1,1,39,7,3,0,0,0,0,0,1,2,E01017946,3,1,0.0,1.0,-1
2024351434420,2024,351434420,2,1,1,1,35,6,2,0,0,0,0,0,9,6,E01018297,7,1,1.0,0.0,2
2021351051388,2021,351051388,2,1,1,1,-1,-1,3,0,0,0,0,0,1,3,E01017971,3,1,0.0,1.0,-1
2020350915198,2020,350915198,1,1,1,1,36,7,3,0,0,0,0,0,1,9,E01017988,3,1,0.0,1.0,-1
2021351108112,2021,351108112,2,1,1,1,20,4,3,0,0,0,0,0,1,7,E01032795,3,1,0.0,1.0,-1
2022351220003,2022,351220003,2,1,1,2,23,5,2,0,0,0,0,0,1,7,E01017980,7,1,1.0,0.0,-1
2022351190027,2022,351190027,1,1,1,1,43,7,3,0,0,0,0,0,1,8,E01018203,3,1,0.0,1.0,-1
2021351101474,2021,351101474,2,1,1,1,42,7,2,0,0,0,0,0,3,10,E01018237,7,1,1.0,0.0,-1
2021351131019,2021,351131019,2,1,1,2,34,6,3,0,0,0,0,0,9,5,E01026284,3,1,0.0,1.0,-1
2023351287563,2023,351287563,2,1,1,2,45,7,3,0,0,0,0,0,9,4,E01017947,3,1,0.0,1.0,-1
2023351306100,2023,351306100,2,1,1,1,57,9,2,0,0,0,0,0,1,3,E01017975,7,1,1.0,0.0,-1
2021351097418,2021,351097418,1,1,3,2,22,5,3,2,1,0,0,2,0,7,E01032795,3,1,0.0,1.0,-1
2024351396062,2024,351396062,2,1,1,2,30,6,3,0,0,0,0,0,9,4,E01018044,3,1,0.0,1.0,4
2022351197556,2022,351197556,2,1,1,1,25,5,2,0,0,0,0,0,1,9,E01018006,7,1,1.0,0.0,-1
2020350967375,2020,350967375,2,5,2,2,32,6,2,0,0,1,0,0,9,7,E01016777,6,1,1.0,0.0,-1
2024351508040,2024,351508040,2,2,1,1,35,6,3,0,0,0,0,0,9,7,E01035526,3,1,0.0,1.0,1
2024351505399,2024,351505399,2,1,1,1,40,7,3,0,0,0,0,0,1,7,E01018286,3,1,0.0,1.0,1
2020350977943,2020,350977943,2,2,1,1,63,9,3,0,0,0,0,0,9,10,E01018252,3,1,0.0,1.0,-1
2020350986119,2020,350986119,2,1,1,1,30,6,3,0,0,0,0,0,1,9,E01018010,3,1,0.0,1.0,-1
2023351379948,2023,351379948,1,1,3,1,8,2,3,5,1,0,0,-1,0,10,E01018274,3,1,0.0,1.0,-1
2024351409339,2024,351409339,2,1,1,1,21,5,3,0,0,0,0,0,1,8,E01017987,3,1,0.0,1.0,1
2022351241171,2022,351241171,2,1,1,1,52,8,3,0,0,0,0,0,5,8,E01033116,3,1,0.0,1.0,-1
2023351351532,2023,351351532,1,1,3,2,35,6,3,6,9,0,0,0,0,10,E01027565,3,1,0.0,1.0,-1
2023351388133,2023,351388133,1,1,1,2,43,7,3,0,0,0,0,0,9,6,E01030150,3,1,0.0,1.0,-1
2024351471192,2024,351471192,2,1,1,1,27,6,3,0,0,0,0,0,1,4,E01018009,3,1,0.0,1.0,1
2023351291993,2023,351291993,2,1,1,2,69,10,3,0,0,0,0,0,9,8,E01018219,3,1,0.0,1.0,-1
2020350944841,2020,350944841,1,4,2,2,69,10,3,0,0,1,0,0,9,10,E01010774,3,1,0.0,1.0,-1
2024351538000,2024,351538000,1,1,1,1,27,6,3,0,0,0,0,0,2,6,E01017949,3,1,0.0,1.0,1
2024351430745,2024,351430745,2,1,1,1,33,6,3,0,0,0,0,0,1,5,E01033120,3,1,0.0,1.0,1
2021351044825,2021,351044825,2,1,1,2,26,6,3,0,0,0,0,0,9,10,E01017995,3,1,0.0,1.0,-1
2020350964429,2020,350964429,1,1,1,1,17,4,3,0,0,0,0,0,2,10,E01018301,3,1,0.0,1.0,-1
2021351019292,2021,351019292,1,1,1,1,41,7,2,0,0,0,0,0,9,-1,-1,7,1,1.0,0.0,-1
2020350970588,2020,350970588,1,1,1,2,18,4,3,0,0,0,0,0,1,10,E01018292,3,1,0.0,1.0,-1
2023351309901,2023,351309901,2,1,1,2,60,9,3,0,0,0,0,0,9,8,E01018003,3,1,0.0,1.0,-1
2022351138509,2022,351138509,2,1,1,1,21,5,3,0,0,0,0,0,1,9,E01022082,3,1,0.0,1.0,-1
2021351046930,2021,351046930,2,1,1,2,24,5,2,0,0,0,0,0,1,8,E01018001,6,1,1.0,0.0,-1
2024351420942,2024,351420942,2,1,1,1,48,8,3,0,0,0,0,0,1,6,E01017962,3,1,0.0,1.0,1
2023351303939,2023,351303939,2,1,1,1,43,7,3,0,0,0,0,0,9,7,E01030117,3,1,0.0,1.0,-1
2022351180840,2022,351180840,1,1,1,2,15,3,3,0,0,0,0,0,1,3,E01017944,3,1,0.0,1.0,-1
2022351203147,2022,351203147,1,1,1,2,39,7,3,0,0,0,0,0,9,8,E01018280,3,1,0.0,1.0,-1
2021351124509,2021,351124509,2,1,1,1,19,4,3,0,0,0,0,0,3,2,E01017946,3,1,0.0,1.0,-1
2020350984649,2020,350984649,1,1,1,1,64,9,3,0,0,0,0,0,9,1,E01010677,3,1,0.0,1.0,-1
2022351242767,2022,351242767,1,2,3,1,26,6,3,4,3,0,0,0,0,3,E01017979,3,1,0.0,1.0,-1
2022351258318,2022,351258318,2,1,1,2,48,8,3,0,0,0,0,0,1,6,E01017962,3,1,0.0,1.0,-1
2023351265307,2023,351265307,2,1,1,2,21,5,3,0,0,0,0,0,9,10,E01018295,3,1,0.0,1.0,-1
2020350976134,2020,350976134,2,1,1,2,66,10,2,0,0,0,0,0,1,7,E01018300,7,1,1.0,0.0,-1
2020350940868,2020,350940868,1,1,3,1,26,6,3,3,1,0,0,0,0,3,E01017971,3,1,0.0,1.0,-1
2024351458321,2024,351458321,1,1,1,2,37,7,3,0,0,0,0,0,9,3,E01017975,3,1,0.0,1.0,1
2021351105964,2021,351105964,2,1,1,1,51,8,3,0,0,0,0,0,1,10,E01018293,3,1,0.0,1.0,-1
2020351001782,2020,351001782,1,1,1,2,71,10,3,0,0,0,0,0,9,7,E01018057,3,1,0.0,1.0,-1
2021351046878,2021,351046878,2,1,1,2,17,4,3,0,0,0,0,0,1,8,E01018297,3,1,0.0,1.0,-1
2021351020594,2021,351020594,2,3,2,2,63,9,3,0,0,2,0,0,9,5,E01033113,3,1,0.0,1.0,-1
2022351130681,2022,351130681,2,3,2,1,37,7,3,0,0,-1,0,0,9,8,E01018276,3,1,0.0,1.0,-1
2022351231962,2022,351231962,1,1,3,2,32,6,2,5,9,0,0,0,0,9,E01018006,7,1,1.0,0.0,-1
2020350950952,2020,350950952,2,1,1,2,25,5,3,0,0,0,0,0,1,8,E01018000,3,1,0.0,1.0,-1
2022351181859,2022,351181859,1,1,3,2,76,11,3,6,9,0,0,0,0,7,E01018300,3,1,0.0,1.0,-1
2024351422800,2024,351422800,2,1,1,1,46,8,3,0,0,0,0,0,-1,6,E01017997,3,1,0.0,1.0,1
2021351052880,2021,351052880,1,1,1,2,53,8,2,0,0,0,0,0,3,7,E01018243,7,1,1.0,0.0,-1
2020350948634,2020,350948634,2,1,1,1,29,6,3,0,0,0,0,0,4,8,E01018001,3,1,0.0,1.0,-1
2022351180222,2022,351180222,1,1,1,2,17,4,2,0,0,0,0,0,3,10,E01018130,5,1,1.0,0.0,-1
2024351414066,2024,351414066,2,1,1,1,60,9,2,0,0,0,0,0,1,10,E01017995,7,1,1.0,0.0,1
2020351035584,2020,351035584,1,1,1,1,32,6,3,0,0,0,0,0,9,8,E01018242,3,1,0.0,1.0,-1
2024351424470,2024,351424470,1,1,1,1,25,5,3,0,0,0,0,0,9,8,E01018221,3,1,0.0,1.0,2
2024351476144,2024,351476144,1,2,1,1,43,7,3,0,0,0,0,0,9,7,E01035524,3,1,0.0,1.0,1
2023351374746,2023,351374746,1,1,1,1,56,9,2,0,0,0,0,0,4,8,E01033115,7,1,1.0,0.0,-1
2022351178142,2022,351178142,2,1,1,1,30,6,3,0,0,0,0,0,1,8,E01018257,3,1,0.0,1.0,-1
2022351155136,2022,351155136,2,1,1,1,43,7,3,0,0,0,0,0,1,2,E01021370,3,1,0.0,1.0,-1
2023351360234,2023,351360234,2,1,1,1,63,9,2,0,0,0,0,0,5,5,E01024774,7,1,1.0,0.0,-1
2023351380280,2023,351380280,1,1,1,1,46,8,3,0,0,0,0,0,3,3,E01017944,3,1,0.0,1.0,-1
2020350974119,2020,350974119,1,1,2,1,29,6,3,0,0,1,0,0,9,8,E01033429,3,1,0.0,1.0,-1
2021351131404,2021,351131404,1,1,2,2,28,6,3,0,0,1,0,0,9,5,E01002490,3,1,0.0,1.0,-1
2024351480457,2024,351480457,1,1,3,2,39,7,3,6,9,0,0,-1,0,8,E01018242,3,1,0.0,1.0,2
2022351204905,2022,351204905,2,1,1,1,23,5,2,0,0,0,0,0,-1,9,E01003648,7,1,1.0,0.0,-1
2022351194837,2022,351194837,3,1,1,2,59,9,2,0,0,0,0,0,9,10,E01018121,6,1,1.0,0.0,-1
2022351180373,2022,351180373,2,1,1,1,44,7,3,0,0,0,0,0,1,10,E01018266,3,1,0.0,1.0,-1
2024351443571,2024,351443571,2,1,1,1,49,8,2,0,0,0,0,0,1,8,E01017987,7,1,1.0,0.0,1
2023351313428,2023,351313428,2,2,1,1,55,8,2,0,0,0,0,0,9,10,E01018232,7,1,1.0,0.0,-1
2020350995067,2020,350995067,2,1,1,1,34,6,3,0,0,0,0,0,1,8,E01017992,3,1,0.0,1.0,-1
2023351312887,2023,351312887,2,2,1,1,38,7,3,0,0,0,0,0,9,8,E01018297,3,1,0.0,1.0,-1
2024351475115,2024,351475115,2,1,1,1,53,8,3,0,0,0,0,0,19,9,E01027120,3,1,0.0,1.0,4
2020351010450,2020,351010450,3,2,1,1,39,7,3,0,0,0,0,0,9,10,E01018258,3,1,0.0,1.0,-1
2021351121797,2021,351121797,2,1,1,1,35,6,3,0,0,0,0,0,1,8,E01018003,3,1,0.0,1.0,-1
2023351370282,2023,351370282,1,1,1,2,34,6,2,0,0,0,0,0,1,4,E01017953,7,1,1.0,0.0,-1
2022351230042,2022,351230042,1,1,1,1,18,4,3,0,0,0,0,0,3,8,E01018225,3,1,0.0,1.0,-1
2023351352779,2023,351352779,1,1,2,1,43,7,3,0,0,-1,0,0,9,2,E01017948,3,1,0.0,1.0,-1
2024351473947,2024,351473947,2,1,1,1,23,5,3,0,0,0,0,0,3,8,E01035519,3,1,0.0,1.0,1
2021351107164,2021,351107164,2,2,1,1,35,6,3,0,0,0,0,0,19,10,E01018191,3,1,0.0,1.0,-1
2024351489103,2024,351489103,1,1,1,1,17,4,3,0,0,0,0,0,19,4,E01031030,3,1,0.0,1.0,5
2024351443673,2024,351443673,2,2,1,1,65,9,2,0,0,0,0,0,9,5,E01017972,7,1,1.0,0.0,1
2023351368449,2023,351368449,2,1,1,1,53,8,2,0,0,0,0,0,1,8,E01017992,7,1,1.0,0.0,-1
2020350929145,2020,350929145,1,1,1,1,26,6,3,0,0,0,0,0,8,9,E01018254,3,1,0.0,1.0,-1
2023351317574,2023,351317574,2,1,1,1,31,6,3,0,0,0,0,0,1,2,E01017946,3,1,0.0,1.0,-1
2022351140977,2022,351140977,2,1,1,1,47,8,3,0,0,0,0,0,4,4,E01017947,3,1,0.0,1.0,-1
2024351531105,2024,351531105,1,1,1,1,18,4,3,0,0,0,0,0,9,10,E01018239,3,1,0.0,1.0,3
2024351438801,2024,351438801,1,1,1,1,37,7,3,0,0,0,0,0,9,3,E01015624,3,1,0.0,1.0,4
2020350952888,2020,350952888,2,1,1,1,21,5,3,0,0,0,0,0,1,9,E01018012,3,1,0.0,1.0,-1
2023351364984,2023,351364984,2,1,1,2,41,7,3,0,0,0,0,0,1,9,E01032792,3,1,0.0,1.0,-1
2021351058341,2021,351058341,1,1,1,1,48,8,2,0,0,0,0,0,5,8,E01018277,7,1,1.0,0.0,-1
2024351503437,2024,351503437,2,1,1,1,22,5,3,0,0,0,0,0,1,6,E01035517,3,1,0.0,1.0,1
2021351040569,2021,351040569,2,1,1,1,43,7,3,0,0,0,0,0,9,3,E01017978,3,1,0.0,1.0,-1
2020350978146,2020,350978146,2,1,1,1,22,5,3,0,0,0,0,0,1,3,E01017975,3,1,0.0,1.0,-1
2021351108829,2021,351108829,1,1,1,2,51,8,3,0,0,0,0,0,-1,5,E01030229,3,1,0.0,1.0,-1
2021351044911,2021,351044911,2,2,1,2,48,8,2,0,0,0,0,0,9,5,E01017972,7,1,1.0,0.0,-1
2021351111122,2021,351111122,1,1,1,1,55,8,3,0,0,0,0,0,1,10,E01018222,3,1,0.0,1.0,-1
2022351190215,2022,351190215,2,2,1,2,24,5,1,0,0,0,0,0,9,-1,-1,1,1,0.0,0.0,-1
2020350990230,2020,350990230,2,2,1,1,29,6,2,0,0,0,0,0,9,5,E01033454,7,1,1.0,0.0,-1
2021351068398,2021,351068398,1,1,2,1,-1,-1,3,0,0,2,0,0,9,8,E01017987,3,1,0.0,1.0,-1
2022351226765,2022,351226765,1,1,3,2,28,6,3,6,9,0,0,0,0,9,E01018006,3,1,0.0,1.0,-1
2020350973772,2020,350973772,2,1,1,2,26,6,3,0,0,0,0,0,1,8,E01017984,3,1,0.0,1.0,-1
2022351249266,2022,351249266,1,3,2,2,86,11,1,0,0,1,0,0,9,6,E01017961,1,1,0.0,0.0,-1
2020350982387,2020,350982387,2,2,1,1,17,4,3,0,0,0,0,0,1,9,E01017998,3,1,0.0,1.0,-1
2022351236915,2022,351236915,2,1,1,1,43,7,3,0,0,0,0,0,1,6,E01017951,3,1,0.0,1.0,-1
2023351319447,2023,351319447,1,1,1,2,41,7,3,0,0,0,0,0,9,10,E01018272,3,1,0.0,1.0,-1
2021351090539,2021,351090539,1,1,1,2,37,7,2,0,0,0,0,0,5,4,E01015798,5,1,1.0,0.0,-1
2024351481410,2024,351481410,1,1,1,1,52,8,2,0,0,0,0,0,-1,5,E01026693,7,1,1.0,0.0,4
2024351437775,2024,351437775,2,1,1,1,24,5,3,0,0,0,0,0,1,7,E01017989,3,1,0.0,1.0,1
2022351151435,2022,351151435,1,1,1,2,33,6,3,0,0,0,0,0,9,9,E01018278,3,1,0.0,1.0,-1
2022351145934,2022,351145934,2,1,1,2,72,10,3,0,0,0,0,0,9,8,E01022077,3,1,0.0,1.0,-1
2021351066202,2021,351066202,2,1,1,1,47,8,2,0,0,0,0,0,1,9,E01017998,6,1,1.0,0.0,-1
2022351200576,2022,351200576,2,1,1,1,46,8,3,0,0,0,0,0,1,10,E01017959,3,1,0.0,1.0,-1
2021351053835,2021,351053835,1,1,1,1,78,11,3,0,0,0,0,0,9,7,E01017980,3,1,0.0,1.0,-1
2020350967375,2020,350967375,1,2,2,2,6,2,3,0,0,2,0,0,9,4,E01017947,3,1,0.0,1.0,-1
2023351316813,2023,351316813,2,1,1,1,71,10,3,0,0,0,0,0,19,4,E01018062,3,1,0.0,1.0,-1
2020350935422,2020,350935422,1,1,3,1,22,5,2,1,3,0,0,0,0,9,E01017958,7,1,1.0,0.0,-1
2022351161723,2022,351161723,1,1,1,2,27,6,3,0,0,0,0,0,1,9,E01018006,3,1,0.0,1.0,-1
2023351311382,2023,351311382,1,1,3,2,86,11,3,10,1,0,0,0,0,2,E01017948,3,1,0.0,1.0,-1
2022351130681,2022,351130681,2,1,1,1,26,6,3,0,0,0,0,0,9,9,E01018307,3,1,0.0,1.0,-1
2023351321897,2023,351321897,1,2,1,1,22,5,3,0,0,0,0,0,1,3,E01017977,3,1,0.0,1.0,-1
2022351253569,2022,351253569,1,1,1,1,26,6,2,0,0,0,0,0,1,6,E01017967,7,1,1.0,0.0,-1
2020350953930,2020,350953930,2,2,1,1,48,8,2,0,0,0,0,0,9,10,E01018244,7,1,1.0,0.0,-1
2020350944841,2020,350944841,1,1,1,1,71,10,3,0,0,0,0,0,9,10,E01010774,3,1,0.0,1.0,-1
2020351035584,2020,351035584,2,3,2,1,14,3,2,0,0,0,0,0,4,2,E01017946,7,1,1.0,0.0,-1
2024351424470,2024,351424470,1,3,2,2,30,6,3,0,0,1,0,0,9,5,E01017947,3,1,0.0,1.0,1
2020351013251,2020,351013251,2,1,1,1,42,7,2,0,0,0,0,0,1,9,E01017968,7,1,1.0,0.0,-1
2020350999853,2020,350999853,2,1,1,2,27,6,3,0,0,0,0,0,1,7,E01017963,3,1,0.0,1.0,-1
2024351535759,2024,351535759,2,1,1,1,55,8,2,0,0,0,0,0,1,6,E01002020,6,1,1.0,0.0,4
2021351048855,2021,351048855,1,1,1,2,84,11,3,0,0,0,0,0,9,8,E01018224,3,1,0.0,1.0,-1
2021351105937,2021,351105937,1,1,3,1,22,5,2,5,1,0,0,0,0,7,E01018255,7,1,1.0,0.0,-1
2022351245746,2022,351245746,2,1,1,1,25,5,3,0,0,0,0,0,1,9,E01017958,3,1,0.0,1.0,-1
2024351400290,2024,351400290,2,1,1,1,37,7,3,0,0,0,0,0,1,5,E01017973,3,1,0.0,1.0,1
2021351075516,2021,351075516,2,1,1,2,37,7,3,0,0,0,0,0,9,6,E01017973,3,1,0.0,1.0,-1
2023351387762,2023,351387762,2,2,2,2,3,1,3,0,0,-1,0,0,9,9,E01032611,3,1,0.0,1.0,-1
2022351224157,2022,351224157,2,1,1,2,39,7,2,0,0,0,0,0,1,10,E01017955,7,1,1.0,0.0,-1
2023351337418,2023,351337418,1,1,3,1,4,1,3,5,1,0,0,0,0,7,E01018002,3,1,0.0,1.0,-1
2024351499180,2024,351499180,2,1,1,2,56,9,2,0,0,0,0,0,1,7,E01018243,7,1,1.0,0.0,1
2020350932263,2020,350932263,1,1,2,2,73,10,3,0,0,1,0,0,9,4,E01026259,3,1,0.0,1.0,-1
2021351060705,2021,351060705,1,1,1,2,21,5,3,0,0,0,0,0,9,3,E01017654,3,1,0.0,1.0,-1
2024351447161,2024,351447161,2,1,1,1,23,5,3,0,0,0,0,0,1,7,E01026897,3,1,0.0,1.0,4
2021351110956,2021,351110956,1,1,1,1,20,4,3,0,0,0,0,0,3,10,E01018189,3,1,0.0,1.0,-1
2020350956885,2020,350956885,1,2,2,1,32,6,3,0,0,2,0,0,9,9,E01018221,3,1,0.0,1.0,-1
2023351301467,2023,351301467,2,1,1,1,33,6,3,0,0,0,0,0,1,7,E01017965,3,1,0.0,1.0,-1
2024351564084,2024,351564084,2,2,2,2,1,1,3,0,0,2,0,0,9,8,E01017983,3,1,0.0,1.0,2
2023351287842,2023,351287842,2,1,1,2,55,8,2,0,0,0,0,0,1,9,E01018287,7,1,1.0,0.0,-1
2024351490501,2024,351490501,1,1,3,1,53,8,2,5,3,0,0,-1,0,6,E01017949,7,1,1.0,0.0,1
2024351482229,2024,351482229,1,1,1,1,19,4,2,0,0,0,0,0,4,8,E01026314,7,1,1.0,0.0,4
2023351361295,2023,351361295,2,1,1,2,22,5,2,0,0,0,0,0,1,8,E01017956,7,1,1.0,0.0,-1
2020350919671,2020,350919671,2,1,1,2,49,8,3,0,0,0,0,0,1,7,E01023636,3,1,0.0,1.0,-1
2022351251276,2022,351251276,2,1,1,2,25,5,3,0,0,0,0,0,1,7,E01018243,3,1,0.0,1.0,-1
2020351030609,2020,351030609,2,4,2,1,57,9,3,0,0,2,0,0,9,4,E01013758,3,1,0.0,1.0,-1
2020351004306,2020,351004306,1,4,2,2,10,2,2,0,0,2,0,0,9,-1,-1,7,1,1.0,0.0,-1
2022351138950,2022,351138950,1,1,1,1,52,8,1,0,0,0,0,0,1,9,E01018296,1,1,0.0,0.0,-1
2023351274851,2023,351274851,2,1,1,1,18,4,3,0,0,0,0,0,1,10,E01018248,3,1,0.0,1.0,-1
2024351533958,2024,351533958,2,1,1,1,37,7,3,0,0,0,0,0,9,7,E01030069,3,1,0.0,1.0,4
2022351137202,2022,351137202,1,2,2,1,24,5,3,0,0,1,0,0,9,9,E01017998,3,1,0.0,1.0,-1
2023351318646,2023,351318646,1,2,3,1,-1,-1,3,1,1,0,0,0,0,-1,-1,3,1,0.0,1.0,-1
2022351228775,2022,351228775,2,2,1,1,60,9,3,0,0,0,0,0,19,7,E01026978,3,1,0.0,1.0,-1
2021351093494,2021,351093494,2,1,1,2,47,8,3,0,0,0,0,0,1,5,E01018009,3,1,0.0,1.0,-1
2024351452608,2024,351452608,2,1,1,2,53,8,2,0,0,0,0,0,1,10,E01018234,7,1,1.0,0.0,2
2021351037594,2021,351037594,2,1,1,2,-1,-1,3,0,0,0,0,0,1,5,E01017974,3,1,0.0,1.0,-1
2024351542803,2024,351542803,1,1,3,1,16,4,3,6,9,0,0,-1,0,10,E01018301,3,1,0.0,1.0,3
2022351226917,2022,351226917,2,1,1,1,37,7,3,0,0,0,0,0,1,10,E01018232,3,1,0.0,1.0,-1
2024351479538,2024,351479538,1,1,1,1,19,4,3,0,0,0,0,0,90,10,E01018301,3,1,0.0,1.0,2
2021351037694,2021,351037694,2,1,1,1,35,6,3,0,0,0,0,0,1,2,E01017946,3,1,0.0,1.0,-1
2023351309162,2023,351309162,4,2,2,1,-1,-1,3,0,0,1,0,0,9,-1,-1,3,1,0.0,1.0,-1
2021351049741,2021,351049741,2,1,1,2,29,6,3,0,0,0,0,0,1,3,E01017977,3,1,0.0,1.0,-1
2023351324125,2023,351324125,3,3,1,1,26,6,2,0,0,0,0,0,9,2,E01018144,5,1,1.0,0.0,-1
2023351375200,2023,351375200,2,1,1,2,29,6,3,0,0,0,0,0,9,8,E01018224,3,1,0.0,1.0,-1
2022351240357,2022,351240357,2,1,1,1,23,5,3,0,0,0,0,0,1,2,E01017946,3,1,0.0,1.0,-1
2023351357326,2023,351357326,2,1,1,1,25,5,3,0,0,0,0,0,-1,5,E01018273,3,1,0.0,1.0,-1
2023351382454,2023,351382454,2,1,1,2,26,6,2,0,0,0,0,0,1,7,E01017976,7,1,1.0,0.0,-1
2020350921935,2020,350921935,1,1,3,1,18,4,3,1,1,0,0,0,0,5,E01017991,3,1,0.0,1.0,-1
2022351155099,2022,351155099,2,2,1,1,25,5,3,0,0,0,0,0,19,6,E01033121,3,1,0.0,1.0,-1
2020350935276,2020,350935276,1,1,1,2,33,6,2,0,0,0,0,0,1,9,E01018008,7,1,1.0,0.0,-1
2020350965899,2020,350965899,1,1,3,2,70,10,3,4,1,0,0,0,0,8,E01017989,3,1,0.0,1.0,-1
2020351001323,2020,351001323,1,1,1,1,56,9,3,0,0,0,0,0,21,2,E01017531,3,1,0.0,1.0,-1
2023351339296,2023,351339296,1,1,1,1,35,6,2,0,0,0,0,0,19,10,E01018259,7,1,1.0,0.0,-1
2024351424470,2024,351424470,2,2,1,1,23,5,3,0,0,0,0,0,9,5,E01017951,3,1,0.0,1.0,1
2024351510397,2024,351510397,2,1,1,1,54,8,2,0,0,0,0,0,9,7,E01018243,6,1,1.0,0.0,1
2023351363382,2023,351363382,2,4,2,2,5,1,3,0,0,2,0,0,9,9,E01018231,3,1,0.0,1.0,-1
2021351108199,2021,351108199,1,1,3,2,35,6,3,5,1,0,0,0,0,7,E01017965,3,1,0.0,1.0,-1
2021351106389,2021,351106389,2,1,1,1,63,9,3,0,0,0,0,0,1,10,E01018251,3,1,0.0,1.0,-1
2024351545599,2024,351545599,1,2,1,1,17,4,3,0,0,0,0,0,-1,6,E01018017,3,1,0.0,1.0,4
2023351363382,2023,351363382,2,2,1,2,40,7,3,0,0,0,0,0,9,9,E01018231,3,1,0.0,1.0,-1
2022351248790,2022,351248790,1,1,3,2,41,7,3,5,1,0,0,0,0,7,E01018002,3,1,0.0,1.0,-1
2023351331457,2023,351331457,1,1,1,2,51,8,2,0,0,0,0,0,-1,2,E01029886,7,1,1.0,0.0,-1
2021351054045,2021,351054045,1,1,1,1,35,6,3,0,0,0,0,0,1,-1,-1,3,1,0.0,1.0,-1
2020351001782,2020,351001782,1,2,2,2,75,10,3,0,0,1,0,0,9,7,E01032797,3,1,0.0,1.0,-1
2022351203015,2022,351203015,2,6,2,1,-1,-1,3,0,0,2,0,0,9,-1,-1,3,1,0.0,1.0,-1
2020350942191,2020,350942191,2,1,1,1,19,4,2,0,0,0,0,0,1,5,E01017949,7,1,1.0,0.0,-1
2024351463130,2024,351463130,2,1,1,1,38,7,3,0,0,0,0,0,9,5,E01017954,3,1,0.0,1.0,1
2023351357651,2023,351357651,2,1,1,1,55,8,3,0,0,0,0,0,1,10,E01017955,3,1,0.0,1.0,-1
2023351283842,2023,351283842,2,2,1,1,30,6,3,0,0,0,0,0,1,10,E01018256,3,1,0.0,1.0,-1
2022351235167,2022,351235167,1,1,1,1,22,5,2,0,0,0,0,0,9,5,E01018273,6,1,1.0,0.0,-1
2021351080339,2021,351080339,1,1,3,1,26,6,2,5,1,0,0,0,0,2,E01017948,7,1,1.0,0.0,-1
2021351167495,2021,351167495,2,1,1,1,60,9,3,0,0,0,0,0,4,6,E01017967,3,1,0.0,1.0,-1
2020350950813,2020,350950813,2,1,1,2,57,9,3,0,0,0,0,0,9,8,E01017956,3,1,0.0,1.0,-1
2021351037600,2021,351037600,1,1,1,2,22,5,3,0,0,0,0,0,9,-1,-1,3,1,0.0,1.0,-1
2020350973028,2020,350973028,2,1,1,2,27,6,3,0,0,0,0,0,1,6,E01033121,3,1,0.0,1.0,-1
2024351467966,2024,351467966,2,1,1,2,67,10,3,0,0,0,0,0,1,6,E01017963,3,1,0.0,1.0,1
2024351542334,2024,351542334,1,1,1,2,48,8,3,0,0,0,0,0,9,10,E01018288,3,1,0.0,1.0,2
2022351253909,2022,351253909,2,1,1,1,28,6,3,0,0,0,0,0,19,6,E01030154,3,1,0.0,1.0,-1
2022351193435,2022,351193435,1,1,3,1,27,6,3,6,9,0,0,0,0,9,E01017998,3,1,0.0,1.0,-1
2020350972183,2020,350972183,1,1,1,2,52,8,3,0,0,0,0,0,9,9,E01018015,3,1,0.0,1.0,-1
2023351337772,2023,351337772,2,1,1,1,28,6,3,0,0,0,0,0,9,8,E01033116,3,1,0.0,1.0,-1
2020350980257,2020,350980257,3,1,1,1,71,10,2,0,0,0,0,0,5,9,E01018299,6,1,1.0,0.0,-1
2020351009595,2020,351009595,2,1,1,1,-1,-1,3,0,0,0,0,0,1,8,E01018003,3,1,0.0,1.0,-1
2024351527540,2024,351527540,1,1,1,2,52,8,3,0,0,0,0,0,9,4,E01023921,3,1,0.0,1.0,4
2020350923112,2020,350923112,2,1,1,1,37,7,3,0,0,0,0,0,9,7,E01018002,3,1,0.0,1.0,-1
2022351178217,2022,351178217,2,1,1,2,25,5,2,0,0,0,0,0,1,3,E01017979,7,1,1.0,0.0,-1
2021351079958,2021,351079958,2,3,1,1,34,6,3,0,0,0,0,0,9,5,E01017945,3,1,0.0,1.0,-1
2020350999157,2020,350999157,1,1,1,1,25,5,3,0,0,0,0,0,1,3,E01017979,3,1,0.0,1.0,-1
2020351007639,2020,351007639,1,1,1,2,52,8,3,0,0,0,0,0,9,5,E01029955,3,1,0.0,1.0,-1
2020350983455,2020,350983455,1,1,1,2,19,4,3,0,0,0,0,0,9,10,E01018232,3,1,0.0,1.0,-1
2022351228648,2022,351228648,2,1,1,1,30,6,3,0,0,0,0,0,1,5,E01017974,3,1,0.0,1.0,-1
2020350938858,2020,350938858,2,1,1,2,24,5,3,0,0,0,0,0,1,3,E01017944,3,1,0.0,1.0,-1
2024351493591,2024,351493591,1,2,2,2,8,2,3,0,0,2,0,0,9,8,E01028344,3,1,0.0,1.0,5
2023351377230,2023,351377230,2,1,1,1,36,7,3,0,0,0,0,0,19,9,E01023500,3,1,0.0,1.0,-1
2022351231504,2022,351231504,2,1,1,2,48,8,3,0,0,0,0,0,1,7,E01032797,3,1,0.0,1.0,-1
2024351451977,2024,351451977,2,1,2,1,71,10,3,0,0,1,0,0,9,8,E01021150,3,1,0.0,1.0,5
2024351443956,2024,351443956,2,2,1,1,37,7,2,0,0,0,0,0,9,10,E01018301,7,1,1.0,0.0,1
2020350973184,2020,350973184,1,1,3,2,76,11,2,6,9,0,0,0,0,9,E01007862,7,1,1.0,0.0,-1
2024351435109,2024,351435109,2,1,1,-1,-1,-1,3,0,0,0,0,0,1,-1,-1,3,1,0.0,1.0,-1
2022351201150,2022,351201150,2,1,1,1,30,6,3,0,0,0,0,0,1,8,E01018001,3,1,0.0,1.0,-1
2020350999060,2020,350999060,1,1,1,1,18,4,2,0,0,0,0,0,1,10,E01017955,7,1,1.0,0.0,-1
2021351108719,2021,351108719,2,1,1,1,59,9,3,0,0,0,0,0,1,2,E01017946,3,1,0.0,1.0,-1
2021351095471,2021,351095471,2,1,1,2,41,7,3,0,0,0,0,0,1,7,E01018002,3,1,0.0,1.0,-1
2023351293065,2023,351293065,2,1,1,2,40,7,3,0,0,0,0,0,1,10,E01018232,3,1,0.0,1.0,-1
2022351203015,2022,351203015,2,4,2,1,-1,-1,3,0,0,2,0,0,9,-1,-1,3,1,0.0,1.0,-1
2024351493591,2024,351493591,4,7,2,2,45,7,3,0,0,1,0,0,9,8,E01018164,3,1,0.0,1.0,3
2024351493854,2024,351493854,2,1,1,1,51,8,3,0,0,0,0,0,1,3,E01017978,3,1,0.0,1.0,1
2021351121031,2021,351121031,2,2,1,1,38,7,3,0,0,0,0,0,19,6,E01029956,3,1,0.0,1.0,-1
2021351121397,2021,351121397,2,1,1,1,23,5,3,0,0,0,0,0,1,9,E01017968,3,1,0.0,1.0,-1
2021351030681,2021,351030681,2,1,1,1,21,5,3,0,0,0,0,0,1,10,E01018007,3,1,0.0,1.0,-1
2020350966664,2020,350966664,1,1,3,1,50,8,3,1,3,0,0,-1,0,6,E01017943,3,1,0.0,1.0,-1
2021351037259,2021,351037259,1,1,3,1,20,4,3,9,9,0,0,0,0,4,E01023757,3,1,0.0,1.0,-1
2024351451542,2024,351451542,2,1,1,1,35,6,3,0,0,0,0,0,1,4,E01017945,3,1,0.0,1.0,1
2022351140834,2022,351140834,2,1,1,2,37,7,3,0,0,0,0,0,1,10,E01018235,3,1,0.0,1.0,-1
2020350931531,2020,350931531,1,1,3,1,59,9,3,6,9,0,0,0,0,7,E01032795,3,1,0.0,1.0,-1
2024351424536,2024,351424536,2,1,1,1,44,7,3,0,0,0,0,0,9,7,E01018057,3,1,0.0,1.0,1
2023351337212,2023,351337212,2,1,1,2,23,5,3,0,0,0,0,0,9,-1,-1,3,1,0.0,1.0,-1
2022351168931,2022,351168931,2,1,1,2,41,7,3,0,0,0,0,0,1,10,E01017986,3,1,0.0,1.0,-1
2021351063769,2021,351063769,2,1,1,1,17,4,3,0,0,0,0,0,1,6,E01017973,3,1,0.0,1.0,-1
2020350987432,2020,350987432,2,1,1,1,64,9,3,0,0,0,0,0,1,7,E01017963,3,1,0.0,1.0,-1
2023351374305,2023,351374305,2,1,1,1,27,6,3,0,0,0,0,0,1,9,E01017988,3,1,0.0,1.0,-1
2020350969952,2020,350969952,3,2,2,2,-1,-1,2,0,0,1,0,0,9,8,E01018242,6,1,1.0,0.0,-1
2020350937515,2020,350937515,1,1,1,1,32,6,2,0,0,0,0,0,3,3,E01017952,7,1,1.0,0.0,-1
2023351278410,2023,351278410,1,1,1,1,28,6,2,0,0,0,0,0,19,6,E01018246,7,1,1.0,0.0,-1
2023351380756,2023,351380756,2,1,1,1,27,6,3,0,0,0,0,0,1,8,E01017966,3,1,0.0,1.0,-1
2021351024137,2021,351024137,2,2,1,1,22,5,2,0,0,0,0,0,1,-1,-1,5,1,1.0,0.0,-1
2023351345484,2023,351345484,2,1,1,2,35,6,3,0,0,0,0,0,9,7,E01018220,3,1,0.0,1.0,-1
2023351349960,2023,351349960,2,4,2,2,71,10,3,0,0,1,0,0,9,1,E01016810,3,1,0.0,1.0,-1
2021351104669,2021,351104669,2,1,1,2,22,5,3,0,0,0,0,0,-1,8,E01018280,3,1,0.0,1.0,-1
2024351422642,2024,351422642,2,1,1,1,35,6,2,0,0,0,0,0,1,5,E01017954,7,1,1.0,0.0,1
2024351502467,2024,351502467,1,2,1,2,22,5,3,0,0,0,0,0,9,7,E01033454,3,1,0.0,1.0,4
2022351200505,2022,351200505,3,1,1,1,31,6,3,0,0,0,0,0,3,8,E01017966,3,1,0.0,1.0,-1
2021351115503,2021,351115503,1,1,1,1,57,9,3,0,0,0,0,0,9,7,E01018279,3,1,0.0,1.0,-1
2024351443588,2024,351443588,2,1,1,2,30,6,3,0,0,0,0,0,1,4,E01017945,3,1,0.0,1.0,1
2021351065141,2021,351065141,1,1,2,2,29,6,3,0,0,2,0,0,8,7,E01017980,3,1,0.0,1.0,-1
2022351250403,2022,351250403,1,1,3,2,20,4,3,1,1,0,0,0,0,6,E01017999,3,1,0.0,1.0,-1
2024351529275,2024,351529275,2,1,1,1,51,8,3,0,0,0,0,0,1,9,E01017950,3,1,0.0,1.0,1
2024351495238,2024,351495238,2,1,1,2,59,9,2,0,0,0,0,0,1,2,E01017977,5,1,1.0,0.0,1
2022351250791,2022,351250791,2,1,1,2,50,8,2,0,0,0,0,0,1,-1,-1,7,1,1.0,0.0,-1
2022351170445,2022,351170445,2,2,1,2,31,6,2,0,0,0,0,0,1,-1,-1,7,1,1.0,0.0,-1
2024351421002,2024,351421002,2,1,1,1,15,3,3,0,0,0,0,0,1,8,E01018054,3,1,0.0,1.0,3
2023351355462,2023,351355462,2,1,1,2,26,6,2,0,0,0,0,0,1,5,E01017974,7,1,1.0,0.0,-1
2022351232555,2022,351232555,2,1,1,2,15,3,3,0,0,0,0,0,1,6,E01017951,3,1,0.0,1.0,-1
2023351277090,2023,351277090,1,1,1,1,31,6,2,0,0,0,0,0,-1,6,E01017967,7,1,1.0,0.0,-1
2023351284211,2023,351284211,1,2,2,2,88,11,2,0,0,1,0,0,9,10,E01018260,6,1,1.0,0.0,-1
2021351036207,2021,351036207,2,1,1,2,47,8,3,0,0,0,0,0,1,7,E01032797,3,1,0.0,1.0,-1
2020350962855,2020,350962855,1,1,1,1,20,4,3,0,0,0,0,0,1,3,E01017979,3,1,0.0,1.0,-1
2020350922658,2020,350922658,2,1,1,2,23,5,3,0,0,0,0,0,1,8,E01017984,3,1,0.0,1.0,-1
2024351421056,2024,351421056,2,1,1,2,30,6,3,0,0,0,0,0,1,7,E01017989,3,1,0.0,1.0,1
2023351324125,2023,351324125,1,1,1,1,37,7,3,0,0,0,0,0,9,-1,-1,3,1,0.0,1.0,-1
2020350980771,2020,350980771,2,1,1,1,24,5,2,0,0,0,0,0,4,9,E01018221,5,1,1.0,0.0,-1
2023351365980,2023,351365980,2,1,1,2,57,9,3,0,0,0,0,0,1,9,E01017988,3,1,0.0,1.0,-1
2023351364248,2023,351364248,2,1,1,2,24,5,3,0,0,0,0,0,1,5,E01017997,3,1,0.0,1.0,-1
2024351458378,2024,351458378,1,1,1,1,30,6,3,0,0,0,0,0,19,6,E01033113,3,1,0.0,1.0,2
2020350987533,2020,350987533,3,2,1,2,46,8,3,0,0,0,0,0,1,6,E01028550,3,1,0.0,1.0,-1
2023351303449,2023,351303449,2,1,1,2,31,6,3,0,0,0,0,0,1,5,E01017945,3,1,0.0,1.0,-1
2024351521580,2024,351521580,2,1,1,2,45,7,2,0,0,0,0,0,1,-1,-1,6,1,1.0,0.0,-1
2021351104709,2021,351104709,2,2,2,1,38,7,3,0,0,1,0,0,9,10,E01018266,3,1,0.0,1.0,-1
2021351131404,2021,351131404,2,2,1,2,34,6,3,0,0,0,0,0,9,7,E01018294,3,1,0.0,1.0,-1
2021351095223,2021,351095223,1,1,1,1,54,8,2,0,0,0,0,0,1,8,E01018286,7,1,1.0,0.0,-1
2023351403929,2023,351403929,1,1,1,1,29,6,2,0,0,0,0,0,20,4,E01021501,6,1,1.0,0.0,-1
2024351427882,2024,351427882,2,2,1,1,23,5,3,0,0,0,0,0,9,9,E01033116,3,1,0.0,1.0,2
2021351087440,2021,351087440,2,1,1,1,57,9,3,0,0,0,0,0,1,6,E01018005,3,1,0.0,1.0,-1
2020350995249,2020,350995249,2,1,1,1,-1,-1,3,0,0,0,0,0,1,-1,-1,3,1,0.0,1.0,-1
2023351388018,2023,351388018,2,1,1,1,72,10,2,0,0,0,0,0,1,9,E01017988,7,1,1.0,0.0,-1
2024351403673,2024,351403673,2,1,1,1,34,6,2,0,0,0,0,0,1,6,E01017962,7,1,1.0,0.0,1
2022351183916,2022,351183916,2,1,1,1,35,6,2,0,0,0,0,0,1,5,E01018009,5,1,1.0,0.0,-1
2023351371039,2023,351371039,1,1,1,1,56,9,2,0,0,0,0,0,9,10,E01018248,5,1,1.0,0.0,-1
2022351261359,2022,351261359,1,1,1,1,75,10,3,0,0,0,0,0,9,6,E01018020,3,1,0.0,1.0,-1
2020350970695,2020,350970695,2,1,1,1,39,7,3,0,0,0,0,0,1,10,E01018234,3,1,0.0,1.0,-1
2023351267764,2023,351267764,2,1,1,1,69,10,3,0,0,0,0,0,1,8,E01017983,3,1,0.0,1.0,-1
2024351504928,2024,351504928,1,1,3,2,79,11,3,4,1,0,0,-1,0,4,E01026224,3,1,0.0,1.0,4
2021351097679,2021,351097679,2,1,1,2,22,5,1,0,0,0,0,0,1,-1,-1,1,1,0.0,0.0,-1
2023351286658,2023,351286658,2,1,1,2,24,5,3,0,0,0,0,0,1,7,E01017963,3,1,0.0,1.0,-1
2020350996008,2020,350996008,1,1,1,1,37,7,3,0,0,0,0,0,1,5,E01017949,3,1,0.0,1.0,-1
2024351430109,2024,351430109,2,1,1,2,43,7,3,0,0,0,0,0,1,10,E01035561,3,1,0.0,1.0,1
2020350936255,2020,350936255,2,1,1,2,17,4,3,0,0,0,0,0,1,5,E01017991,3,1,0.0,1.0,-1
2021351055849,2021,351055849,2,1,1,2,51,8,3,0,0,0,0,0,1,6,E01018005,3,1,0.0,1.0,-1
2024351499379,2024,351499379,1,2,3,2,7,2,3,5,3,0,0,-1,0,7,E01035529,3,1,0.0,1.0,1
2023351292464,2023,351292464,2,1,1,1,43,7,2,0,0,0,0,0,1,10,E01018285,7,1,1.0,0.0,-1
2024351405139,2024,351405139,2,1,1,1,32,6,3,0,0,0,0,0,1,3,E01017978,3,1,0.0,1.0,1
2021351119322,2021,351119322,2,1,1,1,26,6,3,0,0,0,0,0,3,3,E01017952,3,1,0.0,1.0,-1
2023351265433,2023,351265433,1,1,1,2,20,4,3,0,0,0,0,0,-1,6,E01033121,3,1,0.0,1.0,-1
2023351295840,2023,351295840,2,1,1,1,30,6,3,0,0,0,0,0,1,8,E01018001,3,1,0.0,1.0,-1
2022351216071,2022,351216071,2,1,1,1,24,5,3,0,0,0,0,0,1,6,E01029052,3,1,0.0,1.0,-1
2020350996243,2020,350996243,2,1,1,1,29,6,3,0,0,0,0,0,1,3,E01017952,3,1,0.0,1.0,-1
2022351249928,2022,351249928,2,1,1,1,22,5,3,0,0,0,0,0,1,7,E01017969,3,1,0.0,1.0,-1
2022351218366,2022,351218366,2,1,1,1,46,8,3,0,0,0,0,0,1,7,E01018002,3,1,0.0,1.0,-1
2023351380022,2023,351380022,2,1,1,1,39,7,2,0,0,0,0,0,1,6,E01033120,7,1,1.0,0.0,-1
2021351077385,2021,351077385,2,1,1,2,29,6,2,0,0,0,0,0,1,8,E01018003,7,1,1.0,0.0,-1
2023351328969,2023,351328969,2,1,1,1,22,5,3,0,0,0,0,0,1,8,E01018001,3,1,0.0,1.0,-1
2022351136334,2022,351136334,1,1,3,1,73,10,3,5,1,0,0,0,0,6,E01017999,3,1,0.0,1.0,-1
2020351003282,2020,351003282,1,1,1,1,28,6,3,0,0,0,0,0,19,7,E01018043,3,1,0.0,1.0,-1
2020350933137,2020,350933137,1,1,3,1,51,8,2,1,9,0,0,-1,0,6,E01017943,7,1,1.0,0.0,-1
2023351368385,2023,351368385,2,2,2,2,44,7,3,0,0,1,0,0,9,2,E01017948,3,1,0.0,1.0,-1
2020351009294,2020,351009294,1,1,3,2,20,4,2,10,9,0,0,0,0,7,E01018002,5,1,1.0,0.0,-1
2023351311382,2023,351311382,1,2,3,2,91,11,3,10,1,0,0,0,0,3,E01017944,3,1,0.0,1.0,-1
2022351253429,2022,351253429,2,1,1,2,27,6,2,0,0,0,0,0,-1,10,E01031645,6,1,1.0,0.0,-1
2021351076661,2021,351076661,1,1,1,1,49,8,3,0,0,0,0,0,9,10,E01018237,3,1,0.0,1.0,-1
2021351082946,2021,351082946,2,1,1,2,71,10,2,0,0,0,0,0,1,8,E01017989,7,1,1.0,0.0,-1
2022351186141,2022,351186141,1,1,3,1,71,10,2,1,1,0,0,0,0,5,E01017960,5,1,1.0,0.0,-1
2022351194016,2022,351194016,1,1,1,1,42,7,3,0,0,0,0,0,9,6,-1,3,1,0.0,1.0,-1
2023351381275,2023,351381275,2,1,1,1,34,6,3,0,0,0,0,0,5,9,E01018161,3,1,0.0,1.0,-1
2021351039099,2021,351039099,1,1,2,1,32,6,3,0,0,1,0,0,9,7,E01017963,3,1,0.0,1.0,-1
2021351128618,2021,351128618,2,2,2,2,6,2,3,0,0,0,0,0,1,8,E01018000,3,1,0.0,1.0,-1
2024351495250,2024,351495250,2,1,1,1,21,5,3,0,0,0,0,0,3,5,E01033121,3,1,0.0,1.0,2
2021351105993,2021,351105993,2,1,1,2,33,6,3,0,0,0,0,0,1,7,E01018002,3,1,0.0,1.0,-1
2022351153959,2022,351153959,2,1,1,1,41,7,2,0,0,0,0,0,3,7,E01017976,5,1,1.0,0.0,-1
2022351188876,2022,351188876,2,1,1,2,43,7,3,0,0,0,0,0,1,9,E01018006,3,1,0.0,1.0,-1
2020350975666,2020,350975666,2,1,1,1,47,8,3,0,0,0,0,0,1,10,E01017996,3,1,0.0,1.0,-1
2024351500533,2024,351500533,2,1,1,1,16,4,3,0,0,0,0,0,1,7,E01018294,3,1,0.0,1.0,1
2021351018227,2021,351018227,2,1,1,2,32,6,2,0,0,0,0,0,9,7,E01017994,7,1,1.0,0.0,-1
2021351054763,2021,351054763,2,1,1,1,52,8,2,0,0,0,0,0,5,9,E01018171,6,1,1.0,0.0,-1
2024351489534,2024,351489534,2,1,1,1,36,7,3,0,0,0,0,0,1,10,E01018232,3,1,0.0,1.0,1
2021351114170,2021,351114170,2,1,1,1,38,7,3,0,0,0,0,0,3,8,E01017425,3,1,0.0,1.0,-1
2021351094667,2021,351094667,2,1,1,1,58,9,3,0,0,0,0,0,19,7,E01018255,3,1,0.0,1.0,-1
2023351354747,2023,351354747,1,1,1,1,27,6,3,0,0,0,0,0,9,8,E01027329,3,1,0.0,1.0,-1
2022351206980,2022,351206980,1,4,2,2,0,1,3,0,0,-1,0,0,9,6,E01018169,3,1,0.0,1.0,-1
2023351278410,2023,351278410,2,2,1,1,48,8,3,0,0,0,0,0,19,1,E01013877,3,1,0.0,1.0,-1
2022351226040,2022,351226040,1,1,1,1,30,6,2,0,0,0,0,0,4,4,E01017947,6,1,1.0,0.0,-1
2024351468339,2024,351468339,2,2,2,2,88,11,3,0,0,1,0,0,9,9,E01017968,3,1,0.0,1.0,1
2022351180728,2022,351180728,2,1,1,1,27,6,3,0,0,0,0,0,4,4,E01017947,3,1,0.0,1.0,-1
2020350928631,2020,350928631,1,1,1,1,29,6,3,0,0,0,0,0,1,9,E01027254,3,1,0.0,1.0,-1
2023351364676,2023,351364676,2,1,1,1,43,7,3,0,0,0,0,0,9,8,E01018286,3,1,0.0,1.0,-1
2023351288643,2023,351288643,1,1,1,1,56,9,3,0,0,0,0,0,3,6,E01017973,3,1,0.0,1.0,-1
2022351129000,2022,351129000,2,1,1,1,26,6,3,0,0,0,0,0,1,7,E01032795,3,1,0.0,1.0,-1
2024351462519,2024,351462519,1,1,1,1,21,5,3,0,0,0,0,0,3,3,E01017978,3,1,0.0,1.0,1
2024351521577,2024,351521577,2,1,1,2,38,7,3,0,0,0,0,0,1,10,E01018283,3,1,0.0,1.0,1
2022351166527,2022,351166527,1,1,1,1,62,9,3,0,0,0,0,0,9,4,E01024219,3,1,0.0,1.0,-1
2023351324125,2023,351324125,3,4,2,2,35,6,2,0,0,1,0,0,9,9,E01018136,5,1,1.0,0.0,-1
2021351092096,2021,351092096,2,1,1,1,23,5,3,0,0,0,0,0,3,5,E01018273,3,1,0.0,1.0,-1
2021351022446,2021,351022446,1,1,1,2,31,6,3,0,0,0,0,0,9,9,E01017590,3,1,0.0,1.0,-1
2021351108684,2021,351108684,2,1,1,1,19,4,3,0,0,0,0,0,1,10,E01017957,3,1,0.0,1.0,-1
2021351101155,2021,351101155,1,1,1,1,24,5,3,0,0,0,0,0,4,9,E01018299,3,1,0.0,1.0,-1
2024351519381,2024,351519381,2,3,2,2,15,3,3,0,0,2,0,0,9,7,E01021457,3,1,0.0,1.0,4
2022351138935,2022,351138935,1,1,1,2,53,8,2,0,0,0,0,0,9,5,E01018135,7,1,1.0,0.0,-1
2020350932263,2020,350932263,1,2,2,2,61,9,3,0,0,2,0,0,9,4,E01026259,3,1,0.0,1.0,-1
2021351044903,2021,351044903,1,1,1,1,25,5,2,0,0,0,0,0,9,10,E01018295,7,1,1.0,0.0,-1
2024351459847,2024,351459847,2,1,2,1,36,7,3,0,0,1,0,0,9,10,E01017995,3,1,0.0,1.0,1
2024351399070,2024,351399070,1,1,1,1,32,6,3,0,0,0,0,0,9,10,E01017959,3,1,0.0,1.0,2
2021351012871,2021,351012871,1,1,1,1,35,6,3,0,0,0,0,0,3,5,E01017974,3,1,0.0,1.0,-1
2024351533944,2024,351533944,2,1,1,2,22,5,3,0,0,0,0,0,9,5,E01026728,3,1,0.0,1.0,4
2024351459847,2024,351459847,2,2,1,2,47,8,3,0,0,0,0,0,9,7,E01035526,3,1,0.0,1.0,1
2022351215630,2022,351215630,1,1,1,-1,21,5,3,0,0,0,0,0,4,-1,-1,3,1,0.0,1.0,-1
2020351005499,2020,351005499,2,1,1,1,23,5,3,0,0,0,0,0,1,8,E01018286,3,1,0.0,1.0,-1
2023351368945,2023,351368945,2,1,1,1,24,5,3,0,0,0,0,0,1,10,E01018292,3,1,0.0,1.0,-1
2021351071387,2021,351071387,2,1,2,1,13,3,3,0,0,0,0,0,1,-1,-1,3,1,0.0,1.0,-1
2020350923499,2020,350923499,1,1,1,1,52,8,3,0,0,0,0,0,9,10,E01018222,3,1,0.0,1.0,-1
2021351058758,2021,351058758,2,1,1,2,26,6,2,0,0,0,0,0,1,5,E01017954,7,1,1.0,0.0,-1
2020350934592,2020,350934592,2,1,1,1,38,7,3,0,0,0,0,0,1,6,E01017967,3,1,0.0,1.0,-1
2020350934842,2020,350934842,1,1,1,1,55,8,3,0,0,0,0,0,9,7,E01018279,3,1,0.0,1.0,-1
2021351078524,2021,351078524,2,1,1,1,15,3,3,0,0,0,0,0,1,4,E01017947,3,1,0.0,1.0,-1
2022351242289,2022,351242289,2,1,1,1,24,5,3,0,0,0,0,0,1,7,E01017969,3,1,0.0,1.0,-1
2023351273282,2023,351273282,2,2,2,1,57,9,3,0,0,-1,0,0,9,5,E01018051,3,1,0.0,1.0,-1
2021351090339,2021,351090339,2,1,1,1,29,6,3,0,0,0,0,0,9,2,E01017946,3,1,0.0,1.0,-1
2024351422835,2024,351422835,1,1,1,1,58,9,3,0,0,0,0,0,9,6,E01030151,3,1,0.0,1.0,4
2024351429046,2024,351429046,2,1,1,2,48,8,3,0,0,0,0,0,-1,7,E01017980,3,1,0.0,1.0,1
2021351085626,2021,351085626,2,1,1,1,15,3,2,0,0,0,0,0,1,8,E01032794,7,1,1.0,0.0,-1
2021351042253,2021,351042253,2,1,1,1,35,6,2,0,0,0,0,0,5,6,E01018036,5,1,1.0,0.0,-1
2020351009190,2020,351009190,1,1,1,1,27,6,3,0,0,0,0,0,5,4,E01017947,3,1,0.0,1.0,-1
2022351250487,2022,351250487,1,1,1,1,47,8,2,0,0,0,0,0,1,8,E01017966,7,1,1.0,0.0,-1
2020350951063,2020,350951063,1,1,1,2,56,9,3,0,0,0,0,0,5,8,E01033118,3,1,0.0,1.0,-1
2023351388133,2023,351388133,2,2,1,1,16,4,2,0,0,0,0,0,1,10,E01017959,7,1,1.0,0.0,-1
2021351074287,2021,351074287,1,1,1,1,27,6,3,0,0,0,0,0,9,3,E01017978,3,1,0.0,1.0,-1
2021351097713,2021,351097713,2,1,1,1,13,3,2,0,0,0,0,0,1,-1,-1,7,1,1.0,0.0,-1
2022351242601,2022,351242601,2,1,1,2,29,6,3,0,0,0,0,0,19,-1,-1,3,1,0.0,1.0,-1
2023351377393,2023,351377393,2,2,1,1,24,5,3,0,0,0,0,0,9,9,E01018006,3,1,0.0,1.0,-1
2024351469190,2024,351469190,2,1,1,1,10,2,3,0,0,0,0,0,1,6,E01017962,3,1,0.0,1.0,1
2024351432138,2024,351432138,2,2,2,1,11,3,3,0,0,2,0,0,9,9,E01018008,3,1,0.0,1.0,1
2021351055493,2021,351055493,1,1,1,1,-1,-1,3,0,0,0,0,0,1,6,E01033120,3,1,0.0,1.0,-1
2022351143981,2022,351143981,2,1,2,2,50,8,3,0,0,1,0,0,9,2,E01017948,3,1,0.0,1.0,-1
2022351181875,2022,351181875,2,1,1,2,36,7,3,0,0,0,0,0,1,7,E01030119,3,1,0.0,1.0,-1
2020350934310,2020,350934310,1,1,3,2,59,9,3,10,3,0,0,0,0,8,E01018270,3,1,0.0,1.0,-1
2022351165589,2022,351165589,2,1,1,1,56,9,3,0,0,0,0,0,1,8,E01017992,3,1,0.0,1.0,-1
2023351378517,2023,351378517,2,1,1,1,51,8,3,0,0,0,0,0,1,6,E01017951,3,1,0.0,1.0,-1
2020351006955,2020,351006955,1,1,1,1,46,8,2,0,0,0,0,0,9,10,E01018232,7,1,1.0,0.0,-1
2022351172705,2022,351172705,2,1,1,2,34,6,3,0,0,0,0,0,1,9,E01017998,3,1,0.0,1.0,-1
2024351499379,2024,351499379,1,1,3,1,16,4,3,5,3,0,0,-1,0,7,E01035529,3,1,0.0,1.0,1
2024351409332,2024,351409332,2,1,1,2,20,4,3,0,0,0,0,0,1,5,E01017947,3,1,0.0,1.0,1
2021351146995,2021,351146995,1,1,3,2,21,5,2,1,3,0,0,0,0,6,E01018036,7,1,1.0,0.0,-1
2021351080602,2021,351080602,1,1,1,2,36,7,3,0,0,0,0,0,9,3,E01017979,3,1,0.0,1.0,-1
2023351349960,2023,351349960,2,1,1,1,68,10,2,0,0,0,0,0,9,1,E01016810,5,1,1.0,0.0,-1
2024351428188,2024,351428188,1,1,1,1,16,4,3,0,0,0,0,0,-1,2,E01017946,3,1,0.0,1.0,1
2022351245298,2022,351245298,1,1,3,2,16,4,3,1,1,0,0,0,0,7,E01018220,3,1,0.0,1.0,-1
2024351463874,2024,351463874,2,1,1,2,41,7,3,0,0,0,0,0,1,10,E01017995,3,1,0.0,1.0,1
2021351116944,2021,351116944,2,1,1,1,34,6,2,0,0,0,0,0,3,4,E01017947,7,1,1.0,0.0,-1
2020350990550,2020,350990550,1,1,1,2,62,9,3,0,0,0,0,0,9,6,E01017951,3,1,0.0,1.0,-1
2021351111881,2021,351111881,2,1,1,2,39,7,3,0,0,0,0,0,9,3,E01017977,3,1,0.0,1.0,-1
2024351495176,2024,351495176,2,1,1,1,23,5,3,0,0,0,0,0,1,5,E01033121,3,1,0.0,1.0,1
2023351271802,2023,351271802,1,1,1,1,65,9,2,0,0,0,0,0,19,8,E01033259,7,1,1.0,0.0,-1
2024351477657,2024,351477657,2,1,1,1,29,6,2,0,0,0,0,0,1,8,E01035511,6,1,1.0,0.0,1
2020350935273,2020,350935273,1,1,1,1,21,5,3,0,0,0,0,0,1,9,E01024754,3,1,0.0,1.0,-1
2021351075468,2021,351075468,2,1,1,2,36,7,3,0,0,0,0,0,9,9,E01017389,3,1,0.0,1.0,-1
2021351068876,2021,351068876,1,2,2,2,19,4,3,0,0,1,0,0,9,6,E01017973,3,1,0.0,1.0,-1
2022351181716,2022,351181716,1,1,3,1,8,2,3,6,9,0,0,0,0,6,E01018005,3,1,0.0,1.0,-1
2024351457119,2024,351457119,1,5,2,1,24,5,3,0,0,1,0,0,9,6,E01025670,3,1,0.0,1.0,5
2021351148800,2021,351148800,1,1,1,1,25,5,2,0,0,0,0,0,-1,10,E01018293,7,1,1.0,0.0,-1
2021351036389,2021,351036389,2,1,1,2,69,10,3,0,0,0,0,0,9,3,E01026415,3,1,0.0,1.0,-1
2024351524753,2024,351524753,2,1,1,1,32,6,2,0,0,0,0,0,1,7,E01017989,7,1,1.0,0.0,1
2021351028929,2021,351028929,2,2,1,2,42,7,3,0,0,0,0,0,9,4,E01018184,3,1,0.0,1.0,-1
2020350955317,2020,350955317,2,1,1,1,67,10,2,0,0,0,0,0,1,8,E01032794,7,1,1.0,0.0,-1
2022351161204,2022,351161204,2,1,1,1,-1,-1,3,0,0,0,0,0,-1,5,E01017949,3,1,0.0,1.0,-1
2022351134491,2022,351134491,2,2,1,1,33,6,3,0,0,0,0,0,19,6,E01022090,3,1,0.0,1.0,-1
2022351171297,2022,351171297,2,1,1,2,27,6,3,0,0,0,0,0,9,9,E01027148,3,1,0.0,1.0,-1
2024351399854,2024,351399854,2,1,1,1,29,6,2,0,0,0,0,0,1,10,E01018014,7,1,1.0,0.0,3
2023351307759,2023,351307759,2,1,1,2,34,6,3,0,0,0,0,0,1,2,E01017948,3,1,0.0,1.0,-1
2024351493591,2024,351493591,2,5,2,2,44,7,3,0,0,2,0,0,9,4,E01015676,3,1,0.0,1.0,4
2023351316351,2023,351316351,1,1,1,1,21,5,3,0,0,0,0,0,9,9,E01017998,3,1,0.0,1.0,-1
2021351060904,2021,351060904,2,1,1,2,27,6,3,0,0,0,0,0,1,9,E01032792,3,1,0.0,1.0,-1
2023351325272,2023,351325272,1,1,1,1,22,5,3,0,0,0,0,0,5,6,E01017951,3,1,0.0,1.0,-1
2024351479520,2024,351479520,2,1,1,1,5,1,3,0,0,0,0,0,-1,9,E01018252,3,1,0.0,1.0,1
2021351016424,2021,351016424,1,1,3,1,24,5,3,9,5,0,0,0,0,7,E01032797,3,1,0.0,1.0,-1
2021351068856,2021,351068856,2,1,1,2,31,6,2,0,0,0,0,0,1,8,E01018242,7,1,1.0,0.0,-1
2023351335872,2023,351335872,3,1,1,1,52,8,3,0,0,0,0,0,9,6,E01026436,3,1,0.0,1.0,-1
2024351537527,2024,351537527,3,1,2,2,36,7,2,0,0,1,0,0,9,10,E01035555,7,1,1.0,0.0,1
2024351488861,2024,351488861,3,1,1,2,35,6,3,0,0,0,0,0,9,3,E01017952,3,1,0.0,1.0,1
2024351546035,2024,351546035,2,1,1,2,70,10,3,0,0,0,0,0,1,10,E01018260,3,1,0.0,1.0,1
2023351361153,2023,351361153,1,1,1,2,41,7,3,0,0,0,0,0,1,4,E01017953,3,1,0.0,1.0,-1
2023351375167,2023,351375167,2,1,1,2,68,10,2,0,0,0,0,0,1,7,E01032795,7,1,1.0,0.0,-1
2021351056016,2021,351056016,1,1,1,2,24,5,3,0,0,0,0,0,1,9,E01017958,3,1,0.0,1.0,-1
2020350927669,2020,350927669,2,1,1,2,31,6,3,0,0,0,0,0,1,2,E01017946,3,1,0.0,1.0,-1
2024351507363,2024,351507363,1,1,3,1,43,7,3,6,9,0,0,-1,0,3,E01017978,3,1,0.0,1.0,1
2020350955396,2020,350955396,2,2,2,1,6,2,3,0,0,0,0,0,1,8,E01018001,3,1,0.0,1.0,-1
2021351073651,2021,351073651,1,1,1,2,23,5,3,0,0,0,0,0,9,10,E01018274,3,1,0.0,1.0,-1
2020350956885,2020,350956885,1,1,2,2,30,6,2,0,0,2,0,0,9,7,E01017994,7,1,1.0,0.0,-1
2022351235167,2022,351235167,1,3,2,2,20,4,2,0,0,2,0,0,9,5,E01017972,6,1,1.0,0.0,-1
2020351005425,2020,351005425,1,1,1,1,68,10,3,0,0,0,0,0,5,7,E01017994,3,1,0.0,1.0,-1
2022351170596,2022,351170596,2,1,1,1,33,6,3,0,0,0,0,0,1,9,E01017998,3,1,0.0,1.0,-1
2023351391032,2023,351391032,1,2,1,1,73,10,3,0,0,0,0,0,9,9,E01018231,3,1,0.0,1.0,-1
2022351208469,2022,351208469,2,1,1,2,39,7,3,0,0,0,0,0,1,5,E01017974,3,1,0.0,1.0,-1
2024351448986,2024,351448986,2,1,1,2,43,7,3,0,0,0,0,0,9,5,E01017991,3,1,0.0,1.0,1
2023351278410,2023,351278410,3,3,1,2,33,6,3,0,0,0,0,0,9,-1,-1,3,1,0.0,1.0,-1
2021351040569,2021,351040569,1,2,2,2,45,7,3,0,0,1,0,0,9,9,E01017389,3,1,0.0,1.0,-1
2023351320771,2023,351320771,2,2,1,1,64,9,3,0,0,0,0,0,9,10,E01030045,3,1,0.0,1.0,-1
2024351403952,2024,351403952,1,1,1,1,29,6,3,0,0,0,0,0,3,7,E01018286,3,1,0.0,1.0,1
2024351457119,2024,351457119,1,1,2,1,19,4,3,0,0,2,0,0,9,3,E01013626,3,1,0.0,1.0,4
2021351048743,2021,351048743,2,1,2,2,6,2,3,0,0,-1,0,0,9,8,E01017983,3,1,0.0,1.0,-1
2023351339335,2023,351339335,1,1,1,2,28,6,2,0,0,0,0,0,9,3,E01017944,5,1,1.0,0.0,-1
2024351531120,2024,351531120,2,1,1,2,46,8,3,0,0,0,0,0,1,10,E01017955,3,1,0.0,1.0,1
2024351534060,2024,351534060,1,1,1,2,69,10,3,0,0,0,0,0,9,3,E01017979,3,1,0.0,1.0,1
2020351004306,2020,351004306,1,1,1,2,36,7,3,0,0,0,0,0,9,7,E01017965,3,1,0.0,1.0,-1
2020350952664,2020,350952664,2,1,1,1,19,4,3,0,0,0,0,0,1,10,E01018244,3,1,0.0,1.0,-1
2021351044152,2021,351044152,1,1,1,2,37,7,3,0,0,0,0,0,1,10,E01018288,3,1,0.0,1.0,-1
2022351141742,2022,351141742,2,1,1,2,52,8,3,0,0,0,0,0,9,3,E01017977,3,1,0.0,1.0,-1
2020350931311,2020,350931311,1,1,1,1,32,6,3,0,0,0,0,0,1,5,E01017991,3,1,0.0,1.0,-1
2022351245240,2022,351245240,2,1,1,2,23,5,3,0,0,0,0,0,1,8,E01018001,3,1,0.0,1.0,-1
2022351131067,2022,351131067,2,1,1,2,57,9,3,0,0,0,0,0,1,9,E01032792,3,1,0.0,1.0,-1
2021351091049,2021,351091049,1,1,1,1,48,8,3,0,0,0,0,0,5,5,E01017960,3,1,0.0,1.0,-1
2021351110132,2021,351110132,2,2,1,1,20,4,3,0,0,0,0,0,9,3,E01017944,3,1,0.0,1.0,-1
2022351200185,2022,351200185,2,1,1,1,19,4,3,0,0,0,0,0,3,9,E01018287,3,1,0.0,1.0,-1
2020351000316,2020,351000316,1,1,1,1,44,7,3,0,0,0,0,0,3,6,E01017943,3,1,0.0,1.0,-1
2023351393010,2023,351393010,1,1,1,2,29,6,2,0,0,0,0,0,1,3,E01017944,5,1,1.0,0.0,-1
2021351106015,2021,351106015,2,2,1,2,60,9,2,0,0,0,0,0,9,7,E01018057,6,1,1.0,0.0,-1
2020350920094,2020,350920094,2,2,2,2,51,8,3,0,0,1,0,0,9,7,E01017980,3,1,0.0,1.0,-1
2022351261359,2022,351261359,2,2,1,2,52,8,3,0,0,0,0,0,9,10,E01017995,3,1,0.0,1.0,-1
2023351363382,2023,351363382,2,3,2,1,11,3,3,0,0,1,0,0,9,9,E01018231,3,1,0.0,1.0,-1
2021351026810,2021,351026810,1,2,2,2,46,8,3,0,0,1,0,0,9,5,E01018047,3,1,0.0,1.0,-1
2021351108146,2021,351108146,2,1,1,2,30,6,2,0,0,0,0,0,1,8,E01017956,7,1,1.0,0.0,-1
2023351301186,2023,351301186,2,1,1,2,29,6,3,0,0,0,0,0,1,8,E01018003,3,1,0.0,1.0,-1
2020350985144,2020,350985144,1,1,1,1,16,4,2,0,0,0,0,0,5,2,E01017946,5,1,1.0,0.0,-1
2024351473736,2024,351473736,2,1,1,1,58,9,2,0,0,0,0,0,1,7,E01035523,5,1,1.0,0.0,2
2020350963239,2020,350963239,2,1,1,2,25,5,3,0,0,0,0,0,1,6,E01033121,3,1,0.0,1.0,-1
2024351493346,2024,351493346,2,1,1,2,42,7,3,0,0,0,0,0,3,10,E01018235,3,1,0.0,1.0,3
2021351048743,2021,351048743,2,2,1,2,35,6,3,0,0,0,0,0,9,8,E01017983,3,1,0.0,1.0,-1
2021351138708,2021,351138708,2,1,1,2,61,9,2,0,0,0,0,0,1,5,E01018273,5,1,1.0,0.0,-1
2022351231265,2022,351231265,1,1,1,1,-1,-1,3,0,0,0,0,0,1,-1,-1,3,1,0.0,1.0,-1
2020350984921,2020,350984921,2,2,1,2,32,6,3,0,0,0,0,0,9,8,E01033118,3,1,0.0,1.0,-1
2022351134491,2022,351134491,1,1,1,1,32,6,3,0,0,0,0,0,19,6,E01018281,3,1,0.0,1.0,-1
2024351564084,2024,351564084,2,1,2,2,36,7,3,0,0,2,0,0,9,8,E01017983,3,1,0.0,1.0,2
2022351178247,2022,351178247,2,1,1,1,24,5,3,0,0,0,0,0,3,5,E01017997,3,1,0.0,1.0,-1
2022351242848,2022,351242848,2,1,1,2,24,5,3,0,0,0,0,0,9,7,E01017976,3,1,0.0,1.0,-1
2024351562157,2024,351562157,1,1,1,1,47,8,3,0,0,0,0,0,9,4,E01015623,3,1,0.0,1.0,4
2022351141694,2022,351141694,1,1,1,1,28,6,3,0,0,0,0,0,9,8,E01018286,3,1,0.0,1.0,-1
2020350990550,2020,350990550,2,2,1,1,40,7,3,0,0,0,0,0,9,8,E01018001,3,1,0.0,1.0,-1
2024351423595,2024,351423595,2,1,1,1,14,3,2,0,0,0,0,0,1,3,E01017952,7,1,1.0,0.0,1
2022351185343,2022,351185343,2,1,1,1,39,7,3,0,0,0,0,0,19,9,E01018298,3,1,0.0,1.0,-1
2024351484175,2024,351484175,1,1,1,1,56,9,2,0,0,0,0,0,3,9,E01018034,7,1,1.0,0.0,3
2024351465661,2024,351465661,1,1,1,2,18,4,3,0,0,0,0,0,9,9,E01018231,3,1,0.0,1.0,3
2024351495357,2024,351495357,1,1,1,1,23,5,2,0,0,0,0,0,1,5,E01017967,7,1,1.0,0.0,1
2024351516322,2024,351516322,2,1,1,2,29,6,3,0,0,0,0,0,-1,10,E01018251,3,1,0.0,1.0,2
2024351447676,2024,351447676,2,1,1,1,42,7,2,0,0,0,0,0,1,3,E01017978,6,1,1.0,0.0,1
2023351383857,2023,351383857,1,2,2,2,26,6,3,0,0,0,3,0,11,9,E01017988,3,1,0.0,1.0,-1
2020350991160,2020,350991160,2,1,1,2,58,9,3,0,0,0,0,0,9,2,E01024315,3,1,0.0,1.0,-1
2022351259385,2022,351259385,2,1,1,1,43,7,2,0,0,0,0,0,-1,8,E01018003,7,1,1.0,0.0,-1
2022351136689,2022,351136689,1,1,1,1,29,6,3,0,0,0,0,0,9,5,E01018017,3,1,0.0,1.0,-1
2021351020823,2021,351020823,1,1,1,1,32,6,3,0,0,0,0,0,4,5,E01017949,3,1,0.0,1.0,-1
2022351239253,2022,351239253,1,1,1,1,53,8,3,0,0,0,0,0,3,6,E01018016,3,1,0.0,1.0,-1
2023351383331,2023,351383331,2,1,1,1,32,6,2,0,0,0,0,0,3,9,E01022073,7,1,1.0,0.0,-1
2020351008280,2020,351008280,2,1,1,2,54,8,2,0,0,0,0,0,1,6,E01017962,6,1,1.0,0.0,-1
2020350952269,2020,350952269,2,1,1,1,50,8,3,0,0,0,0,0,1,8,E01018225,3,1,0.0,1.0,-1
2022351182073,2022,351182073,2,1,1,1,60,9,3,0,0,0,0,0,1,10,E01018265,3,1,0.0,1.0,-1
2020350953148,2020,350953148,1,1,3,1,53,8,3,9,9,0,0,0,0,4,E01017953,3,1,0.0,1.0,-1
2022351133421,2022,351133421,2,1,1,2,21,5,3,0,0,0,0,0,1,10,E01013088,3,1,0.0,1.0,-1
2021351110698,2021,351110698,2,1,1,2,27,6,3,0,0,0,0,0,1,8,E01017966,3,1,0.0,1.0,-1
2021351049649,2021,351049649,2,1,1,1,47,8,3,0,0,0,0,0,1,8,E01017950,3,1,0.0,1.0,-1
2020350968751,2020,350968751,1,1,2,1,48,8,3,0,0,-1,0,0,9,-1,-1,3,1,0.0,1.0,-1
2022351251194,2022,351251194,2,1,1,2,61,9,3,0,0,0,0,0,1,10,E01017995,3,1,0.0,1.0,-1
2024351468339,2024,351468339,1,1,1,1,32,6,3,0,0,0,0,0,9,8,E01018242,3,1,0.0,1.0,1
2020350926917,2020,350926917,1,1,2,1,-1,-1,3,0,0,1,0,0,9,5,E01018051,3,1,0.0,1.0,-1
2020350968305,2020,350968305,1,1,2,1,38,7,2,0,0,1,0,0,9,-1,-1,7,1,1.0,0.0,-1
2020350963454,2020,350963454,1,1,3,2,5,1,3,1,9,0,0,-1,0,5,E01017991,3,1,0.0,1.0,-1
2022351251258,2022,351251258,2,1,1,1,29,6,2,0,0,0,0,0,1,6,E01017973,7,1,1.0,0.0,-1
2023351325719,2023,351325719,2,1,1,1,37,7,3,0,0,0,0,0,1,10,E01017955,3,1,0.0,1.0,-1
2023351273768,2023,351273768,2,1,1,1,22,5,3,0,0,0,0,0,1,7,E01015946,3,1,0.0,1.0,-1
2021351097607,2021,351097607,2,1,1,1,33,6,3,0,0,0,0,0,1,4,E01017953,3,1,0.0,1.0,-1
2021351020651,2021,351020651,1,1,1,1,28,6,3,0,0,0,0,0,3,2,E01017946,3,1,0.0,1.0,-1
2022351218415,2022,351218415,2,2,1,1,35,6,3,0,0,0,0,0,19,8,E01023656,3,1,0.0,1.0,-1
2020350959918,2020,350959918,2,1,1,2,48,8,3,0,0,0,0,0,1,10,E01018249,3,1,0.0,1.0,-1
2020350936956,2020,350936956,1,1,3,2,84,11,2,5,1,0,0,0,0,8,E01018224,6,1,1.0,0.0,-1
2021351097523,2021,351097523,2,1,1,2,20,4,2,0,0,0,0,0,1,9,E01017958,7,1,1.0,0.0,-1
2024351454382,2024,351454382,2,1,1,1,34,6,3,0,0,0,0,0,1,3,E01017975,3,1,0.0,1.0,1
2020350920094,2020,350920094,2,1,1,2,27,6,3,0,0,0,0,0,9,7,E01017980,3,1,0.0,1.0,-1
2023351321139,2023,351321139,1,1,2,1,16,4,3,0,0,2,0,0,9,7,E01027023,3,1,0.0,1.0,-1
2024351399004,2024,351399004,1,1,1,1,17,4,2,0,0,0,0,0,3,10,E01018232,6,1,1.0,0.0,1
2024351412335,2024,351412335,2,1,1,1,39,7,3,0,0,0,0,0,1,10,E01017955,3,1,0.0,1.0,1
2024351522178,2024,351522178,2,1,1,1,41,7,3,0,0,0,0,0,9,5,E01035531,3,1,0.0,1.0,4
2020350983676,2020,350983676,2,1,1,2,28,6,3,0,0,0,0,0,1,8,E01018257,3,1,0.0,1.0,-1
2022351237447,2022,351237447,1,1,1,1,24,5,3,0,0,0,0,0,1,8,E01017956,3,1,0.0,1.0,-1
2022351253344,2022,351253344,2,1,2,2,44,7,3,0,0,1,0,0,9,-1,-1,3,1,0.0,1.0,-1
2022351245648,2022,351245648,2,1,1,1,22,5,3,0,0,0,0,0,1,10,E01017955,3,1,0.0,1.0,-1
2021351047626,2021,351047626,1,1,1,2,40,7,2,0,0,0,0,0,9,8,E01029942,7,1,1.0,0.0,-1
2024351529538,2024,351529538,1,1,1,1,23,5,2,0,0,0,0,0,3,5,E01033121,6,1,1.0,0.0,1
2023351376703,2023,351376703,2,3,2,2,54,8,3,0,0,1,0,0,9,8,E01033118,3,1,0.0,1.0,-1
2022351190215,2022,351190215,1,1,1,1,32,6,3,0,0,0,0,0,9,-1,-1,3,1,0.0,1.0,-1
2023351276185,2023,351276185,1,1,3,2,62,9,3,6,9,0,0,0,0,9,E01018006,3,1,0.0,1.0,-1
2021351111139,2021,351111139,2,1,1,1,40,7,3,0,0,0,0,0,1,7,E01018011,3,1,0.0,1.0,-1
2022351224907,2022,351224907,2,1,1,2,13,3,3,0,0,0,0,0,1,7,E01017980,3,1,0.0,1.0,-1
2022351262431,2022,351262431,2,1,1,1,40,7,3,0,0,0,0,0,1,3,E01029954,3,1,0.0,1.0,-1
2020350966724,2020,350966724,2,1,1,1,18,4,3,0,0,0,0,0,1,10,E01018237,3,1,0.0,1.0,-1
2024351397222,2024,351397222,1,1,1,1,42,7,3,0,0,0,0,0,1,5,E01017953,3,1,0.0,1.0,1
2023351364093,2023,351364093,2,1,1,1,42,7,3,0,0,0,0,0,8,8,E01033119,3,1,0.0,1.0,-1
2024351479603,2024,351479603,1,1,1,2,19,4,3,0,0,0,0,0,9,10,E01018232,3,1,0.0,1.0,2
2024351537117,2024,351537117,2,1,1,2,28,6,3,0,0,0,0,0,9,5,E01033121,3,1,0.0,1.0,1
2022351171288,2022,351171288,1,2,3,1,40,7,3,5,3,0,0,0,0,8,E01017987,3,1,0.0,1.0,-1
2022351174829,2022,351174829,2,1,1,1,29,6,2,0,0,0,0,0,5,8,E01033119,7,1,1.0,0.0,-1
2023351376703,2023,351376703,2,2,1,2,27,6,3,0,0,0,0,0,9,10,E01033114,3,1,0.0,1.0,-1
2020350916393,2020,350916393,2,1,1,1,36,7,3,0,0,0,0,0,1,6,E01018005,3,1,0.0,1.0,-1
2020350991115,2020,350991115,1,2,2,2,-1,-1,3,0,0,2,0,0,9,10,E01018232,3,1,0.0,1.0,-1
2024351427882,2024,351427882,1,3,2,1,23,5,3,0,0,1,0,0,9,10,E01017964,3,1,0.0,1.0,3
2024351472104,2024,351472104,2,1,1,1,44,7,3,0,0,0,0,0,1,9,E01035559,3,1,0.0,1.0,3
2020350968751,2020,350968751,1,2,3,1,15,3,3,9,7,0,0,0,0,2,E01009840,3,1,0.0,1.0,-1
2022351215630,2022,351215630,2,2,1,-1,58,9,3,0,0,0,0,0,9,6,E01018281,3,1,0.0,1.0,-1
2023351366540,2023,351366540,2,1,1,1,22,5,3,0,0,0,0,0,1,6,E01017943,3,1,0.0,1.0,-1
2021351014542,2021,351014542,2,1,1,2,48,8,2,0,0,0,0,0,1,10,E01017959,5,1,1.0,0.0,-1
2022351147108,2022,351147108,1,1,3,2,23,5,3,1,3,0,0,0,0,10,E01017959,3,1,0.0,1.0,-1
2022351209440,2022,351209440,2,1,1,1,-1,-1,3,0,0,0,0,0,1,7,E01032795,3,1,0.0,1.0,-1
2022351246677,2022,351246677,2,1,1,1,22,5,3,0,0,0,0,0,1,9,E01017988,3,1,0.0,1.0,-1
2021351129108,2021,351129108,1,2,2,2,73,10,3,0,0,1,0,0,9,9,E01018161,3,1,0.0,1.0,-1
2020351007138,2020,351007138,1,1,3,1,5,1,2,1,9,0,0,-1,0,7,E01018002,7,1,1.0,0.0,-1
2023351286650,2023,351286650,2,1,1,1,21,5,3,0,0,0,0,0,1,5,E01017997,3,1,0.0,1.0,-1
2024351400392,2024,351400392,1,1,1,1,26,6,3,0,0,0,0,0,3,6,E01017962,3,1,0.0,1.0,1
2022351238266,2022,351238266,1,1,1,1,16,4,2,0,0,0,0,0,1,10,E01017995,7,1,1.0,0.0,-1
2020350997300,2020,350997300,1,1,1,1,18,4,2,0,0,0,0,0,3,3,E01017979,7,1,1.0,0.0,-1
2022351161404,2022,351161404,2,1,1,1,29,6,3,0,0,0,0,0,1,7,E01017976,3,1,0.0,1.0,-1
2024351495346,2024,351495346,2,1,1,1,29,6,3,0,0,0,0,0,9,5,E01033121,3,1,0.0,1.0,1
2024351445155,2024,351445155,2,1,2,1,53,8,3,0,0,1,0,0,19,5,E01018233,3,1,0.0,1.0,3
2020350927887,2020,350927887,1,1,1,1,27,6,3,0,0,0,0,0,1,5,E01017960,3,1,0.0,1.0,-1
2023351374879,2023,351374879,1,1,1,2,79,11,2,0,0,0,0,0,9,9,E01017968,7,1,1.0,0.0,-1
2021351072532,2021,351072532,2,1,1,2,31,6,2,0,0,0,0,0,1,10,E01018249,7,1,1.0,0.0,-1
2024351541147,2024,351541147,1,1,3,2,60,9,3,6,9,0,0,-1,0,7,E01025130,3,1,0.0,1.0,5
2023351340343,2023,351340343,2,1,1,1,25,5,3,0,0,0,0,0,1,10,E01017959,3,1,0.0,1.0,-1
2023351315998,2023,351315998,2,1,1,1,26,6,3,0,0,0,0,0,1,9,E01018010,3,1,0.0,1.0,-1
2022351242554,2022,351242554,2,1,1,1,29,6,3,0,0,0,0,0,1,5,E01017974,3,1,0.0,1.0,-1
2023351318630,2023,351318630,2,1,2,2,1,1,3,0,0,2,0,0,9,2,E01026175,3,1,0.0,1.0,-1
2021351103023,2021,351103023,2,1,1,1,41,7,3,0,0,0,0,0,1,8,E01033115,3,1,0.0,1.0,-1
2024351537230,2024,351537230,1,1,3,1,14,3,2,4,1,0,0,-1,0,3,E01017975,7,1,1.0,0.0,1
2022351172212,2022,351172212,2,2,2,1,0,1,3,0,0,2,0,0,9,-1,-1,3,1,0.0,1.0,-1
2023351344324,2023,351344324,2,1,1,2,23,5,3,0,0,0,0,0,1,10,E01017985,3,1,0.0,1.0,-1
2022351167981,2022,351167981,1,1,3,1,37,7,3,5,1,0,0,-1,0,2,E01017946,3,1,0.0,1.0,-1
2022351131186,2022,351131186,1,1,3,1,31,6,2,5,9,0,0,-1,0,9,E01018054,7,1,1.0,0.0,-1
2022351130231,2022,351130231,2,1,1,1,41,7,3,0,0,0,0,0,9,10,E01018222,3,1,0.0,1.0,-1
2021351137178,2021,351137178,3,2,1,1,44,7,3,0,0,0,0,0,21,-1,-1,3,1,0.0,1.0,-1
2024351508579,2024,351508579,2,1,1,2,40,7,3,0,0,0,0,0,9,10,E01035555,3,1,0.0,1.0,3
2021351020584,2021,351020584,2,1,1,2,53,8,3,0,0,0,0,0,1,9,E01018006,3,1,0.0,1.0,-1
2024351526525,2024,351526525,2,1,1,2,32,6,3,0,0,0,0,0,1,9,E01018008,3,1,0.0,1.0,1
2020350943472,2020,350943472,1,1,1,2,42,7,3,0,0,0,0,0,9,10,E01018266,3,1,0.0,1.0,-1
2024351513109,2024,351513109,2,1,1,1,43,7,2,0,0,0,0,0,-1,3,E01017979,7,1,1.0,0.0,1
2021351068411,2021,351068411,1,1,3,2,-1,-1,3,10,9,0,0,0,0,-1,-1,3,1,0.0,1.0,-1
2021351077290,2021,351077290,1,1,1,1,91,11,3,0,0,0,0,0,9,9,E01018038,3,1,0.0,1.0,-1
2020350955333,2020,350955333,1,1,1,1,21,5,3,0,0,0,0,0,1,7,E01017965,3,1,0.0,1.0,-1
2020350958266,2020,350958266,1,1,1,1,28,6,3,0,0,0,0,0,1,5,E01017991,3,1,0.0,1.0,-1
2024351496667,2024,351496667,2,2,1,2,9,2,3,0,0,0,0,0,1,10,E01017955,3,1,0.0,1.0,1
2021351116142,2021,351116142,1,1,1,2,25,5,3,0,0,0,0,0,9,9,E01018278,3,1,0.0,1.0,-1
2022351236711,2022,351236711,2,1,1,1,29,6,2,0,0,0,0,0,1,2,E01017948,7,1,1.0,0.0,-1
2023351349960,2023,351349960,2,3,2,2,8,2,2,0,0,2,0,0,9,6,E01020529,5,1,1.0,0.0,-1
2022351218183,2022,351218183,1,1,1,1,62,9,3,0,0,0,0,0,9,10,E01018191,3,1,0.0,1.0,-1
2022351139722,2022,351139722,2,1,1,1,45,7,3,0,0,0,0,0,1,10,E01018007,3,1,0.0,1.0,-1
2023351333234,2023,351333234,2,1,1,1,-1,-1,3,0,0,0,0,0,-1,4,E01017947,3,1,0.0,1.0,-1
2023351358429,2023,351358429,1,1,3,2,18,4,2,4,1,0,0,0,0,7,E01018002,5,1,1.0,0.0,-1
2023351279146,2023,351279146,2,1,1,2,31,6,3,0,0,0,0,0,1,8,E01020504,3,1,0.0,1.0,-1
2020350980222,2020,350980222,2,1,1,1,35,6,2,0,0,0,0,0,1,5,E01017945,7,1,1.0,0.0,-1
2021351020630,2021,351020630,1,1,1,1,21,5,2,0,0,0,0,0,9,8,E01033119,7,1,1.0,0.0,-1
2020351001892,2020,351001892,1,1,3,1,43,7,2,1,9,0,0,0,0,7,E01017976,6,1,1.0,0.0,-1
2023351309227,2023,351309227,2,3,2,2,77,11,2,0,0,1,0,0,9,9,E01018032,6,1,1.0,0.0,-1
2022351148255,2022,351148255,1,3,2,1,26,6,3,0,0,2,0,0,9,-1,-1,3,1,0.0,1.0,-1
2021351064259,2021,351064259,1,1,1,1,18,4,2,0,0,0,0,0,1,9,E01018231,5,1,1.0,0.0,-1
2024351442582,2024,351442582,1,1,1,2,36,7,3,0,0,0,0,0,9,5,E01029953,3,1,0.0,1.0,3
2021351133514,2021,351133514,2,1,1,1,50,8,3,0,0,0,0,0,1,9,E01018298,3,1,0.0,1.0,-1
2022351214335,2022,351214335,2,2,1,1,51,8,3,0,0,0,0,0,9,9,E01018231,3,1,0.0,1.0,-1
2020350936976,2020,350936976,2,1,1,1,60,9,3,0,0,0,0,0,1,8,E01017992,3,1,0.0,1.0,-1
2024351423618,2024,351423618,2,1,1,1,25,5,3,0,0,0,0,0,1,10,E01018234,3,1,0.0,1.0,2
2024351541885,2024,351541885,2,2,1,1,-1,-1,3,0,0,0,0,0,1,-1,-1,3,1,0.0,1.0,-1
2024351479645,2024,351479645,1,1,1,1,62,9,2,0,0,0,0,0,3,5,E01017947,5,1,1.0,0.0,1
2023351369022,2023,351369022,1,1,3,1,-1,-1,3,5,9,0,0,0,0,-1,-1,3,1,0.0,1.0,-1
2022351216611,2022,351216611,1,1,1,1,54,8,3,0,0,0,0,0,5,4,E01026646,3,1,0.0,1.0,-1
2024351409301,2024,351409301,2,1,1,2,40,7,2,0,0,0,0,0,1,10,E01018256,7,1,1.0,0.0,1
2024351502467,2024,351502467,2,1,1,2,30,6,3,0,0,0,0,0,9,6,-1,3,1,0.0,1.0,5
2024351541658,2024,351541658,2,1,1,1,29,6,2,0,0,0,0,0,3,6,E01017994,7,1,1.0,0.0,1
2023351267493,2023,351267493,2,1,1,2,40,7,2,0,0,0,0,0,1,10,E01017955,7,1,1.0,0.0,-1
2020350959109,2020,350959109,2,1,1,2,36,7,3,0,0,0,0,0,9,9,E01018298,3,1,0.0,1.0,-1
2024351510976,2024,351510976,2,1,1,1,20,4,3,0,0,0,0,0,3,8,E01018136,3,1,0.0,1.0,4
2020350974103,2020,350974103,1,1,3,1,3,1,2,5,1,0,0,0,0,5,E01017997,7,1,1.0,0.0,-1
2023351347225,2023,351347225,1,1,1,1,24,5,3,0,0,0,0,0,9,8,E01017989,3,1,0.0,1.0,-1
2022351143810,2022,351143810,1,1,1,1,22,5,3,0,0,0,0,0,9,8,E01023656,3,1,0.0,1.0,-1
2024351412301,2024,351412301,2,1,1,1,45,7,3,0,0,0,0,0,19,2,E01027942,3,1,0.0,1.0,5
2021351095404,2021,351095404,2,1,1,1,21,5,3,0,0,0,0,0,-1,3,E01033092,3,1,0.0,1.0,-1
2023351344744,2023,351344744,2,1,1,1,37,7,3,0,0,0,0,0,9,3,E01017971,3,1,0.0,1.0,-1
2021351020325,2021,351020325,1,1,2,1,45,7,3,0,0,2,0,0,9,5,E01018041,3,1,0.0,1.0,-1
2020350926172,2020,350926172,2,1,1,1,-1,-1,3,0,0,0,0,0,1,7,E01018002,3,1,0.0,1.0,-1
2021351059231,2021,351059231,2,1,1,1,35,6,3,0,0,0,0,0,1,3,E01017975,3,1,0.0,1.0,-1
2023351306117,2023,351306117,1,1,3,1,5,1,3,9,3,0,0,-1,0,5,E01017960,3,1,0.0,1.0,-1
2022351192489,2022,351192489,2,1,1,2,29,6,3,0,0,0,0,0,1,10,E01023476,3,1,0.0,1.0,-1
2023351400301,2023,351400301,2,1,1,2,53,8,3,0,0,0,0,0,9,7,E01018002,3,1,0.0,1.0,-1
2022351218379,2022,351218379,2,2,2,2,-1,-1,3,0,0,1,0,0,9,-1,-1,3,1,0.0,1.0,-1
2023351393010,2023,351393010,1,2,3,1,23,5,2,5,1,0,0,0,0,7,E01032795,7,1,1.0,0.0,-1
2020350984345,2020,350984345,1,1,1,2,29,6,3,0,0,0,0,0,1,-1,-1,3,1,0.0,1.0,-1
2022351265862,2022,351265862,2,2,1,2,31,6,3,0,0,0,0,0,9,10,E01018007,3,1,0.0,1.0,-1
2020350929066,2020,350929066,2,1,1,1,43,7,3,0,0,0,0,0,1,9,E01018298,3,1,0.0,1.0,-1
2024351403801,2024,351403801,1,1,1,1,55,8,2,0,0,0,0,0,1,3,E01017978,5,1,1.0,0.0,1
2022351251263,2022,351251263,2,1,1,2,29,6,3,0,0,0,0,0,1,8,E01018286,3,1,0.0,1.0,-1
2023351365859,2023,351365859,1,1,2,2,3,1,3,0,0,2,0,0,9,-1,-1,3,1,0.0,1.0,-1
2022351196112,2022,351196112,1,1,1,1,62,9,1,0,0,0,0,0,9,10,E01018237,1,1,0.0,0.0,-1
2024351493591,2024,351493591,1,6,1,2,36,7,3,0,0,0,0,0,9,7,E01028255,3,1,0.0,1.0,5
2024351476845,2024,351476845,2,1,1,2,25,5,3,0,0,0,0,0,9,10,E01018013,3,1,0.0,1.0,2
2021351030734,2021,351030734,1,2,2,2,2,1,3,0,0,2,0,0,9,10,E01018251,3,1,0.0,1.0,-1
2022351130929,2022,351130929,2,1,1,1,15,3,3,0,0,0,0,0,1,2,E01017948,3,1,0.0,1.0,-1
2020350970607,2020,350970607,2,2,2,2,5,1,3,0,0,2,0,0,9,8,E01018238,3,1,0.0,1.0,-1
2021351059580,2021,351059580,1,1,3,1,22,5,2,1,1,0,0,0,0,-1,-1,7,1,1.0,0.0,-1
2023351318599,2023,351318599,2,2,2,1,31,6,2,0,0,1,0,0,9,3,E01026983,7,1,1.0,0.0,-1
2023351356003,2023,351356003,2,1,1,1,24,5,2,0,0,0,0,0,1,9,E01018010,7,1,1.0,0.0,-1
2021351034034,2021,351034034,2,1,1,1,23,5,3,0,0,0,0,0,1,6,E01017961,3,1,0.0,1.0,-1
2023351368926,2023,351368926,1,1,1,1,30,6,3,0,0,0,0,0,1,3,E01017978,3,1,0.0,1.0,-1
2024351490041,2024,351490041,2,1,1,1,9,2,3,0,0,0,0,0,1,7,E01018000,3,1,0.0,1.0,1
2021351086326,2021,351086326,1,1,3,2,80,11,2,10,9,0,0,0,0,8,E01017992,7,1,1.0,0.0,-1
2021351036165,2021,351036165,2,1,1,1,39,7,3,0,0,0,0,0,1,5,E01017991,3,1,0.0,1.0,-1
2023351367576,2023,351367576,1,1,3,1,31,6,2,5,7,0,0,0,0,10,E01017986,7,1,1.0,0.0,-1
2024351510253,2024,351510253,1,1,1,1,49,8,3,0,0,0,0,0,9,10,E01021739,3,1,0.0,1.0,4
2021351064130,2021,351064130,2,2,1,1,38,7,3,0,0,0,0,0,1,5,E01032802,3,1,0.0,1.0,-1
2023351386620,2023,351386620,2,1,1,2,61,9,3,0,0,0,0,0,1,6,E01017962,3,1,0.0,1.0,-1
2024351398889,2024,351398889,1,1,1,1,29,6,3,0,0,0,0,0,9,5,E01018233,3,1,0.0,1.0,2
2023351363430,2023,351363430,2,1,1,1,15,3,3,0,0,0,0,0,1,9,E01017988,3,1,0.0,1.0,-1
2023351273193,2023,351273193,1,1,1,1,41,7,3,0,0,0,0,0,5,10,E01018055,3,1,0.0,1.0,-1
2023351363906,2023,351363906,1,1,1,1,19,4,2,0,0,0,0,0,9,10,E01018222,6,1,1.0,0.0,-1
2024351398439,2024,351398439,1,1,1,1,19,4,3,0,0,0,0,0,-1,7,E01035522,3,1,0.0,1.0,1
2024351448870,2024,351448870,2,1,1,2,55,8,2,0,0,0,0,0,1,8,E01018257,7,1,1.0,0.0,2
2022351280129,2022,351280129,2,2,1,2,25,5,2,0,0,0,0,0,9,9,E01018181,7,1,1.0,0.0,-1
2021351128179,2021,351128179,2,1,1,1,55,8,2,0,0,0,0,0,1,3,E01017971,7,1,1.0,0.0,-1
2022351171048,2022,351171048,2,1,1,2,60,9,3,0,0,0,0,0,1,10,E01018248,3,1,0.0,1.0,-1
2021351114460,2021,351114460,2,1,1,2,53,8,2,0,0,0,0,0,1,7,E01018218,7,1,1.0,0.0,-1
2024351430013,2024,351430013,2,1,1,1,29,6,3,0,0,0,0,0,1,7,E01018279,3,1,0.0,1.0,3
2021351039677,2021,351039677,2,2,2,2,25,5,3,0,0,1,0,0,9,6,E01017967,3,1,0.0,1.0,-1
2022351172749,2022,351172749,2,1,1,2,38,7,3,0,0,0,0,0,90,10,E01018262,3,1,0.0,1.0,-1
2021351081559,2021,351081559,2,1,1,2,-1,-1,3,0,0,0,0,0,1,-1,-1,3,1,0.0,1.0,-1
2020350977946,2020,350977946,2,1,1,1,54,8,2,0,0,0,0,0,9,6,E01017962,5,1,1.0,0.0,-1
2022351176258,2022,351176258,1,1,3,1,42,7,3,9,5,0,0,0,0,5,E01026693,3,1,0.0,1.0,-1
2021351079958,2021,351079958,2,1,2,2,34,6,3,0,0,2,0,0,9,5,E01017945,3,1,0.0,1.0,-1
2024351448805,2024,351448805,1,1,1,1,19,4,2,0,0,0,0,0,3,6,E01017962,7,1,1.0,0.0,1
2020350949385,2020,350949385,2,1,1,2,44,7,2,0,0,0,0,0,1,10,E01018262,7,1,1.0,0.0,-1
2022351250487,2022,351250487,2,2,1,1,-1,-1,3,0,0,0,0,0,2,-1,-1,3,1,0.0,1.0,-1
2024351498240,2024,351498240,2,1,1,1,17,4,3,0,0,0,0,0,1,8,E01035511,3,1,0.0,1.0,1
2023351377456,2023,351377456,1,1,1,1,21,5,3,0,0,0,0,0,5,5,E01007953,3,1,0.0,1.0,-1
2023351366550,2023,351366550,2,1,1,2,36,7,2,0,0,0,0,0,1,2,E01017946,6,1,1.0,0.0,-1
2022351264286,2022,351264286,1,1,1,1,14,3,2,0,0,0,0,0,3,6,E01017962,6,1,1.0,0.0,-1
2024351428241,2024,351428241,2,1,1,1,30,6,3,0,0,0,0,0,5,7,E01018053,3,1,0.0,1.0,3
2024351422777,2024,351422777,1,2,3,1,2,1,3,6,9,0,0,-1,0,5,E01017947,3,1,0.0,1.0,1
2023351326124,2023,351326124,2,1,1,1,26,6,3,0,0,0,0,0,1,8,E01017987,3,1,0.0,1.0,-1
2022351203015,2022,351203015,2,2,1,2,31,6,3,0,0,0,0,0,9,8,E01033119,3,1,0.0,1.0,-1
2023351363457,2023,351363457,2,1,1,1,27,6,3,0,0,0,0,0,3,3,E01017971,3,1,0.0,1.0,-1
2024351508040,2024,351508040,1,1,1,1,47,8,3,0,0,0,0,0,9,6,E01021971,3,1,0.0,1.0,4
2020350929026,2020,350929026,2,2,1,1,63,9,3,0,0,0,0,0,9,10,E01018305,3,1,0.0,1.0,-1
2021351110580,2021,351110580,2,2,1,2,58,9,3,0,0,0,0,0,9,10,E01018222,3,1,0.0,1.0,-1
2020350918411,2020,350918411,1,1,1,1,63,9,3,0,0,0,0,0,1,8,E01018000,3,1,0.0,1.0,-1
2021351118676,2021,351118676,2,1,1,2,55,8,2,0,0,0,0,0,1,8,E01017992,7,1,1.0,0.0,-1
2020350930428,2020,350930428,2,1,1,2,23,5,3,0,0,0,0,0,1,9,E01017958,3,1,0.0,1.0,-1
2020350990174,2020,350990174,2,2,2,1,52,8,3,0,0,1,0,0,9,10,E01018252,3,1,0.0,1.0,-1
2024351396344,2024,351396344,2,1,1,2,64,9,3,0,0,0,0,0,9,5,E01017953,3,1,0.0,1.0,2
2024351452465,2024,351452465,2,1,1,2,33,6,3,0,0,0,0,0,1,3,E01017971,3,1,0.0,1.0,1
2020351003812,2020,351003812,1,1,1,1,75,10,3,0,0,0,0,0,9,10,E01018237,3,1,0.0,1.0,-1
2024351404862,2024,351404862,2,1,1,1,53,8,3,0,0,0,0,0,9,7,E01016820,3,1,0.0,1.0,4
2022351165292,2022,351165292,2,1,1,2,18,4,3,0,0,0,0,0,1,9,E01017968,3,1,0.0,1.0,-1
2023351372000,2023,351372000,1,1,1,1,21,5,3,0,0,0,0,0,9,6,E01025456,3,1,0.0,1.0,-1
2021351083531,2021,351083531,2,1,1,2,-1,-1,3,0,0,0,0,0,1,4,E01017953,3,1,0.0,1.0,-1
2022351240850,2022,351240850,1,1,1,1,18,4,3,0,0,0,0,0,1,10,E01018266,3,1,0.0,1.0,-1
2021351070571,2021,351070571,2,2,1,2,37,7,3,0,0,0,0,0,9,8,E01018003,3,1,0.0,1.0,-1
2023351345219,2023,351345219,2,1,1,1,21,5,3,0,0,0,0,0,1,7,E01032797,3,1,0.0,1.0,-1
2023351279242,2023,351279242,2,1,2,1,55,8,3,0,0,0,0,0,19,10,E01018266,3,1,0.0,1.0,-1
2022351201569,2022,351201569,2,1,1,1,28,6,3,0,0,0,0,0,-1,6,E01017951,3,1,0.0,1.0,-1
2021351058834,2021,351058834,2,1,1,1,14,3,3,0,0,0,0,0,1,8,E01018003,3,1,0.0,1.0,-1
2023351301533,2023,351301533,1,1,1,1,19,4,3,0,0,0,0,0,3,8,E01018003,3,1,0.0,1.0,-1
2021351130608,2021,351130608,2,1,1,1,20,4,3,0,0,0,0,0,3,5,E01018273,3,1,0.0,1.0,-1
2021351063732,2021,351063732,2,1,1,2,17,4,2,0,0,0,0,0,1,6,E01017999,7,1,1.0,0.0,-1
2020350970035,2020,350970035,2,1,1,1,14,3,3,0,0,0,0,0,1,7,E01018002,3,1,0.0,1.0,-1
2023351324062,2023,351324062,2,1,1,1,-1,-1,3,0,0,0,0,0,1,8,E01018003,3,1,0.0,1.0,-1
2020350992477,2020,350992477,1,1,1,1,42,7,3,0,0,0,0,0,3,5,E01018009,3,1,0.0,1.0,-1
2023351347088,2023,351347088,1,2,2,2,33,6,3,0,0,2,0,0,8,5,E01029955,3,1,0.0,1.0,-1
2023351402864,2023,351402864,2,1,1,1,31,6,3,0,0,0,0,0,3,9,E01017993,3,1,0.0,1.0,-1
2023351388705,2023,351388705,2,1,1,2,41,7,3,0,0,0,0,0,9,8,E01018003,3,1,0.0,1.0,-1
2024351500626,2024,351500626,2,1,1,1,31,6,3,0,0,0,0,0,1,8,E01018287,3,1,0.0,1.0,1
2022351251249,2022,351251249,2,1,1,1,31,6,3,0,0,0,0,0,1,8,E01018001,3,1,0.0,1.0,-1
2020350963311,2020,350963311,2,1,1,1,47,8,3,0,0,0,0,0,1,8,E01017990,3,1,0.0,1.0,-1
2021351110132,2021,351110132,1,1,1,2,63,9,2,0,0,0,0,0,9,5,E01017997,6,1,1.0,0.0,-1
2023351345047,2023,351345047,2,1,1,1,43,7,3,0,0,0,0,0,9,6,E01017973,3,1,0.0,1.0,-1
2020350925143,2020,350925143,1,1,1,1,14,3,3,0,0,0,0,0,1,8,E01017992,3,1,0.0,1.0,-1
2021351094983,2021,351094983,2,1,1,1,24,5,3,0,0,0,0,0,4,6,E01018005,3,1,0.0,1.0,-1
2024351440792,2024,351440792,3,2,1,2,54,8,3,0,0,0,0,0,9,4,E01018044,3,1,0.0,1.0,4
2022351242767,2022,351242767,1,1,1,1,24,5,3,0,0,0,0,0,3,5,E01018273,3,1,0.0,1.0,-1
2021351052230,2021,351052230,2,1,1,1,54,8,3,0,0,0,0,0,3,7,E01017457,3,1,0.0,1.0,-1
2023351345484,2023,351345484,2,2,2,1,62,9,3,0,0,1,0,0,9,7,E01018220,3,1,0.0,1.0,-1
2022351207041,2022,351207041,1,1,1,1,36,7,3,0,0,0,0,0,9,3,E01026033,3,1,0.0,1.0,-1
2021351097848,2021,351097848,1,1,2,2,-1,-1,3,0,0,0,-1,0,11,-1,-1,3,1,0.0,1.0,-1
2024351537544,2024,351537544,2,1,1,1,51,8,3,0,0,0,0,0,1,5,E01033121,3,1,0.0,1.0,1
2020350936826,2020,350936826,1,2,2,1,23,5,3,0,0,1,0,0,9,10,E01018252,3,1,0.0,1.0,-1
2022351239344,2022,351239344,1,1,1,2,45,7,3,0,0,0,0,0,9,7,E01018294,3,1,0.0,1.0,-1
2020350938822,2020,350938822,1,1,1,2,29,6,3,0,0,0,0,0,19,7,E01017994,3,1,0.0,1.0,-1
2020350979773,2020,350979773,2,1,1,2,21,5,3,0,0,0,0,0,1,8,E01017990,3,1,0.0,1.0,-1
2021351129108,2021,351129108,1,1,1,1,64,9,3,0,0,0,0,0,9,9,E01018161,3,1,0.0,1.0,-1
2023351306697,2023,351306697,2,1,1,1,19,4,3,0,0,0,0,0,4,10,E01018007,3,1,0.0,1.0,-1
2024351434650,2024,351434650,2,1,1,1,30,6,3,0,0,0,0,0,-1,10,E01018256,3,1,0.0,1.0,1
2024351538022,2024,351538022,2,1,1,2,31,6,3,0,0,0,0,0,9,4,E01029927,3,1,0.0,1.0,4
2024351452924,2024,351452924,1,1,1,1,30,6,3,0,0,0,0,0,3,7,E01018286,3,1,0.0,1.0,1
2024351398371,2024,351398371,2,1,1,1,43,7,3,0,0,0,0,0,1,7,E01017989,3,1,0.0,1.0,1
2020350922100,2020,350922100,2,1,1,2,39,7,3,0,0,0,0,0,1,6,E01017973,3,1,0.0,1.0,-1
2021351040409,2021,351040409,1,1,1,2,22,5,3,0,0,0,0,0,9,9,E01018254,3,1,0.0,1.0,-1
2024351537155,2024,351537155,2,1,1,1,27,6,3,0,0,0,0,0,3,5,E01017999,3,1,0.0,1.0,1
2023351316447,2023,351316447,2,1,1,2,44,7,3,0,0,0,0,0,1,7,E01017994,3,1,0.0,1.0,-1
2021351072664,2021,351072664,1,1,1,2,20,4,3,0,0,0,0,0,3,3,E01017975,3,1,0.0,1.0,-1
2023351264422,2023,351264422,2,1,1,2,18,4,3,0,0,0,0,0,1,10,E01017964,3,1,0.0,1.0,-1
2022351267914,2022,351267914,1,1,1,2,60,9,2,0,0,0,0,0,9,8,E01018257,7,1,1.0,0.0,-1
2024351486372,2024,351486372,2,1,1,2,36,7,2,0,0,0,0,0,1,7,E01035525,7,1,1.0,0.0,1
2022351239344,2022,351239344,2,2,1,2,30,6,3,0,0,0,0,0,9,9,E01018298,3,1,0.0,1.0,-1
2021351068876,2021,351068876,1,1,1,1,19,4,3,0,0,0,0,0,9,2,E01001438,3,1,0.0,1.0,-1
2021351060691,2021,351060691,2,1,1,1,28,6,3,0,0,0,0,0,1,7,E01017994,3,1,0.0,1.0,-1
2023351262974,2023,351262974,2,1,1,2,29,6,3,0,0,0,0,0,1,3,E01017952,3,1,0.0,1.0,-1
2023351321654,2023,351321654,1,1,1,1,20,4,3,0,0,0,0,0,3,6,E01018005,3,1,0.0,1.0,-1
2022351137656,2022,351137656,2,1,1,1,-1,-1,2,0,0,0,0,0,1,5,E01017954,6,1,1.0,0.0,-1
2023351430048,2023,351430048,1,1,1,2,16,4,3,0,0,0,0,0,97,8,E01018236,3,1,0.0,1.0,-1
2021351092941,2021,351092941,1,1,1,2,78,11,3,0,0,0,0,0,9,10,E01017996,3,1,0.0,1.0,-1
2024351529587,2024,351529587,1,1,1,1,22,5,3,0,0,0,0,0,1,10,E01017985,3,1,0.0,1.0,1
2023351354332,2023,351354332,2,2,1,2,21,5,3,0,0,0,0,0,9,10,E01017964,3,1,0.0,1.0,-1
2022351172914,2022,351172914,2,1,1,1,41,7,3,0,0,0,0,0,3,9,E01018299,3,1,0.0,1.0,-1
2023351372965,2023,351372965,2,2,2,1,11,3,3,0,0,1,0,0,9,-1,-1,3,1,0.0,1.0,-1
2021351058918,2021,351058918,2,1,1,2,47,8,3,0,0,0,0,0,1,8,E01018297,3,1,0.0,1.0,-1
2024351460261,2024,351460261,1,1,3,2,37,7,3,10,9,0,0,-1,0,7,E01017969,3,1,0.0,1.0,1
2020350978629,2020,350978629,2,1,1,1,37,7,3,0,0,0,0,0,1,3,E01029954,3,1,0.0,1.0,-1
2022351286399,2022,351286399,1,2,2,2,18,4,2,0,0,0,0,0,4,6,E01017951,7,1,1.0,0.0,-1
2024351501633,2024,351501633,2,1,1,2,13,3,3,0,0,0,0,0,1,7,E01035527,3,1,0.0,1.0,1
2021351064572,2021,351064572,2,1,1,2,26,6,3,0,0,0,0,0,1,3,E01017978,3,1,0.0,1.0,-1
2021351042236,2021,351042236,2,1,1,2,21,5,3,0,0,0,0,0,1,8,E01018000,3,1,0.0,1.0,-1
2021351130098,2021,351130098,1,1,1,1,51,8,3,0,0,0,0,0,3,-1,-1,3,1,0.0,1.0,-1
2024351535073,2024,351535073,2,1,1,2,22,5,3,0,0,0,0,0,1,8,E01017992,3,1,0.0,1.0,1
2023351318125,2023,351318125,2,1,1,2,45,7,3,0,0,0,0,0,9,9,E01018202,3,1,0.0,1.0,-1
2024351457227,2024,351457227,2,1,1,1,34,6,3,0,0,0,0,0,1,5,E01017947,3,1,0.0,1.0,1
2024351427985,2024,351427985,2,1,1,1,57,9,3,0,0,0,0,0,1,10,E01018232,3,1,0.0,1.0,1
2021351117732,2021,351117732,1,1,3,1,40,7,3,1,3,0,0,0,0,4,E01017542,3,1,0.0,1.0,-1
2022351195296,2022,351195296,2,1,1,1,16,4,3,0,0,0,0,0,1,4,E01017947,3,1,0.0,1.0,-1
2024351532784,2024,351532784,2,1,1,1,59,9,3,0,0,0,0,0,1,2,E01017977,3,1,0.0,1.0,1
2020350965549,2020,350965549,1,1,1,1,21,5,3,0,0,0,0,0,9,3,E01017977,3,1,0.0,1.0,-1
2024351398870,2024,351398870,2,1,1,1,24,5,3,0,0,0,0,0,-1,5,E01017960,3,1,0.0,1.0,1
2022351197558,2022,351197558,2,1,1,1,25,5,3,0,0,0,0,0,3,9,E01018006,3,1,0.0,1.0,-1
2024351473897,2024,351473897,2,1,1,1,58,9,3,0,0,0,0,0,1,9,E01017988,3,1,0.0,1.0,1
2020350917028,2020,350917028,1,1,1,1,17,4,3,0,0,0,0,0,1,8,E01033116,3,1,0.0,1.0,-1
2020350953757,2020,350953757,2,1,1,2,22,5,3,0,0,0,0,0,1,10,E01017995,3,1,0.0,1.0,-1
2023351266806,2023,351266806,2,1,1,1,19,4,3,0,0,0,0,0,3,8,E01033116,3,1,0.0,1.0,-1
2021351063680,2021,351063680,2,1,1,1,46,8,2,0,0,0,0,0,1,10,E01018262,7,1,1.0,0.0,-1
2022351235382,2022,351235382,2,1,1,1,43,7,3,0,0,0,0,0,5,3,E01023496,3,1,0.0,1.0,-1
2020351004143,2020,351004143,2,1,1,1,43,7,2,0,0,0,0,0,1,3,E01017971,7,1,1.0,0.0,-1
2022351220036,2022,351220036,1,1,1,1,37,7,3,0,0,0,0,0,5,3,E01008921,3,1,0.0,1.0,-1
2020350931198,2020,350931198,1,3,3,2,-1,-1,3,8,1,0,0,-1,0,10,E01023482,3,1,0.0,1.0,-1
2022351129020,2022,351129020,2,1,1,1,50,8,3,0,0,0,0,0,4,9,E01018231,3,1,0.0,1.0,-1
2023351305616,2023,351305616,2,3,2,2,80,11,2,0,0,1,0,0,9,9,E01013802,6,1,1.0,0.0,-1
2022351267933,2022,351267933,2,1,1,2,28,6,3,0,0,0,0,0,1,8,E01018003,3,1,0.0,1.0,-1
2024351460010,2024,351460010,1,1,1,1,-1,-1,2,0,0,0,0,0,1,8,E01035514,7,1,1.0,0.0,1
2021351088411,2021,351088411,1,1,1,2,53,8,3,0,0,0,0,0,9,9,E01018202,3,1,0.0,1.0,-1
2023351388186,2023,351388186,1,1,1,1,64,9,3,0,0,0,0,0,9,6,E01017961,3,1,0.0,1.0,-1
2021351030187,2021,351030187,1,1,1,1,41,7,2,0,0,0,0,0,19,7,E01028387,7,1,1.0,0.0,-1
2024351496637,2024,351496637,1,1,3,2,11,3,3,5,9,0,0,-1,0,10,E01017964,3,1,0.0,1.0,1
2021351048776,2021,351048776,1,1,1,1,27,6,3,0,0,0,0,0,4,6,E01017951,3,1,0.0,1.0,-1
2022351184629,2022,351184629,2,1,1,1,-1,-1,3,0,0,0,0,0,1,7,E01018243,3,1,0.0,1.0,-1
2022351173026,2022,351173026,2,1,1,1,42,7,3,0,0,0,0,0,90,7,E01017963,3,1,0.0,1.0,-1
2023351298919,2023,351298919,2,2,1,1,57,9,3,0,0,0,0,0,11,9,E01018015,3,1,0.0,1.0,-1
2023351341980,2023,351341980,1,1,1,2,41,7,3,0,0,0,0,0,1,10,E01018274,3,1,0.0,1.0,-1
2022351203020,2022,351203020,1,1,2,2,18,4,3,0,0,0,-1,0,11,2,E01017948,3,1,0.0,1.0,-1
2022351253547,2022,351253547,2,2,2,1,-1,-1,3,0,0,0,0,0,19,4,E01021839,3,1,0.0,1.0,-1
2023351321897,2023,351321897,1,1,3,1,2,1,2,6,9,0,0,0,0,3,E01017977,7,1,1.0,0.0,-1
2022351272833,2022,351272833,2,1,1,1,52,8,3,0,0,0,0,0,1,10,E01017985,3,1,0.0,1.0,-1
2022351130720,2022,351130720,1,1,3,2,35,6,2,10,9,0,0,0,0,9,E01018010,7,1,1.0,0.0,-1
2023351313816,2023,351313816,1,1,3,2,41,7,3,5,3,0,0,0,0,10,E01018272,3,1,0.0,1.0,-1
2021351171110,2021,351171110,2,2,1,1,19,4,2,0,0,0,0,0,97,8,E01017966,6,1,1.0,0.0,-1
2024351519381,2024,351519381,2,1,1,1,43,7,3,0,0,0,0,0,9,7,E01021457,3,1,0.0,1.0,4
2020350944841,2020,350944841,3,6,1,2,67,10,3,0,0,0,0,0,9,7,E01018294,3,1,0.0,1.0,-1
2020350978748,2020,350978748,2,1,1,2,73,10,2,0,0,0,0,0,1,6,E01017951,7,1,1.0,0.0,-1
2021351063913,2021,351063913,2,1,1,2,25,5,3,0,0,0,0,0,1,3,E01017979,3,1,0.0,1.0,-1
2024351524641,2024,351524641,1,1,1,2,18,4,3,0,0,0,0,0,9,10,E01018260,3,1,0.0,1.0,1
2022351228887,2022,351228887,1,1,3,2,43,7,2,1,1,0,0,0,0,8,E01017992,7,1,1.0,0.0,-1
2021351108095,2021,351108095,2,1,1,2,34,6,3,0,0,0,0,0,1,6,E01033121,3,1,0.0,1.0,-1
2021351020651,2021,351020651,2,2,1,1,46,8,3,0,0,0,0,0,1,8,E01017987,3,1,0.0,1.0,-1
2022351216121,2022,351216121,2,1,1,1,52,8,3,0,0,0,0,0,1,5,E01018009,3,1,0.0,1.0,-1
2024351424400,2024,351424400,2,1,1,1,23,5,2,0,0,0,0,0,1,8,E01035514,7,1,1.0,0.0,1
2021351128563,2021,351128563,1,1,1,1,19,4,3,0,0,0,0,0,9,9,E01032611,3,1,0.0,1.0,-1
2022351251397,2022,351251397,1,1,3,1,67,10,2,10,9,0,0,-1,0,8,E01018001,5,1,1.0,0.0,-1
2022351232682,2022,351232682,2,1,1,2,18,4,2,0,0,0,0,0,1,8,E01018003,7,1,1.0,0.0,-1
2024351438217,2024,351438217,1,2,3,1,84,11,3,5,1,0,0,-1,0,7,E01035528,3,1,0.0,1.0,1
2023351263940,2023,351263940,2,2,1,1,58,9,3,0,0,0,0,0,9,8,E01018286,3,1,0.0,1.0,-1
2023351303887,2023,351303887,1,1,1,1,19,4,2,0,0,0,0,0,3,5,E01018138,6,1,1.0,0.0,-1
2022351234289,2022,351234289,2,2,3,2,58,9,3,6,9,0,0,0,0,2,E01017946,3,1,0.0,1.0,-1
2022351238248,2022,351238248,1,1,1,1,71,10,3,0,0,0,0,0,9,7,E01014029,3,1,0.0,1.0,-1
2021351078945,2021,351078945,1,1,1,1,61,9,3,0,0,0,0,0,9,6,E01018106,3,1,0.0,1.0,-1
2021351111881,2021,351111881,2,2,2,2,7,2,3,0,0,-1,0,0,9,-1,-1,3,1,0.0,1.0,-1
2020350994438,2020,350994438,1,1,1,1,17,4,3,0,0,0,0,0,1,8,E01017992,3,1,0.0,1.0,-1
2021351061517,2021,351061517,2,1,1,1,42,7,3,0,0,0,0,0,1,5,E01017949,3,1,0.0,1.0,-1
2022351132917,2022,351132917,1,3,2,1,9,2,3,0,0,2,0,0,9,5,E01017974,3,1,0.0,1.0,-1
2023351352532,2023,351352532,1,1,1,2,74,10,2,0,0,0,0,0,9,10,E01018259,6,1,1.0,0.0,-1
2024351457119,2024,351457119,1,4,2,1,20,4,3,0,0,2,0,0,9,2,E01013667,3,1,0.0,1.0,4
2024351540902,2024,351540902,2,1,1,1,30,6,2,0,0,0,0,0,1,7,E01035526,7,1,1.0,0.0,1
2022351236731,2022,351236731,1,1,3,2,20,4,3,5,1,0,0,0,0,10,E01017986,3,1,0.0,1.0,-1
2020350969952,2020,350969952,1,1,1,2,50,8,1,0,0,0,0,0,9,8,E01017989,1,1,0.0,0.0,-1
2021351085851,2021,351085851,1,1,3,2,36,7,3,5,1,0,0,0,0,9,E01018278,3,1,0.0,1.0,-1
2021351096947,2021,351096947,2,1,1,1,11,3,3,0,0,0,0,0,1,5,E01017949,3,1,0.0,1.0,-1
2022351212450,2022,351212450,2,2,1,2,67,10,2,0,0,0,0,0,9,9,E01018015,6,1,1.0,0.0,-1
2024351479538,2024,351479538,1,2,3,2,15,3,3,1,1,0,0,-1,0,-1,-1,3,1,0.0,1.0,-1
2022351225824,2022,351225824,2,2,1,2,32,6,3,0,0,0,0,0,9,9,E01018231,3,1,0.0,1.0,-1
2021351095149,2021,351095149,2,1,1,1,49,8,3,0,0,0,0,0,1,8,E01018224,3,1,0.0,1.0,-1
2020350967375,2020,350967375,1,1,1,2,39,7,3,0,0,0,0,0,9,4,E01017947,3,1,0.0,1.0,-1
2020350994299,2020,350994299,2,1,1,2,53,8,3,0,0,0,0,0,1,8,E01018297,3,1,0.0,1.0,-1
2022351245401,2022,351245401,2,1,1,1,70,10,2,0,0,0,0,0,1,9,E01032792,5,1,1.0,0.0,-1
2022351163703,2022,351163703,1,1,1,2,31,6,3,0,0,0,0,0,90,10,E01030050,3,1,0.0,1.0,-1
2021351075828,2021,351075828,2,1,1,2,49,8,3,0,0,0,0,0,9,10,E01018234,3,1,0.0,1.0,-1
2022351200505,2022,351200505,2,2,2,2,26,6,3,0,0,1,0,0,9,10,E01018301,3,1,0.0,1.0,-1
2021351033461,2021,351033461,2,2,2,1,13,3,2,0,0,0,0,0,1,3,E01017977,7,1,1.0,0.0,-1
2023351387275,2023,351387275,2,1,1,1,21,5,3,0,0,0,0,0,1,7,E01017963,3,1,0.0,1.0,-1
2023351367643,2023,351367643,1,1,3,1,86,11,3,5,1,0,0,0,0,10,E01018244,3,1,0.0,1.0,-1
2022351231571,2022,351231571,2,1,1,2,13,3,2,0,0,0,0,0,1,6,E01017943,7,1,1.0,0.0,-1
2020351030609,2020,351030609,2,2,2,2,21,5,3,0,0,1,0,0,9,4,E01013756,3,1,0.0,1.0,-1
2024351486748,2024,351486748,1,1,1,2,21,5,3,0,0,0,0,0,9,3,E01034569,3,1,0.0,1.0,3
2020350940849,2020,350940849,2,1,1,1,33,6,3,0,0,0,0,0,9,6,E01015671,3,1,0.0,1.0,-1
2024351536301,2024,351536301,2,1,1,1,29,6,3,0,0,0,0,0,-1,9,E01017988,3,1,0.0,1.0,1
2023351362557,2023,351362557,1,1,3,1,68,10,2,1,1,0,0,0,0,7,E01032797,6,1,1.0,0.0,-1
2023351356816,2023,351356816,2,1,1,2,14,3,3,0,0,0,0,0,1,5,E01017991,3,1,0.0,1.0,-1
2023351265414,2023,351265414,1,1,1,1,18,4,3,0,0,0,0,0,9,4,E01018046,3,1,0.0,1.0,-1
2021351125367,2021,351125367,3,2,1,1,67,10,3,0,0,0,0,0,9,10,E01018285,3,1,0.0,1.0,-1
2024351402177,2024,351402177,2,1,1,1,55,8,3,0,0,0,0,0,1,5,E01017947,3,1,0.0,1.0,1
2022351219001,2022,351219001,1,1,3,2,25,5,3,1,3,0,0,0,0,9,E01017998,3,1,0.0,1.0,-1
2023351363845,2023,351363845,2,1,1,1,9,2,3,0,0,0,0,0,1,6,E01017951,3,1,0.0,1.0,-1
2023351351532,2023,351351532,1,2,3,1,41,7,3,6,9,0,0,0,0,-1,-1,3,1,0.0,1.0,-1
2021351030734,2021,351030734,1,1,1,2,28,6,3,0,0,0,0,0,9,10,E01018251,3,1,0.0,1.0,-1
2024351461074,2024,351461074,1,1,1,1,61,9,1,0,0,0,0,0,5,9,E01018278,1,1,0.0,0.0,3
2020351007506,2020,351007506,1,1,1,1,22,5,3,0,0,0,0,0,9,9,E01009830,3,1,0.0,1.0,-1
2021351104760,2021,351104760,2,1,1,1,59,9,2,0,0,0,0,0,1,10,E01018248,7,1,1.0,0.0,-1
2022351216535,2022,351216535,1,1,1,1,41,7,3,0,0,0,0,0,9,7,E01022087,3,1,0.0,1.0,-1
2024351515775,2024,351515775,2,1,1,2,24,5,3,0,0,0,0,0,9,8,E01021375,3,1,0.0,1.0,4
2020350923619,2020,350923619,1,1,1,1,26,6,3,0,0,0,0,0,3,8,E01017966,3,1,0.0,1.0,-1
2023351372092,2023,351372092,2,1,1,1,34,6,3,0,0,0,0,0,1,2,E01017948,3,1,0.0,1.0,-1
2024351442496,2024,351442496,2,2,1,1,72,10,3,0,0,0,0,0,20,7,E01023682,3,1,0.0,1.0,4
2021351125367,2021,351125367,1,5,2,1,69,10,2,0,0,1,0,0,9,9,E01018202,7,1,1.0,0.0,-1
2023351363382,2023,351363382,1,1,1,1,46,8,3,0,0,0,0,0,9,10,E01018248,3,1,0.0,1.0,-1
2024351443246,2024,351443246,2,1,1,2,34,6,3,0,0,0,0,0,1,6,E01017949,3,1,0.0,1.0,1
2024351495588,2024,351495588,2,1,1,1,51,8,3,0,0,0,0,0,1,3,E01017975,3,1,0.0,1.0,1
2024351525331,2024,351525331,2,1,1,1,16,4,3,0,0,0,0,0,1,2,E01017946,3,1,0.0,1.0,1
2024351497664,2024,351497664,2,1,1,1,54,8,3,0,0,0,0,0,1,5,E01017947,3,1,0.0,1.0,1
2024351503901,2024,351503901,2,1,1,2,16,4,3,0,0,0,0,0,1,5,E01033121,3,1,0.0,1.0,1
2021351108725,2021,351108725,2,1,1,2,33,6,3,0,0,0,0,0,1,9,E01018254,3,1,0.0,1.0,-1
2021351099753,2021,351099753,2,1,1,2,45,7,3,0,0,0,0,0,1,9,E01017988,3,1,0.0,1.0,-1
2023351321475,2023,351321475,2,1,1,1,28,6,3,0,0,0,0,0,1,8,E01018286,3,1,0.0,1.0,-1
2023351325835,2023,351325835,2,1,1,1,14,3,3,0,0,0,0,0,1,8,E01018003,3,1,0.0,1.0,-1
2021351082663,2021,351082663,2,1,1,1,33,6,2,0,0,0,0,0,1,2,E01017946,7,1,1.0,0.0,-1
2021351171110,2021,351171110,1,1,1,2,18,4,3,0,0,0,0,0,9,10,E01018239,3,1,0.0,1.0,-1
2023351372609,2023,351372609,2,1,1,2,23,5,3,0,0,0,0,0,90,5,E01017945,3,1,0.0,1.0,-1
2021351124704,2021,351124704,2,1,1,1,26,6,3,0,0,0,0,0,22,9,E01017993,3,1,0.0,1.0,-1
2021351105445,2021,351105445,1,1,1,1,19,4,3,0,0,0,0,0,4,7,E01018002,3,1,0.0,1.0,-1
2023351376703,2023,351376703,1,1,1,2,22,5,3,0,0,0,0,0,9,7,E01018192,3,1,0.0,1.0,-1
2022351248420,2022,351248420,1,1,3,2,82,11,2,9,9,0,0,0,0,3,E01017952,6,1,1.0,0.0,-1
2021351113140,2021,351113140,2,1,1,2,27,6,3,0,0,0,0,0,1,10,E01018292,3,1,0.0,1.0,-1
2020350936826,2020,350936826,1,1,1,1,27,6,3,0,0,0,0,0,9,10,E01017995,3,1,0.0,1.0,-1
2021351018945,2021,351018945,1,3,2,2,-1,-1,3,0,0,-1,0,0,9,-1,-1,3,1,0.0,1.0,-1
2020350960865,2020,350960865,2,1,1,1,51,8,3,0,0,0,0,0,1,8,E01017983,3,1,0.0,1.0,-1
2024351492039,2024,351492039,2,1,1,1,47,8,3,0,0,0,0,0,1,7,E01018000,3,1,0.0,1.0,1
2024351449988,2024,351449988,2,1,1,1,28,6,3,0,0,0,0,0,3,5,E01018005,3,1,0.0,1.0,1
2022351251741,2022,351251741,1,1,1,1,79,11,3,0,0,0,0,0,9,9,E01018231,3,1,0.0,1.0,-1
2024351538269,2024,351538269,1,1,1,1,64,9,3,0,0,0,0,0,9,9,E01018027,3,1,0.0,1.0,4
2023351364498,2023,351364498,2,1,1,1,18,4,3,0,0,0,0,0,1,10,E01018295,3,1,0.0,1.0,-1
2021351024257,2021,351024257,2,1,1,1,18,4,3,0,0,0,0,0,1,5,E01017945,3,1,0.0,1.0,-1
2020350937537,2020,350937537,2,1,1,1,54,8,2,0,0,0,0,0,1,7,E01018243,7,1,1.0,0.0,-1
2024351424353,2024,351424353,1,3,3,2,58,9,3,1,3,0,0,-1,0,-1,-1,3,1,0.0,1.0,-1
2022351247398,2022,351247398,2,1,1,2,36,7,2,0,0,0,0,0,1,6,E01017961,7,1,1.0,0.0,-1
2021351019228,2021,351019228,1,1,1,1,37,7,3,0,0,0,0,0,9,9,E01017968,3,1,0.0,1.0,-1
2023351326617,2023,351326617,1,1,3,2,36,7,3,6,9,0,0,0,0,3,E01004125,3,1,0.0,1.0,-1
2022351149581,2022,351149581,1,1,1,2,30,6,3,0,0,0,0,0,1,8,E01017983,3,1,0.0,1.0,-1
2023351344996,2023,351344996,2,1,1,2,50,8,3,0,0,0,0,0,9,10,E01018237,3,1,0.0,1.0,-1
2024351510397,2024,351510397,2,2,2,2,16,4,3,0,0,2,0,0,9,7,E01018243,3,1,0.0,1.0,1
2022351230261,2022,351230261,2,1,1,1,54,8,3,0,0,0,0,0,1,3,E01017978,3,1,0.0,1.0,-1
2024351414877,2024,351414877,2,1,1,2,25,5,3,0,0,0,0,0,1,5,E01017999,3,1,0.0,1.0,1
2023351261934,2023,351261934,2,1,1,1,47,8,3,0,0,0,0,0,-1,10,E01018295,3,1,0.0,1.0,-1
2022351192512,2022,351192512,2,1,1,1,24,5,3,0,0,0,0,0,1,10,E01017996,3,1,0.0,1.0,-1
2022351252858,2022,351252858,2,1,1,1,58,9,2,0,0,0,0,0,2,8,E01018297,7,1,1.0,0.0,-1
2022351140106,2022,351140106,2,1,1,2,25,5,2,0,0,0,0,0,1,5,E01017991,7,1,1.0,0.0,-1
2022351143686,2022,351143686,2,1,1,2,60,9,3,0,0,0,0,0,9,8,E01017992,3,1,0.0,1.0,-1
2021351106054,2021,351106054,2,1,1,1,27,6,3,0,0,0,0,0,1,5,E01018233,3,1,0.0,1.0,-1
2024351452791,2024,351452791,1,1,1,2,59,9,3,0,0,0,0,0,9,7,E01018223,3,1,0.0,1.0,1
2022351181687,2022,351181687,2,1,1,1,51,8,3,0,0,0,0,0,90,3,E01017952,3,1,0.0,1.0,-1
2022351219635,2022,351219635,1,1,1,1,16,4,2,0,0,0,0,0,1,6,E01017961,7,1,1.0,0.0,-1
2022351190550,2022,351190550,1,1,1,2,24,5,2,0,0,0,0,0,-1,2,E01017946,7,1,1.0,0.0,-1
2022351164822,2022,351164822,2,1,1,2,52,8,3,0,0,0,0,0,1,5,E01017945,3,1,0.0,1.0,-1
2021351097177,2021,351097177,2,1,1,2,26,6,3,0,0,0,0,0,1,6,E01004151,3,1,0.0,1.0,-1
2022351136218,2022,351136218,1,1,1,1,36,7,2,0,0,0,0,0,1,7,E01018002,6,1,1.0,0.0,-1
2023351383249,2023,351383249,2,1,1,1,38,7,3,0,0,0,0,0,1,6,E01023499,3,1,0.0,1.0,-1
2023351321892,2023,351321892,2,1,1,2,44,7,3,0,0,0,0,0,9,-1,-1,3,1,0.0,1.0,-1
2024351422777,2024,351422777,1,1,3,2,28,6,3,6,9,0,0,-1,0,5,E01017947,3,1,0.0,1.0,1
2020350999754,2020,350999754,1,1,1,1,37,7,3,0,0,0,0,0,3,3,E01017952,3,1,0.0,1.0,-1
2021351092261,2021,351092261,2,1,1,2,25,5,3,0,0,0,0,0,1,5,E01017960,3,1,0.0,1.0,-1
2021351134382,2021,351134382,1,1,1,1,16,4,2,0,0,0,0,0,1,3,E01017975,5,1,1.0,0.0,-1
2022351248843,2022,351248843,1,2,2,2,17,4,3,0,0,2,0,0,9,7,E01018002,3,1,0.0,1.0,-1
2023351330610,2023,351330610,2,2,1,1,44,7,2,0,0,0,0,0,19,-1,-1,5,1,1.0,0.0,-1
2023351312823,2023,351312823,1,1,1,1,55,8,2,0,0,0,0,0,1,7,E01017969,7,1,1.0,0.0,-1
2022351234824,2022,351234824,1,1,3,2,62,9,2,1,1,0,0,0,0,7,E01017976,7,1,1.0,0.0,-1
2020350958958,2020,350958958,2,1,1,2,78,11,3,0,0,0,0,0,1,9,E01018250,3,1,0.0,1.0,-1
2023351307443,2023,351307443,2,1,1,1,21,5,2,0,0,0,0,0,1,9,E01017958,6,1,1.0,0.0,-1
2020350930811,2020,350930811,2,2,2,2,4,1,3,0,0,0,0,0,1,5,E01018009,3,1,0.0,1.0,-1
2021351026810,2021,351026810,1,1,1,1,24,5,3,0,0,0,0,0,9,5,E01018047,3,1,0.0,1.0,-1
2021351020365,2021,351020365,1,1,1,1,24,5,3,0,0,0,0,0,19,2,E01029827,3,1,0.0,1.0,-1
2021351095418,2021,351095418,1,1,1,2,44,7,3,0,0,0,0,0,9,6,E01026441,3,1,0.0,1.0,-1
2023351274392,2023,351274392,1,1,3,1,23,5,1,5,1,0,0,0,0,-1,-1,1,1,0.0,0.0,-1
2022351142533,2022,351142533,2,1,1,2,29,6,2,0,0,0,0,0,1,8,E01017956,7,1,1.0,0.0,-1
2023351345491,2023,351345491,1,1,3,2,88,11,2,6,9,0,0,0,0,10,E01018251,6,1,1.0,0.0,-1
2022351255609,2022,351255609,2,1,1,2,85,11,2,0,0,0,0,0,1,7,E01019636,7,1,1.0,0.0,-1
2020350962207,2020,350962207,2,1,2,2,20,4,3,0,0,1,0,0,9,6,E01033121,3,1,0.0,1.0,-1
2023351268317,2023,351268317,1,1,3,2,73,10,2,8,9,0,0,0,0,5,E01017997,7,1,1.0,0.0,-1
2022351234723,2022,351234723,1,1,3,1,53,8,2,5,9,0,0,0,0,5,E01018273,6,1,1.0,0.0,-1
2021351044973,2021,351044973,1,1,3,2,33,6,1,9,1,0,0,2,0,-1,-1,1,1,0.0,0.0,-1
2023351396872,2023,351396872,2,2,1,1,28,6,3,0,0,0,0,0,8,7,E01017969,3,1,0.0,1.0,-1
2020350981606,2020,350981606,1,1,1,1,23,5,2,0,0,0,0,0,3,6,E01017967,7,1,1.0,0.0,-1
2023351339856,2023,351339856,2,1,1,1,40,7,2,0,0,0,0,0,1,8,E01018003,7,1,1.0,0.0,-1
2023351360932,2023,351360932,2,1,1,1,51,8,3,0,0,0,0,0,1,7,E01017976,3,1,0.0,1.0,-1
2022351178549,2022,351178549,3,2,1,1,18,4,3,0,0,0,0,0,1,1,E01011493,3,1,0.0,1.0,-1
2022351212203,2022,351212203,2,1,1,2,31,6,2,0,0,0,0,0,1,8,E01018001,5,1,1.0,0.0,-1
2022351212450,2022,351212450,1,1,1,1,36,7,3,0,0,0,0,0,9,1,E01015607,3,1,0.0,1.0,-1
2024351490662,2024,351490662,2,1,1,1,20,4,2,0,0,0,0,0,-1,9,E01017988,6,1,1.0,0.0,1
2024351515661,2024,351515661,2,2,2,2,54,8,3,0,0,2,0,0,9,8,-1,3,1,0.0,1.0,5
2024351417308,2024,351417308,1,1,1,1,62,9,3,0,0,0,0,0,9,10,E01018283,3,1,0.0,1.0,3
2022351151743,2022,351151743,2,1,1,1,16,4,3,0,0,0,0,0,1,6,E01017973,3,1,0.0,1.0,-1
2022351185880,2022,351185880,1,1,3,1,22,5,1,10,3,0,0,0,0,-1,-1,1,1,0.0,0.0,-1
2020350929758,2020,350929758,2,1,1,1,32,6,3,0,0,0,0,0,1,-1,-1,3,1,0.0,1.0,-1
2022351132917,2022,351132917,1,2,2,2,6,2,3,0,0,2,0,0,9,5,E01017974,3,1,0.0,1.0,-1
2020350926103,2020,350926103,2,1,1,1,63,9,3,0,0,0,0,0,9,7,E01029947,3,1,0.0,1.0,-1
2022351188863,2022,351188863,2,1,1,2,25,5,3,0,0,0,0,0,-1,8,E01017992,3,1,0.0,1.0,-1
2024351443956,2024,351443956,1,1,1,2,68,10,3,0,0,0,0,0,9,10,E01018234,3,1,0.0,1.0,1
2023351321654,2023,351321654,2,2,1,2,77,11,3,0,0,0,0,0,9,10,E01018253,3,1,0.0,1.0,-1
2022351279821,2022,351279821,1,1,1,1,20,4,3,0,0,0,0,0,9,6,E01017943,3,1,0.0,1.0,-1
2023351319085,2023,351319085,2,1,1,2,32,6,2,0,0,0,0,0,1,6,E01017961,7,1,1.0,0.0,-1
2024351541271,2024,351541271,1,1,3,2,89,11,2,6,9,0,0,-1,0,10,E01018258,6,1,1.0,0.0,1
2021351079958,2021,351079958,2,2,2,2,50,8,3,0,0,1,0,0,9,9,E01017993,3,1,0.0,1.0,-1
2022351164016,2022,351164016,1,1,1,1,-1,-1,2,0,0,0,0,0,3,-1,-1,7,1,1.0,0.0,-1
2024351513317,2024,351513317,2,1,1,1,25,5,3,0,0,0,0,0,3,5,E01017953,3,1,0.0,1.0,1
2021351046123,2021,351046123,1,1,1,1,33,6,3,0,0,0,0,0,3,6,E01033121,3,1,0.0,1.0,-1
2022351146180,2022,351146180,2,1,1,1,20,4,3,0,0,0,0,0,1,9,E01006582,3,1,0.0,1.0,-1
2022351168561,2022,351168561,2,1,1,1,38,7,2,0,0,0,0,0,1,8,E01018001,6,1,1.0,0.0,-1
2021351082471,2021,351082471,2,1,1,1,30,6,3,0,0,0,0,0,4,5,E01017945,3,1,0.0,1.0,-1
2021351102852,2021,351102852,2,1,1,2,-1,-1,3,0,0,0,0,0,1,5,E01032802,3,1,0.0,1.0,-1
2022351235167,2022,351235167,1,2,2,1,20,4,2,0,0,1,0,0,9,6,E01032523,7,1,1.0,0.0,-1
2021351057155,2021,351057155,2,1,1,1,18,4,2,0,0,0,0,0,2,5,E01017997,7,1,1.0,0.0,-1
2023351432092,2023,351432092,2,1,1,1,36,7,3,0,0,0,0,0,1,7,E01032795,3,1,0.0,1.0,-1
2022351131592,2022,351131592,2,1,1,1,15,3,3,0,0,0,0,0,1,10,E01018256,3,1,0.0,1.0,-1
2024351479196,2024,351479196,2,1,1,2,16,4,2,0,0,0,0,0,1,6,E01017962,7,1,1.0,0.0,1
2023351312887,2023,351312887,1,1,1,2,54,8,3,0,0,0,0,0,9,-1,-1,3,1,0.0,1.0,-1
2021351085755,2021,351085755,1,1,1,-1,65,9,3,0,0,0,0,0,97,7,E01018011,3,1,0.0,1.0,-1
2024351506968,2024,351506968,2,1,1,2,29,6,2,0,0,0,0,0,1,4,-1,7,1,1.0,0.0,5
2021351024226,2021,351024226,2,1,1,2,23,5,3,0,0,0,0,0,1,6,E01017973,3,1,0.0,1.0,-1
2023351305616,2023,351305616,2,2,1,2,48,8,3,0,0,0,0,0,9,10,E01018292,3,1,0.0,1.0,-1
2020351023922,2020,351023922,2,1,1,1,42,7,3,0,0,0,0,0,3,5,E01018009,3,1,0.0,1.0,-1
2024351504928,2024,351504928,1,2,3,1,82,11,3,4,1,0,0,-1,0,4,E01026224,3,1,0.0,1.0,4
2024351498041,2024,351498041,2,1,1,1,59,9,3,0,0,0,0,0,1,10,E01018262,3,1,0.0,1.0,2
2022351140788,2022,351140788,2,1,1,1,43,7,3,0,0,0,0,0,1,10,E01018260,3,1,0.0,1.0,-1
2020350982387,2020,350982387,1,1,1,2,68,10,2,0,0,0,0,0,22,7,E01032797,7,1,1.0,0.0,-1
2021351055870,2021,351055870,1,1,1,1,35,6,3,0,0,0,0,0,2,9,E01017998,3,1,0.0,1.0,-1
2023351265307,2023,351265307,2,2,2,1,1,1,3,0,0,2,0,0,9,10,E01018295,3,1,0.0,1.0,-1
2021351062728,2021,351062728,1,1,1,1,50,8,2,0,0,0,0,0,1,7,E01017994,5,1,1.0,0.0,-1
2022351194016,2022,351194016,2,2,1,2,60,9,3,0,0,0,0,0,9,8,E01015690,3,1,0.0,1.0,-1
2024351463344,2024,351463344,2,1,1,2,26,6,2,0,0,0,0,0,-1,5,E01017967,6,1,1.0,0.0,2
2023351378464,2023,351378464,1,1,1,1,18,4,3,0,0,0,0,0,3,8,E01033118,3,1,0.0,1.0,-1
2021351040765,2021,351040765,1,1,1,1,-1,-1,3,0,0,0,0,0,3,8,E01017983,3,1,0.0,1.0,-1
2023351282374,2023,351282374,2,1,1,1,27,6,3,0,0,0,0,0,1,10,E01017986,3,1,0.0,1.0,-1
2023351369881,2023,351369881,1,1,3,1,38,7,3,6,9,0,0,0,0,-1,-1,3,1,0.0,1.0,-1
2022351137202,2022,351137202,1,3,2,1,20,4,3,0,0,2,0,0,9,10,E01017959,3,1,0.0,1.0,-1
2024351424353,2024,351424353,1,2,3,1,47,8,2,1,3,0,0,-1,0,8,E01035511,5,1,1.0,0.0,1
2024351516159,2024,351516159,1,1,1,1,74,10,3,0,0,0,0,0,22,6,E01017963,3,1,0.0,1.0,1
2022351203015,2022,351203015,2,3,2,2,6,2,3,0,0,1,0,0,9,8,E01033119,3,1,0.0,1.0,-1
2022351175664,2022,351175664,2,1,1,2,18,4,3,0,0,0,0,0,1,8,E01018003,3,1,0.0,1.0,-1
2020350992577,2020,350992577,1,1,3,1,5,1,3,5,3,0,0,0,0,2,E01017948,3,1,0.0,1.0,-1
2020350989962,2020,350989962,1,1,1,2,44,7,3,0,0,0,0,0,9,7,E01030117,3,1,0.0,1.0,-1
2020350926307,2020,350926307,2,1,1,2,27,6,2,0,0,0,0,0,9,8,E01018003,7,1,1.0,0.0,-1
2023351395111,2023,351395111,1,1,2,2,30,6,3,0,0,1,0,0,9,-1,-1,3,1,0.0,1.0,-1
2020350977373,2020,350977373,1,2,2,1,19,4,3,0,0,1,0,0,9,10,E01017985,3,1,0.0,1.0,-1
2024351401581,2024,351401581,1,1,1,1,21,5,2,0,0,0,0,0,2,8,E01018274,5,1,1.0,0.0,1
2022351156672,2022,351156672,2,1,1,2,84,11,3,0,0,0,0,0,1,10,E01017995,3,1,0.0,1.0,-1
2024351538866,2024,351538866,2,1,1,2,66,10,2,0,0,0,0,0,9,7,E01029955,6,1,1.0,0.0,3
2023351303410,2023,351303410,3,1,1,1,25,5,2,0,0,0,0,0,3,5,E01018158,7,1,1.0,0.0,-1
2024351436937,2024,351436937,2,1,1,1,38,7,3,0,0,0,0,0,1,7,E01018000,3,1,0.0,1.0,1
2021351041568,2021,351041568,1,1,1,1,40,7,3,0,0,0,0,0,9,7,E01007203,3,1,0.0,1.0,-1
2020350936805,2020,350936805,1,1,1,2,9,2,3,0,0,0,0,0,1,6,E01033120,3,1,0.0,1.0,-1
2021351044911,2021,351044911,1,1,1,2,41,7,3,0,0,0,0,0,9,10,E01018266,3,1,0.0,1.0,-1
2022351221111,2022,351221111,1,1,3,1,20,4,3,9,9,0,0,0,0,8,E01018276,3,1,0.0,1.0,-1
2021351061334,2021,351061334,2,1,1,1,50,8,3,0,0,0,0,0,9,3,E01017952,3,1,0.0,1.0,-1
2024351431776,2024,351431776,2,1,1,1,50,8,3,0,0,0,0,0,9,5,E01021388,3,1,0.0,1.0,4
2023351285407,2023,351285407,2,1,1,2,29,6,3,0,0,0,0,0,1,7,E01017976,3,1,0.0,1.0,-1
2021351102325,2021,351102325,2,1,1,1,26,6,2,0,0,0,0,0,1,10,E01017995,6,1,1.0,0.0,-1
2022351198606,2022,351198606,1,1,1,1,24,5,3,0,0,0,0,0,3,9,E01018307,3,1,0.0,1.0,-1
2021351042463,2021,351042463,1,1,1,1,32,6,3,0,0,0,0,0,1,-1,-1,3,1,0.0,1.0,-1
2021351130307,2021,351130307,2,1,1,2,26,6,2,0,0,0,0,0,-1,6,E01033121,7,1,1.0,0.0,-1
2020350920453,2020,350920453,1,1,1,1,32,6,3,0,0,0,0,0,1,6,E01017962,3,1,0.0,1.0,-1
2022351214484,2022,351214484,2,1,1,1,63,9,3,0,0,0,0,0,9,8,E01018297,3,1,0.0,1.0,-1
2023351318893,2023,351318893,2,1,1,2,50,8,3,0,0,0,0,0,1,7,E01018002,3,1,0.0,1.0,-1
2023351301919,2023,351301919,1,1,1,1,41,7,2,0,0,0,0,0,1,5,E01017991,6,1,1.0,0.0,-1
2024351399328,2024,351399328,2,1,1,1,45,7,3,0,0,0,0,0,1,10,E01018232,3,1,0.0,1.0,1
2021351039572,2021,351039572,1,1,1,2,21,5,2,0,0,0,0,0,1,2,E01012413,7,1,1.0,0.0,-1
2023351334333,2023,351334333,1,1,1,1,33,6,3,0,0,0,0,0,5,5,E01017949,3,1,0.0,1.0,-1
2024351408776,2024,351408776,2,1,1,1,15,3,3,0,0,0,0,0,1,6,E01023598,3,1,0.0,1.0,4
2021351103500,2021,351103500,1,1,1,1,-1,-1,2,0,0,0,0,0,1,5,E01017997,7,1,1.0,0.0,-1
2024351412362,2024,351412362,2,1,1,2,29,6,3,0,0,0,0,0,1,4,E01017945,3,1,0.0,1.0,1
2023351363278,2023,351363278,3,1,1,2,32,6,3,0,0,0,0,0,1,8,E01017992,3,1,0.0,1.0,-1
2024351432138,2024,351432138,1,1,1,1,37,7,3,0,0,0,0,0,9,3,E01017978,3,1,0.0,1.0,1
2024351545599,2024,351545599,2,1,1,1,24,5,3,0,0,0,0,0,-1,10,E01017955,3,1,0.0,1.0,1
2021351025860,2021,351025860,1,1,1,1,17,4,3,0,0,0,0,0,9,8,E01017989,3,1,0.0,1.0,-1
2022351232172,2022,351232172,2,1,1,1,44,7,3,0,0,0,0,0,1,10,E01018007,3,1,0.0,1.0,-1
2022351193830,2022,351193830,1,1,1,1,58,9,2,0,0,0,0,0,5,10,E01018274,6,1,1.0,0.0,-1
2023351358871,2023,351358871,2,1,1,1,27,6,3,0,0,0,0,0,1,6,E01017999,3,1,0.0,1.0,-1
2020350944000,2020,350944000,1,1,1,1,37,7,3,0,0,0,0,0,19,3,E01017977,3,1,0.0,1.0,-1
2024351538125,2024,351538125,2,1,1,1,21,5,3,0,0,0,0,0,1,8,E01035514,3,1,0.0,1.0,1
2020351007144,2020,351007144,1,1,1,2,49,8,2,0,0,0,0,0,1,8,E01017992,7,1,1.0,0.0,-1
2023351381230,2023,351381230,2,2,1,2,32,6,3,0,0,0,0,0,90,9,E01018010,3,1,0.0,1.0,-1
2024351451217,2024,351451217,1,1,3,2,74,10,3,5,3,0,0,-1,0,6,E01018297,3,1,0.0,1.0,1
2024351512195,2024,351512195,2,1,1,2,32,6,3,0,0,0,0,0,1,8,E01017990,3,1,0.0,1.0,1
2022351162572,2022,351162572,2,1,1,1,44,7,3,0,0,0,0,0,4,10,E01018237,3,1,0.0,1.0,-1
2022351232085,2022,351232085,1,1,1,1,21,5,2,0,0,0,0,0,-1,2,E01001367,7,1,1.0,0.0,-1
2021351137178,2021,351137178,1,1,1,1,27,6,3,0,0,0,0,0,9,6,E01023903,3,1,0.0,1.0,-1
2022351247510,2022,351247510,2,1,1,2,20,4,3,0,0,0,0,0,1,8,E01003856,3,1,0.0,1.0,-1
2022351163703,2022,351163703,1,2,2,1,45,7,3,0,0,0,0,0,90,7,E01018243,3,1,0.0,1.0,-1
2022351218641,2022,351218641,2,1,1,1,22,5,3,0,0,0,0,0,90,6,E01017999,3,1,0.0,1.0,-1
2022351248465,2022,351248465,2,1,1,1,30,6,2,0,0,0,0,0,3,2,E01015976,6,1,1.0,0.0,-1
2021351073651,2021,351073651,1,2,2,1,23,5,3,0,0,1,0,0,9,10,E01018274,3,1,0.0,1.0,-1
2021351122205,2021,351122205,1,1,1,1,60,9,3,0,0,0,0,0,9,8,E01017992,3,1,0.0,1.0,-1
2021351110580,2021,351110580,2,3,2,2,84,11,3,0,0,2,0,0,9,10,E01018222,3,1,0.0,1.0,-1
2021351102844,2021,351102844,1,1,3,2,74,10,2,5,9,0,0,0,0,8,E01017966,7,1,1.0,0.0,-1
2020351006978,2020,351006978,2,2,1,1,34,6,3,0,0,0,0,0,9,4,E01017947,3,1,0.0,1.0,-1
2023351282269,2023,351282269,2,1,1,2,18,4,3,0,0,0,0,0,1,7,E01017963,3,1,0.0,1.0,-1
2022351209642,2022,351209642,2,1,1,1,38,7,3,0,0,0,0,0,1,9,E01018006,3,1,0.0,1.0,-1
2021351093462,2021,351093462,2,1,1,1,39,7,3,0,0,0,0,0,1,10,E01017985,3,1,0.0,1.0,-1
2023351354907,2023,351354907,2,2,1,1,39,7,2,0,0,0,0,0,5,6,E01033317,6,1,1.0,0.0,-1
2021351102949,2021,351102949,1,1,1,2,47,8,3,0,0,0,0,0,9,9,E01018254,3,1,0.0,1.0,-1
2023351308400,2023,351308400,1,1,1,2,41,7,3,0,0,0,0,0,9,8,E01017987,3,1,0.0,1.0,-1
2023351313428,2023,351313428,1,1,1,2,71,10,2,0,0,0,0,0,9,9,E01023597,7,1,1.0,0.0,-1
2022351195513,2022,351195513,1,1,1,1,18,4,2,0,0,0,0,0,3,-1,-1,6,1,1.0,0.0,-1
2022351237882,2022,351237882,1,1,3,1,40,7,3,5,1,0,0,0,0,-1,-1,3,1,0.0,1.0,-1
2023351365835,2023,351365835,1,1,1,1,69,10,2,0,0,0,0,0,5,8,E01026542,5,1,1.0,0.0,-1
2020350984921,2020,350984921,1,1,1,2,24,5,3,0,0,0,0,0,9,10,E01018251,3,1,0.0,1.0,-1
2021351088411,2021,351088411,2,2,1,2,46,8,3,0,0,0,0,0,9,10,E01018416,3,1,0.0,1.0,-1
2024351397101,2024,351397101,2,1,1,1,33,6,3,0,0,0,0,0,1,5,E01017947,3,1,0.0,1.0,1
2020350983391,2020,350983391,1,1,1,1,18,4,3,0,0,0,0,0,1,7,E01032795,3,1,0.0,1.0,-1
2023351360100,2023,351360100,1,1,1,1,35,6,3,0,0,0,0,0,1,10,E01017955,3,1,0.0,1.0,-1
2023351318599,2023,351318599,2,1,1,1,59,9,3,0,0,0,0,0,9,8,E01026269,3,1,0.0,1.0,-1
2023351301191,2023,351301191,2,1,1,1,11,3,3,0,0,0,0,0,1,8,E01018003,3,1,0.0,1.0,-1
2021351040943,2021,351040943,1,1,3,1,26,6,3,8,1,0,0,0,0,8,E01017983,3,1,0.0,1.0,-1
2020351003806,2020,351003806,1,1,1,1,23,5,3,0,0,0,0,0,5,7,E01017980,3,1,0.0,1.0,-1
2023351284211,2023,351284211,1,1,1,2,80,11,1,0,0,0,0,0,9,8,E01018257,1,1,0.0,0.0,-1
2022351245934,2022,351245934,2,1,1,1,36,7,2,0,0,0,0,0,-1,8,E01018001,7,1,1.0,0.0,-1
2021351053795,2021,351053795,2,1,1,1,43,7,3,0,0,0,0,0,9,10,E01018014,3,1,0.0,1.0,-1
2022351245371,2022,351245371,1,1,3,2,23,5,3,1,9,0,0,0,0,7,E01022074,3,1,0.0,1.0,-1
2022351234289,2022,351234289,2,1,1,2,37,7,3,0,0,0,0,0,1,9,E01018298,3,1,0.0,1.0,-1
2021351036244,2021,351036244,2,1,1,1,46,8,3,0,0,0,0,0,1,2,E01017946,3,1,0.0,1.0,-1
2023351325272,2023,351325272,1,2,3,1,25,5,3,5,4,0,0,0,0,-1,-1,3,1,0.0,1.0,-1
2022351228775,2022,351228775,1,1,1,1,75,10,3,0,0,0,0,0,9,9,E01027325,3,1,0.0,1.0,-1
2021351080776,2021,351080776,1,1,1,1,17,4,3,0,0,0,0,0,3,5,E01017945,3,1,0.0,1.0,-1
2020350929026,2020,350929026,1,1,1,1,79,11,3,0,0,0,0,0,9,10,E01018266,3,1,0.0,1.0,-1
2022351209239,2022,351209239,2,1,1,2,41,7,3,0,0,0,0,0,1,4,E01017947,3,1,0.0,1.0,-1
2023351379871,2023,351379871,2,1,1,2,75,10,2,0,0,0,0,0,1,10,E01018007,7,1,1.0,0.0,-1
2021351077822,2021,351077822,2,1,1,2,56,9,3,0,0,0,0,0,1,3,E01017944,3,1,0.0,1.0,-1
2023351364269,2023,351364269,2,1,1,2,36,7,2,0,0,0,0,0,1,8,E01017956,7,1,1.0,0.0,-1
2020350944684,2020,350944684,1,1,3,1,27,6,3,5,9,0,0,0,0,9,E01017958,3,1,0.0,1.0,-1
2020351030609,2020,351030609,2,3,2,1,57,9,3,0,0,2,0,0,9,4,E01013758,3,1,0.0,1.0,-1
2020351007969,2020,351007969,1,1,1,1,36,7,2,0,0,0,0,0,-1,3,E01017944,7,1,1.0,0.0,-1
2023351271005,2023,351271005,1,1,1,1,31,6,2,0,0,0,0,0,3,10,E01017959,7,1,1.0,0.0,-1
2021351053889,2021,351053889,1,1,2,2,24,5,3,0,0,1,0,0,9,4,E01017947,3,1,0.0,1.0,-1
2021351058915,2021,351058915,1,1,1,2,65,9,3,0,0,0,0,0,9,8,E01017987,3,1,0.0,1.0,-1
2021351092486,2021,351092486,2,1,1,1,24,5,3,0,0,0,0,0,3,10,E01018222,3,1,0.0,1.0,-1
2020350937204,2020,350937204,2,1,1,1,40,7,2,0,0,0,0,0,1,9,E01018287,7,1,1.0,0.0,-1
2020351012004,2020,351012004,2,1,1,1,36,7,3,0,0,0,0,0,1,3,E01017977,3,1,0.0,1.0,-1
2023351311737,2023,351311737,1,1,1,1,29,6,2,0,0,0,0,0,4,5,E01018273,7,1,1.0,0.0,-1
2024351422776,2024,351422776,1,1,1,1,41,7,3,0,0,0,0,0,3,6,E01017997,3,1,0.0,1.0,1
2024351534057,2024,351534057,2,1,1,-1,46,8,3,0,0,0,0,0,1,5,E01017953,3,1,0.0,1.0,1
2023351346836,2023,351346836,2,1,1,2,37,7,3,0,0,0,0,0,1,10,E01017955,3,1,0.0,1.0,-1
2024351519381,2024,351519381,2,2,2,2,35,6,3,0,0,1,0,0,9,7,E01021457,3,1,0.0,1.0,4
2024351442765,2024,351442765,1,1,1,1,50,8,3,0,0,0,0,0,9,5,E01018041,3,1,0.0,1.0,4
2024351493591,2024,351493591,1,3,2,1,12,3,3,0,0,2,0,0,9,8,E01028344,3,1,0.0,1.0,5
2021351118129,2021,351118129,2,1,1,1,37,7,2,0,0,0,0,0,1,10,E01017957,7,1,1.0,0.0,-1
2023351309227,2023,351309227,1,1,1,1,51,8,3,0,0,0,0,0,9,9,E01021151,3,1,0.0,1.0,-1
2022351249266,2022,351249266,1,1,1,2,62,9,2,0,0,0,0,0,9,3,E01017952,6,1,1.0,0.0,-1
2022351205653,2022,351205653,1,1,1,1,40,7,3,0,0,0,0,0,9,6,E01030071,3,1,0.0,1.0,-1
2021351048754,2021,351048754,1,1,1,1,36,7,3,0,0,0,0,0,9,10,E01018274,3,1,0.0,1.0,-1
2024351409334,2024,351409334,2,1,1,1,36,7,3,0,0,0,0,0,1,5,E01017973,3,1,0.0,1.0,1
2022351190770,2022,351190770,2,1,1,2,12,3,3,0,0,0,0,0,1,2,E01017948,3,1,0.0,1.0,-1
2021351107164,2021,351107164,1,1,1,2,26,6,3,0,0,0,0,0,9,7,E01018127,3,1,0.0,1.0,-1
2020350970314,2020,350970314,2,1,1,1,73,10,3,0,0,0,0,0,5,10,E01018295,3,1,0.0,1.0,-1
2022351176879,2022,351176879,1,1,1,1,42,7,3,0,0,0,0,0,1,5,E01018273,3,1,0.0,1.0,-1
2020351010387,2020,351010387,2,1,1,1,29,6,3,0,0,0,0,0,1,8,E01017950,3,1,0.0,1.0,-1
2022351214484,2022,351214484,2,2,2,2,66,10,3,0,0,-1,0,0,9,8,E01018297,3,1,0.0,1.0,-1
2022351138770,2022,351138770,2,1,1,1,83,11,3,0,0,0,0,0,9,5,E01017972,3,1,0.0,1.0,-1
2022351236850,2022,351236850,1,1,1,2,40,7,3,0,0,0,0,0,9,7,E01018279,3,1,0.0,1.0,-1
2021351064130,2021,351064130,1,1,1,1,31,6,3,0,0,0,0,0,3,8,E01018236,3,1,0.0,1.0,-1
2022351267803,2022,351267803,3,2,1,2,52,8,3,0,0,0,0,0,9,4,E01021849,3,1,0.0,1.0,-1
2021351063821,2021,351063821,1,1,1,1,50,8,2,0,0,0,0,0,1,8,E01017966,7,1,1.0,0.0,-1
2024351430716,2024,351430716,1,1,1,2,21,5,3,0,0,0,0,0,9,9,E01017988,3,1,0.0,1.0,1
2020350952385,2020,350952385,2,1,1,1,43,7,3,0,0,0,0,0,1,8,E01018001,3,1,0.0,1.0,-1
2020350985465,2020,350985465,2,1,1,2,39,7,3,0,0,0,0,0,9,3,E01017944,3,1,0.0,1.0,-1
2024351476144,2024,351476144,1,3,2,2,31,6,3,0,0,1,0,0,9,7,E01035524,3,1,0.0,1.0,1
2020350970614,2020,350970614,2,1,1,2,33,6,3,0,0,0,0,0,1,8,E01017956,3,1,0.0,1.0,-1
2020350994549,2020,350994549,2,1,1,1,39,7,3,0,0,0,0,0,9,4,E01001724,3,1,0.0,1.0,-1
2021351046490,2021,351046490,1,1,1,1,29,6,3,0,0,0,0,0,1,7,E01017976,3,1,0.0,1.0,-1
2022351170496,2022,351170496,2,1,1,1,17,4,3,0,0,0,0,0,1,10,E01018235,3,1,0.0,1.0,-1
2024351451151,2024,351451151,2,1,1,2,53,8,3,0,0,0,0,0,1,9,E01017968,3,1,0.0,1.0,1
2021351048809,2021,351048809,1,1,1,1,34,6,3,0,0,0,0,0,1,-1,-1,3,1,0.0,1.0,-1
2020350932568,2020,350932568,2,1,1,1,20,4,2,0,0,0,0,0,5,6,E01018056,7,1,1.0,0.0,-1
2021351080392,2021,351080392,2,1,1,1,19,4,3,0,0,0,0,0,1,6,E01017967,3,1,0.0,1.0,-1
2021351039748,2021,351039748,2,1,1,2,62,9,3,0,0,0,0,0,1,5,E01017960,3,1,0.0,1.0,-1
2023351328463,2023,351328463,1,1,3,1,50,8,3,5,1,0,0,0,0,3,E01017978,3,1,0.0,1.0,-1
2023351309162,2023,351309162,4,3,2,1,-1,-1,3,0,0,2,0,0,9,6,E01026904,3,1,0.0,1.0,-1
2022351164002,2022,351164002,1,1,1,2,66,10,3,0,0,0,0,0,9,5,E01013255,3,1,0.0,1.0,-1
2022351206980,2022,351206980,1,3,2,2,2,1,3,0,0,-1,0,0,9,5,E01032802,3,1,0.0,1.0,-1
2022351161627,2022,351161627,2,1,1,2,20,4,2,0,0,0,0,0,-1,7,E01017963,7,1,1.0,0.0,-1
2020350931198,2020,350931198,1,2,3,2,-1,-1,3,8,1,0,0,-1,0,7,E01023760,3,1,0.0,1.0,-1
2024351407899,2024,351407899,2,1,1,2,24,5,3,0,0,0,0,0,1,6,E01017965,3,1,0.0,1.0,1
2023351284082,2023,351284082,2,2,1,1,56,9,3,0,0,0,0,0,9,7,E01018011,3,1,0.0,1.0,-1
2023351389646,2023,351389646,2,1,1,2,14,3,3,0,0,0,0,0,1,10,E01017986,3,1,0.0,1.0,-1
2023351289917,2023,351289917,1,2,1,2,42,7,2,0,0,0,0,0,1,5,E01017972,7,1,1.0,0.0,-1
2023351373938,2023,351373938,2,1,1,1,30,6,2,0,0,0,0,0,1,6,E01017999,7,1,1.0,0.0,-1
2022351221298,2022,351221298,2,1,1,1,48,8,2,0,0,0,0,0,5,8,E01033116,5,1,1.0,0.0,-1
2020351004313,2020,351004313,2,1,1,2,43,7,3,0,0,0,0,0,1,6,E01017951,3,1,0.0,1.0,-1
2022351187127,2022,351187127,2,1,1,1,24,5,3,0,0,0,0,0,9,-1,-1,3,1,0.0,1.0,-1
2024351516793,2024,351516793,2,1,1,2,73,10,3,0,0,0,0,0,3,8,E01017992,3,1,0.0,1.0,1
2023351314170,2023,351314170,2,1,1,1,29,6,3,0,0,0,0,0,1,8,E01018001,3,1,0.0,1.0,-1
2021351134035,2021,351134035,1,1,1,1,33,6,3,0,0,0,0,0,9,6,E01017999,3,1,0.0,1.0,-1
2020350996172,2020,350996172,2,1,1,1,41,7,3,0,0,0,0,0,2,5,E01017997,3,1,0.0,1.0,-1
2022351229039,2022,351229039,1,1,3,2,17,4,3,5,9,0,0,0,0,7,E01032795,3,1,0.0,1.0,-1
2022351138349,2022,351138349,2,1,1,1,30,6,2,0,0,0,0,0,1,8,E01017989,6,1,1.0,0.0,-1
2024351432609,2024,351432609,2,1,2,2,38,7,3,0,0,1,0,0,9,6,E01018047,3,1,0.0,1.0,4
2021351070571,2021,351070571,1,1,1,1,55,8,3,0,0,0,0,0,9,4,E01030115,3,1,0.0,1.0,-1
2023351320771,2023,351320771,1,1,1,2,68,10,2,0,0,0,0,0,9,9,E01018221,6,1,1.0,0.0,-1
2021351105445,2021,351105445,1,2,2,1,15,3,3,0,0,0,0,0,4,-1,-1,3,1,0.0,1.0,-1
2022351225824,2022,351225824,1,1,1,1,51,8,3,0,0,0,0,0,9,8,E01033118,3,1,0.0,1.0,-1
2022351148255,2022,351148255,1,1,1,1,32,6,3,0,0,0,0,0,9,2,E01018078,3,1,0.0,1.0,-1
2022351143810,2022,351143810,2,2,1,1,37,7,3,0,0,0,0,0,9,7,E01016840,3,1,0.0,1.0,-1
2020350937917,2020,350937917,1,1,1,2,59,9,3,0,0,0,0,0,1,3,E01017975,3,1,0.0,1.0,-1
2020350935674,2020,350935674,2,1,1,2,64,9,3,0,0,0,0,0,9,7,E01017980,3,1,0.0,1.0,-1
2020350977966,2020,350977966,1,1,1,1,40,7,3,0,0,0,0,0,5,7,E01029896,3,1,0.0,1.0,-1
2023351287527,2023,351287527,2,1,1,1,22,5,2,0,0,0,0,0,1,10,E01017996,7,1,1.0,0.0,-1
2023351377459,2023,351377459,1,1,1,1,24,5,2,0,0,0,0,0,3,8,E01033116,6,1,1.0,0.0,-1
2022351152715,2022,351152715,1,1,1,1,16,4,3,0,0,0,0,0,1,5,E01017949,3,1,0.0,1.0,-1
2021351111168,2021,351111168,2,1,1,1,58,9,3,0,0,0,0,0,1,9,E01017998,3,1,0.0,1.0,-1
2020350987450,2020,350987450,1,1,3,2,18,4,3,6,1,0,0,-1,0,10,E01017996,3,1,0.0,1.0,-1
2022351130994,2022,351130994,2,1,1,2,31,6,3,0,0,0,0,0,1,5,E01017949,3,1,0.0,1.0,-1
2020350985461,2020,350985461,1,1,1,2,56,9,2,0,0,0,0,0,3,6,E01033121,7,1,1.0,0.0,-1
2022351214466,2022,351214466,2,1,1,1,16,4,3,0,0,0,0,0,1,8,E01017992,3,1,0.0,1.0,-1
2021351108229,2021,351108229,2,1,1,1,37,7,3,0,0,0,0,0,1,7,E01018243,3,1,0.0,1.0,-1
2022351185039,2022,351185039,2,1,1,2,49,8,3,0,0,0,0,0,1,9,E01023676,3,1,0.0,1.0,-1
2023351339961,2023,351339961,2,1,1,1,23,5,3,0,0,0,0,0,1,7,E01017980,3,1,0.0,1.0,-1
2023351321153,2023,351321153,2,1,1,1,33,6,3,0,0,0,0,0,1,6,E01033120,3,1,0.0,1.0,-1
2024351420626,2024,351420626,1,1,1,1,79,11,2,0,0,0,0,0,9,10,E01018262,5,1,1.0,0.0,2
2024351405584,2024,351405584,2,1,1,1,64,9,2,0,0,0,0,0,9,9,E01017998,5,1,1.0,0.0,1
2023351330505,2023,351330505,1,1,1,1,47,8,2,0,0,0,0,0,-1,4,E01017947,5,1,1.0,0.0,-1
2022351240020,2022,351240020,2,1,1,2,58,9,3,0,0,0,0,0,1,6,E01017951,3,1,0.0,1.0,-1
2020350999754,2020,350999754,2,2,1,1,23,5,3,0,0,0,0,0,3,9,E01018299,3,1,0.0,1.0,-1
2024351493591,2024,351493591,1,4,2,1,14,3,3,0,0,2,0,0,9,7,E01028255,3,1,0.0,1.0,5
2022351246315,2022,351246315,2,1,1,2,26,6,3,0,0,0,0,0,1,8,E01017983,3,1,0.0,1.0,-1
2022351260190,2022,351260190,2,1,1,1,38,7,3,0,0,0,0,0,19,-1,-1,3,1,0.0,1.0,-1
2020351005570,2020,351005570,2,1,1,2,49,8,3,0,0,0,0,0,1,5,E01017991,3,1,0.0,1.0,-1
2020350970607,2020,350970607,2,1,1,2,34,6,3,0,0,0,0,0,9,8,E01018238,3,1,0.0,1.0,-1
2023351308400,2023,351308400,2,2,1,1,17,4,2,0,0,0,0,0,3,8,E01026368,7,1,1.0,0.0,-1
2023351373790,2023,351373790,2,1,1,1,21,5,2,0,0,0,0,0,2,8,E01018280,7,1,1.0,0.0,-1
2022351162830,2022,351162830,2,1,1,2,34,6,3,0,0,0,0,0,1,6,E01017999,3,1,0.0,1.0,-1
2020350963810,2020,350963810,1,1,3,2,29,6,3,10,9,0,0,0,0,-1,-1,3,1,0.0,1.0,-1
2024351473739,2024,351473739,1,1,1,1,34,6,3,0,0,0,0,0,9,7,E01018023,3,1,0.0,1.0,3
2020350957039,2020,350957039,2,1,1,2,49,8,3,0,0,0,0,0,1,6,E01033121,3,1,0.0,1.0,-1
2020350944314,2020,350944314,2,1,1,2,28,6,3,0,0,0,0,0,1,10,E01018232,3,1,0.0,1.0,-1
2023351372426,2023,351372426,2,1,1,2,54,8,3,0,0,0,0,0,1,8,E01018224,3,1,0.0,1.0,-1
2022351161718,2022,351161718,2,1,1,1,43,7,3,0,0,0,0,0,1,3,E01017977,3,1,0.0,1.0,-1
2023351345037,2023,351345037,1,2,1,1,65,9,2,0,0,0,0,0,1,10,E01018259,7,1,1.0,0.0,-1
2023351287478,2023,351287478,2,1,1,2,45,7,3,0,0,0,0,0,9,3,E01021823,3,1,0.0,1.0,-1
2024351424479,2024,351424479,1,1,3,2,16,4,2,1,9,0,0,-1,0,7,E01035525,7,1,1.0,0.0,1
2023351342259,2023,351342259,2,1,2,1,32,6,3,0,0,1,0,0,9,7,E01032795,3,1,0.0,1.0,-1
2021351108235,2021,351108235,1,1,3,1,3,1,2,1,3,0,0,0,0,6,E01033120,7,1,1.0,0.0,-1
2023351274774,2023,351274774,2,1,1,2,55,8,3,0,0,0,0,0,1,6,E01017951,3,1,0.0,1.0,-1
2020350950522,2020,350950522,1,1,1,2,70,10,3,0,0,0,0,0,9,6,E01017973,3,1,0.0,1.0,-1
2022351185473,2022,351185473,2,1,1,1,47,8,3,0,0,0,0,0,1,10,E01018234,3,1,0.0,1.0,-1
2021351098197,2021,351098197,2,1,1,2,38,7,3,0,0,0,0,0,1,10,E01017995,3,1,0.0,1.0,-1
2023351382764,2023,351382764,2,1,1,2,27,6,3,0,0,0,0,0,1,8,E01018001,3,1,0.0,1.0,-1
2023351294350,2023,351294350,2,1,1,1,57,9,3,0,0,0,0,0,1,9,E01017968,3,1,0.0,1.0,-1
2022351203015,2022,351203015,1,1,1,1,52,8,2,0,0,0,0,0,9,4,E01017512,6,1,1.0,0.0,-1
2021351072523,2021,351072523,1,2,2,2,86,11,3,0,0,1,0,0,9,9,E01018012,3,1,0.0,1.0,-1
2021351084441,2021,351084441,2,1,1,1,33,6,3,0,0,0,0,0,3,5,E01033113,3,1,0.0,1.0,-1
2023351339479,2023,351339479,2,1,1,2,20,4,2,0,0,0,0,0,1,6,E01033120,7,1,1.0,0.0,-1
2022351218983,2022,351218983,2,1,1,1,19,4,3,0,0,0,0,0,-1,6,E01024303,3,1,0.0,1.0,-1
2024351498530,2024,351498530,2,1,1,1,31,6,3,0,0,0,0,0,1,-1,-1,3,1,0.0,1.0,-1
2021351022215,2021,351022215,2,1,1,2,64,9,2,0,0,0,0,0,1,9,E01017958,6,1,1.0,0.0,-1
2021351108667,2021,351108667,2,1,1,1,58,9,2,0,0,0,0,0,1,3,E01029954,6,1,1.0,0.0,-1
2021351095378,2021,351095378,2,1,1,1,37,7,3,0,0,0,0,0,9,10,E01027075,3,1,0.0,1.0,-1
2021351100271,2021,351100271,2,2,1,1,42,7,3,0,0,0,0,0,9,-1,-1,3,1,0.0,1.0,-1
2023351384299,2023,351384299,2,1,1,1,17,4,3,0,0,0,0,0,1,4,E01017953,3,1,0.0,1.0,-1
2022351168924,2022,351168924,2,2,2,2,22,5,3,0,0,1,0,0,9,6,E01033121,3,1,0.0,1.0,-1
2023351287414,2023,351287414,2,1,1,1,38,7,3,0,0,0,0,0,3,-1,-1,3,1,0.0,1.0,-1
2024351431773,2024,351431773,2,1,1,1,25,5,3,0,0,0,0,0,1,6,E01017997,3,1,0.0,1.0,1
2023351270922,2023,351270922,1,1,3,2,62,9,2,10,9,0,0,0,0,10,E01018258,7,1,1.0,0.0,-1
2024351544974,2024,351544974,2,1,1,2,33,6,3,0,0,0,0,0,-1,2,E01017948,3,1,0.0,1.0,1
2020350985567,2020,350985567,1,1,1,1,22,5,3,0,0,0,0,0,1,10,E01017985,3,1,0.0,1.0,-1
2024351458321,2024,351458321,3,3,1,2,20,4,3,0,0,0,0,0,9,6,E01017943,3,1,0.0,1.0,1
2021351051204,2021,351051204,1,1,1,1,17,4,3,0,0,0,0,0,1,7,E01017969,3,1,0.0,1.0,-1
2024351412398,2024,351412398,2,1,1,1,25,5,3,0,0,0,0,0,1,7,E01035528,3,1,0.0,1.0,1
2022351223114,2022,351223114,1,1,1,-1,-1,-1,3,0,0,0,0,0,9,-1,-1,3,1,0.0,1.0,-1
2022351206980,2022,351206980,1,5,2,2,1,1,2,0,0,-1,0,0,9,6,E01018169,5,1,1.0,0.0,-1
2022351188847,2022,351188847,2,1,1,2,65,9,3,0,0,0,0,0,9,-1,-1,3,1,0.0,1.0,-1
2022351228648,2022,351228648,3,2,1,1,61,9,2,0,0,0,0,0,1,7,E01032797,7,1,1.0,0.0,-1
2022351251741,2022,351251741,1,2,2,1,38,7,3,0,0,1,0,0,9,3,E01017977,3,1,0.0,1.0,-1
2022351235167,2022,351235167,1,4,2,2,19,4,2,0,0,2,0,0,9,4,E01017947,7,1,1.0,0.0,-1
2022351248843,2022,351248843,1,3,2,1,18,4,3,0,0,-1,0,0,9,9,E01018221,3,1,0.0,1.0,-1
2023351305264,2023,351305264,1,1,1,2,27,6,2,0,0,0,0,0,1,7,E01017980,6,1,1.0,0.0,-1
2022351196018,2022,351196018,1,1,1,1,51,8,2,0,0,0,0,0,5,9,E01030107,6,1,1.0,0.0,-1
2021351039328,2021,351039328,2,1,1,1,16,4,3,0,0,0,0,0,2,3,E01017975,3,1,0.0,1.0,-1
2023351307988,2023,351307988,1,1,3,2,-1,-1,3,1,3,0,0,0,0,-1,-1,3,1,0.0,1.0,-1
2021351110132,2021,351110132,3,3,1,1,17,4,3,0,0,0,0,0,9,10,E01018245,3,1,0.0,1.0,-1
2022351264531,2022,351264531,2,1,1,1,47,8,3,0,0,0,0,0,1,9,E01018287,3,1,0.0,1.0,-1
2023351372990,2023,351372990,1,1,1,1,33,6,2,0,0,0,0,0,2,6,E01017943,6,1,1.0,0.0,-1
2023351274783,2023,351274783,2,1,1,2,58,9,3,0,0,0,0,0,9,8,E01018236,3,1,0.0,1.0,-1
2023351309162,2023,351309162,2,1,1,2,19,4,3,0,0,0,0,0,9,6,E01018056,3,1,0.0,1.0,-1
2021351021893,2021,351021893,1,1,1,2,62,9,3,0,0,0,0,0,9,9,E01018296,3,1,0.0,1.0,-1
2020351020592,2020,351020592,2,1,1,1,33,6,3,0,0,0,0,0,1,10,E01018292,3,1,0.0,1.0,-1
2020350950522,2020,350950522,1,2,2,2,9,2,3,0,0,2,0,0,9,7,E01018002,3,1,0.0,1.0,-1
2024351473739,2024,351473739,2,3,2,1,80,11,2,0,0,1,0,0,9,9,E01018012,6,1,1.0,0.0,1
2024351525247,2024,351525247,2,1,1,1,40,7,3,0,0,0,0,0,1,6,E01017994,3,1,0.0,1.0,1
2023351271917,2023,351271917,2,1,1,2,30,6,3,0,0,0,0,0,1,8,E01017989,3,1,0.0,1.0,-1
2023351284082,2023,351284082,1,1,1,1,73,10,3,0,0,0,0,0,9,9,E01018296,3,1,0.0,1.0,-1
2023351381230,2023,351381230,1,1,1,2,33,6,3,0,0,0,0,0,3,3,E01017952,3,1,0.0,1.0,-1
2024351539320,2024,351539320,2,1,1,2,31,6,3,0,0,0,0,0,1,7,E01035526,3,1,0.0,1.0,1
2021351060852,2021,351060852,2,1,1,2,79,11,3,0,0,0,0,0,1,9,E01018250,3,1,0.0,1.0,-1
2021351108979,2021,351108979,1,1,3,2,52,8,1,6,7,0,0,0,0,8,E01017987,1,1,0.0,0.0,-1
2024351404432,2024,351404432,2,1,1,1,25,5,3,0,0,0,0,0,90,10,E01018256,3,1,0.0,1.0,1
2021351027047,2021,351027047,2,1,1,2,39,7,3,0,0,0,0,0,1,8,E01017987,3,1,0.0,1.0,-1
2022351246298,2022,351246298,1,1,1,1,28,6,3,0,0,0,0,0,9,8,E01033119,3,1,0.0,1.0,-1
2021351121031,2021,351121031,1,1,1,2,41,7,3,0,0,0,0,0,9,-1,-1,3,1,0.0,1.0,-1
2021351063859,2021,351063859,1,1,1,2,32,6,3,0,0,0,0,0,9,6,E01027057,3,1,0.0,1.0,-1
2022351154954,2022,351154954,2,1,2,2,17,4,3,0,0,-1,0,0,9,4,E01009518,3,1,0.0,1.0,-1
2023351292475,2023,351292475,2,1,1,1,39,7,3,0,0,0,0,0,1,10,E01018266,3,1,0.0,1.0,-1
2020350921927,2020,350921927,2,1,1,2,24,5,3,0,0,0,0,0,9,3,E01030114,3,1,0.0,1.0,-1
2023351341568,2023,351341568,2,1,1,1,27,6,3,0,0,0,0,0,1,5,E01017960,3,1,0.0,1.0,-1
2023351388660,2023,351388660,2,1,1,2,17,4,3,0,0,0,0,0,3,7,E01018011,3,1,0.0,1.0,-1
2020351011158,2020,351011158,1,1,1,1,20,4,3,0,0,0,0,0,9,9,E01033188,3,1,0.0,1.0,-1
2022351152414,2022,351152414,1,1,1,2,-1,-1,3,0,0,0,0,0,1,7,E01017965,3,1,0.0,1.0,-1
2023351273435,2023,351273435,2,1,1,1,20,4,3,0,0,0,0,0,1,10,E01017985,3,1,0.0,1.0,-1
2021351076507,2021,351076507,2,1,1,1,54,8,3,0,0,0,0,0,1,6,E01017973,3,1,0.0,1.0,-1
2022351205297,2022,351205297,1,1,3,1,49,8,3,10,9,0,0,2,0,8,E01021718,3,1,0.0,1.0,-1
2021351088281,2021,351088281,2,1,1,1,16,4,2,0,0,0,0,0,1,10,E01018256,7,1,1.0,0.0,-1
2023351290736,2023,351290736,1,1,3,1,41,7,3,6,9,0,0,0,0,5,E01017997,3,1,0.0,1.0,-1
2020350941565,2020,350941565,1,1,1,2,29,6,2,0,0,0,0,0,1,3,E01017971,6,1,1.0,0.0,-1
2020350975510,2020,350975510,2,1,1,1,30,6,3,0,0,0,0,0,1,4,E01017947,3,1,0.0,1.0,-1
2020351006978,2020,351006978,1,1,1,1,38,7,3,0,0,0,0,0,9,8,E01033119,3,1,0.0,1.0,-1
2021351024201,2021,351024201,2,1,1,2,36,7,3,0,0,0,0,0,1,10,E01018251,3,1,0.0,1.0,-1
2023351339296,2023,351339296,2,2,1,1,48,8,2,0,0,0,0,0,9,6,E01017951,7,1,1.0,0.0,-1
2021351106015,2021,351106015,1,1,1,1,28,6,2,0,0,0,0,0,9,9,E01017998,7,1,1.0,0.0,-1
2020350966468,2020,350966468,2,1,1,1,31,6,3,0,0,0,0,0,5,7,E01018243,3,1,0.0,1.0,-1
2022351174879,2022,351174879,2,1,1,1,20,4,3,0,0,0,0,0,9,7,E01018057,3,1,0.0,1.0,-1
2020350968877,2020,350968877,2,1,1,1,57,9,1,0,0,0,0,0,1,-1,-1,1,1,0.0,0.0,-1
2020351006978,2020,351006978,1,3,2,2,34,6,3,0,0,1,0,0,9,8,E01017990,3,1,0.0,1.0,-1
2022351181652,2022,351181652,1,1,1,1,19,4,3,0,0,0,0,0,3,6,E01018005,3,1,0.0,1.0,-1
2022351171092,2022,351171092,2,1,1,1,51,8,3,0,0,0,0,0,1,8,E01017950,3,1,0.0,1.0,-1
2024351550265,2024,351550265,2,1,1,1,20,4,2,0,0,0,0,0,3,6,E01017997,7,1,1.0,0.0,1
2021351020594,2021,351020594,1,1,1,2,23,5,3,0,0,0,0,0,9,7,E01018255,3,1,0.0,1.0,-1
2022351242365,2022,351242365,1,1,1,1,24,5,2,0,0,0,0,0,3,7,E01032795,7,1,1.0,0.0,-1
2024351424920,2024,351424920,2,1,1,1,50,8,2,0,0,0,0,0,1,8,E01035519,7,1,1.0,0.0,1
2022351165346,2022,351165346,1,1,2,1,43,7,3,0,0,1,0,0,9,7,E01017963,3,1,0.0,1.0,-1
2023351358980,2023,351358980,2,1,1,2,-1,-1,3,0,0,0,0,0,19,5,E01018163,3,1,0.0,1.0,-1
2021351030767,2021,351030767,2,1,1,1,35,6,3,0,0,0,0,0,1,-1,-1,3,1,0.0,1.0,-1
2022351164016,2022,351164016,1,2,2,1,-1,-1,3,0,0,0,0,0,3,-1,-1,3,1,0.0,1.0,-1
2022351209695,2022,351209695,1,1,3,2,30,6,3,6,9,0,0,0,0,3,E01017977,3,1,0.0,1.0,-1
2023351368831,2023,351368831,2,2,2,2,17,4,3,0,0,0,0,0,9,-1,-1,3,1,0.0,1.0,-1
2022351248843,2022,351248843,1,1,1,1,18,4,3,0,0,0,0,0,9,8,E01018276,3,1,0.0,1.0,-1
2023351353459,2023,351353459,1,1,3,2,43,7,3,1,1,0,0,0,0,10,E01018263,3,1,0.0,1.0,-1
2021351051846,2021,351051846,1,1,1,2,21,5,2,0,0,0,0,0,1,9,E01017998,7,1,1.0,0.0,-1
2022351146535,2022,351146535,1,1,3,1,56,9,3,4,3,0,0,0,0,10,E01017959,3,1,0.0,1.0,-1
2022351178663,2022,351178663,2,1,1,1,27,6,3,0,0,0,0,0,1,6,E01018304,3,1,0.0,1.0,-1
2021351109284,2021,351109284,2,1,1,2,16,4,3,0,0,0,0,0,1,7,E01018002,3,1,0.0,1.0,-1
2022351263701,2022,351263701,2,1,1,1,28,6,3,0,0,0,0,0,8,3,E01017979,3,1,0.0,1.0,-1
2021351046372,2021,351046372,1,2,1,1,18,4,2,0,0,0,0,0,3,6,E01033121,7,1,1.0,0.0,-1
2022351176425,2022,351176425,2,1,1,2,22,5,3,0,0,0,0,0,1,10,E01017985,3,1,0.0,1.0,-1
2023351396872,2023,351396872,1,1,1,1,58,9,3,0,0,0,0,0,21,6,E01033453,3,1,0.0,1.0,-1
2021351128563,2021,351128563,2,2,1,1,35,6,3,0,0,0,0,0,19,6,E01018052,3,1,0.0,1.0,-1
2023351364168,2023,351364168,2,1,1,2,23,5,2,0,0,0,0,0,1,10,E01018248,7,1,1.0,0.0,-1
2020350960952,2020,350960952,2,1,1,1,15,3,3,0,0,0,0,0,1,5,E01017997,3,1,0.0,1.0,-1
2020351030344,2020,351030344,2,1,1,2,31,6,3,0,0,0,0,0,1,5,E01017997,3,1,0.0,1.0,-1
2021351063451,2021,351063451,2,1,1,1,50,8,3,0,0,0,0,0,1,6,E01033120,3,1,0.0,1.0,-1
2024351458321,2024,351458321,2,2,1,1,63,9,3,0,0,0,0,0,19,8,E01015645,3,1,0.0,1.0,4
2020350955396,2020,350955396,2,1,1,1,30,6,2,0,0,0,0,0,1,-1,-1,6,1,1.0,0.0,-1
2024351415446,2024,351415446,2,1,1,1,44,7,3,0,0,0,0,0,1,10,E01018260,3,1,0.0,1.0,1
2020350992297,2020,350992297,2,1,2,2,72,10,3,0,0,1,0,0,9,3,E01017944,3,1,0.0,1.0,-1
2020350928746,2020,350928746,2,1,1,2,37,7,2,0,0,0,0,0,1,8,E01017956,7,1,1.0,0.0,-1
2024351432609,2024,351432609,2,2,1,2,57,9,3,0,0,0,0,0,9,6,E01017963,3,1,0.0,1.0,1
2020350922193,2020,350922193,1,1,3,2,22,5,3,1,1,0,0,0,0,10,E01023881,3,1,0.0,1.0,-1
2023351382420,2023,351382420,2,1,1,1,36,7,3,0,0,0,0,0,23,6,E01018151,3,1,0.0,1.0,-1
2020350997973,2020,350997973,2,1,1,2,60,9,3,0,0,0,0,0,1,9,E01018299,3,1,0.0,1.0,-1
2024351433127,2024,351433127,2,1,1,2,57,9,3,0,0,0,0,0,1,7,E01035528,3,1,0.0,1.0,1
2021351013720,2021,351013720,1,1,3,2,74,10,2,4,1,0,0,0,0,9,E01017993,5,1,1.0,0.0,-1
2020351011191,2020,351011191,1,1,1,1,21,5,2,0,0,0,0,0,3,4,E01026254,7,1,1.0,0.0,-1
2023351330456,2023,351330456,1,1,1,2,20,4,3,0,0,0,0,0,1,10,E01017986,3,1,0.0,1.0,-1
2020350953190,2020,350953190,2,1,1,2,66,10,3,0,0,0,0,0,1,5,E01018009,3,1,0.0,1.0,-1
2022351203147,2022,351203147,2,2,1,1,18,4,2,0,0,0,0,0,3,8,E01018003,5,1,1.0,0.0,-1
2023351298919,2023,351298919,1,1,1,2,62,9,3,0,0,0,0,0,9,8,E01018129,3,1,0.0,1.0,-1
2021351040902,2021,351040902,2,1,1,1,35,6,3,0,0,0,0,0,22,2,E01017946,3,1,0.0,1.0,-1
2020350962192,2020,350962192,2,1,1,1,40,7,3,0,0,0,0,0,3,10,E01018237,3,1,0.0,1.0,-1
2024351510253,2024,351510253,3,2,1,2,45,7,3,0,0,0,0,0,9,7,E01022097,3,1,0.0,1.0,4
2023351311479,2023,351311479,2,1,1,2,59,9,3,0,0,0,0,0,1,8,E01018000,3,1,0.0,1.0,-1
2020350988727,2020,350988727,2,1,1,1,42,7,3,0,0,0,0,0,9,7,E01017965,3,1,0.0,1.0,-1
2022351172769,2022,351172769,2,1,1,1,72,10,3,0,0,0,0,0,1,7,E01018002,3,1,0.0,1.0,-1
2023351337225,2023,351337225,2,1,1,1,73,10,2,0,0,0,0,0,1,9,E01018250,7,1,1.0,0.0,-1
2023351314179,2023,351314179,2,1,1,1,57,9,3,0,0,0,0,0,1,9,E01017988,3,1,0.0,1.0,-1
2022351139174,2022,351139174,1,1,1,2,83,11,2,0,0,0,0,0,9,9,E01026334,7,1,1.0,0.0,-1
2022351143281,2022,351143281,1,1,1,1,25,5,2,0,0,0,0,0,9,2,E01033440,7,1,1.0,0.0,-1
2023351283974,2023,351283974,2,2,1,1,53,8,2,0,0,0,0,0,9,9,E01018221,6,1,1.0,0.0,-1
2023351338109,2023,351338109,2,1,1,1,19,4,2,0,0,0,0,0,-1,7,E01017994,7,1,1.0,0.0,-1
2020350929201,2020,350929201,2,1,1,1,51,8,3,0,0,0,0,0,1,8,E01018224,3,1,0.0,1.0,-1
2024351562157,2024,351562157,2,2,1,1,45,7,3,0,0,0,0,0,9,9,E01035520,3,1,0.0,1.0,1
2021351063621,2021,351063621,2,1,1,1,73,10,2,0,0,0,0,0,1,8,E01018242,5,1,1.0,0.0,-1
2023351340709,2023,351340709,1,1,1,1,19,4,3,0,0,0,0,0,1,10,E01018272,3,1,0.0,1.0,-1
2024351413184,2024,351413184,2,1,1,1,35,6,3,0,0,0,0,0,1,7,E01035527,3,1,0.0,1.0,1
2022351167711,2022,351167711,2,1,1,2,55,8,2,0,0,0,0,0,1,9,E01018287,7,1,1.0,0.0,-1
2022351139203,2022,351139203,2,2,1,1,17,4,3,0,0,0,0,0,3,3,E01017979,3,1,0.0,1.0,-1
2020350946210,2020,350946210,2,1,1,1,42,7,3,0,0,0,0,0,1,10,E01018295,3,1,0.0,1.0,-1
2024351468674,2024,351468674,2,1,1,1,14,3,3,0,0,0,0,0,1,8,E01017987,3,1,0.0,1.0,1
2022351137202,2022,351137202,1,1,1,1,23,5,3,0,0,0,0,0,9,7,E01018243,3,1,0.0,1.0,-1
2022351181298,2022,351181298,2,1,1,2,14,3,3,0,0,0,0,0,1,9,E01018298,3,1,0.0,1.0,-1
2021351018945,2021,351018945,1,1,1,2,18,4,3,0,0,0,0,0,9,10,E01018007,3,1,0.0,1.0,-1
2022351155811,2022,351155811,2,1,2,2,2,1,3,0,0,0,0,0,1,3,E01017977,3,1,0.0,1.0,-1
2020350961519,2020,350961519,2,1,1,1,35,6,3,0,0,0,0,0,1,8,E01032794,3,1,0.0,1.0,-1
2023351367636,2023,351367636,1,1,1,1,30,6,3,0,0,0,0,0,9,8,E01033116,3,1,0.0,1.0,-1
2021351111610,2021,351111610,1,3,3,2,23,5,3,6,9,0,0,2,0,-1,-1,3,1,0.0,1.0,-1
2022351152398,2022,351152398,2,1,1,2,37,7,2,0,0,0,0,0,23,7,E01017976,6,1,1.0,0.0,-1
2021351017431,2021,351017431,1,1,1,2,26,6,3,0,0,0,0,0,9,8,E01033115,3,1,0.0,1.0,-1
2022351193798,2022,351193798,2,1,1,2,40,7,3,0,0,0,0,0,1,9,E01018287,3,1,0.0,1.0,-1
2024351491022,2024,351491022,2,1,1,1,32,6,3,0,0,0,0,0,1,8,E01018224,3,1,0.0,1.0,2
2024351500570,2024,351500570,1,1,1,1,57,9,3,0,0,0,0,0,1,-1,-1,3,1,0.0,1.0,-1
2022351178243,2022,351178243,2,1,1,1,17,4,3,0,0,0,0,0,1,10,E01018260,3,1,0.0,1.0,-1
2022351149629,2022,351149629,1,1,3,1,70,10,3,10,5,0,0,0,0,8,E01018297,3,1,0.0,1.0,-1
2024351519842,2024,351519842,2,1,1,2,38,7,3,0,0,0,0,0,1,8,E01032794,3,1,0.0,1.0,1
2022351208064,2022,351208064,2,1,1,1,45,7,3,0,0,0,0,0,9,9,E01023460,3,1,0.0,1.0,-1
2021351072523,2021,351072523,1,1,1,1,88,11,2,0,0,0,0,0,9,9,E01018012,7,1,1.0,0.0,-1
2022351183582,2022,351183582,2,1,1,2,19,4,3,0,0,0,0,0,-1,6,E01017967,3,1,0.0,1.0,-1
2022351199855,2022,351199855,1,1,1,1,26,6,3,0,0,0,0,0,1,7,E01032797,3,1,0.0,1.0,-1
2024351509781,2024,351509781,2,1,1,1,27,6,3,0,0,0,0,0,1,10,E01018258,3,1,0.0,1.0,2
2022351280129,2022,351280129,1,1,1,2,77,11,2,0,0,0,0,0,9,10,E01018258,7,1,1.0,0.0,-1
2023351328195,2023,351328195,2,1,1,1,54,8,3,0,0,0,0,0,1,6,E01017999,3,1,0.0,1.0,-1
2023351356026,2023,351356026,2,1,1,1,66,10,3,0,0,0,0,0,9,9,E01018205,3,1,0.0,1.0,-1
2021351056102,2021,351056102,1,1,1,2,58,9,3,0,0,0,0,0,23,5,E01017960,3,1,0.0,1.0,-1
2024351498696,2024,351498696,1,1,1,1,40,7,3,0,0,0,0,0,-1,7,E01035522,3,1,0.0,1.0,1
2024351419345,2024,351419345,2,1,1,1,55,8,3,0,0,0,0,0,3,9,E01018299,3,1,0.0,1.0,2
2021351075036,2021,351075036,2,1,1,2,42,7,3,0,0,0,0,0,9,8,E01017956,3,1,0.0,1.0,-1
2022351188309,2022,351188309,2,1,1,2,46,8,3,0,0,0,0,0,9,8,E01017992,3,1,0.0,1.0,-1
2020350964797,2020,350964797,1,1,1,1,49,8,2,0,0,0,0,0,4,-1,-1,6,1,1.0,0.0,-1
2024351488861,2024,351488861,2,2,1,1,24,5,3,0,0,0,0,0,19,8,E01023672,3,1,0.0,1.0,4
2022351267803,2022,351267803,2,1,1,2,32,6,3,0,0,0,0,0,9,7,E01018011,3,1,0.0,1.0,-1
2021351090906,2021,351090906,2,1,1,1,27,6,3,0,0,0,0,0,1,9,E01017988,3,1,0.0,1.0,-1
2022351155099,2022,351155099,1,1,1,1,20,4,2,0,0,0,0,0,9,3,E01030114,7,1,1.0,0.0,-1
2021351129449,2021,351129449,2,2,1,1,47,8,3,0,0,0,0,0,9,10,E01018267,3,1,0.0,1.0,-1
2020350983711,2020,350983711,2,1,1,2,19,4,2,0,0,0,0,0,1,7,E01017965,7,1,1.0,0.0,-1
2020350994192,2020,350994192,1,1,1,2,22,5,3,0,0,0,0,0,1,8,E01017989,3,1,0.0,1.0,-1
2021351095471,2021,351095471,3,2,1,1,9,2,3,0,0,0,0,0,1,7,E01018002,3,1,0.0,1.0,-1
2023351396660,2023,351396660,1,1,1,1,35,6,3,0,0,0,0,0,1,8,E01017950,3,1,0.0,1.0,-1
2023351317655,2023,351317655,2,1,1,2,-1,-1,3,0,0,0,0,0,9,7,E01033427,3,1,0.0,1.0,-1
2020351001464,2020,351001464,2,2,1,1,68,10,3,0,0,0,0,0,9,10,E01018272,3,1,0.0,1.0,-1
2024351500973,2024,351500973,3,1,1,2,22,5,3,0,0,0,0,0,9,5,E01033121,3,1,0.0,1.0,1
2024351493406,2024,351493406,2,1,1,2,75,10,3,0,0,0,0,0,9,10,E01018295,3,1,0.0,1.0,1
2022351206980,2022,351206980,1,2,2,2,3,1,3,0,0,-1,0,0,9,5,E01032802,3,1,0.0,1.0,-1
2024351541885,2024,351541885,1,1,1,2,33,6,3,0,0,0,0,0,9,8,E01034566,3,1,0.0,1.0,4
2020351001464,2020,351001464,1,1,1,1,21,5,3,0,0,0,0,0,9,10,E01018259,3,1,0.0,1.0,-1
2023351389769,2023,351389769,1,1,1,1,34,6,3,0,0,0,0,0,9,4,E01009111,3,1,0.0,1.0,-1
2022351247578,2022,351247578,1,1,1,1,71,10,3,0,0,0,0,0,9,1,E01033211,3,1,0.0,1.0,-1
2023351324076,2023,351324076,2,1,1,2,-1,-1,3,0,0,0,0,0,1,-1,-1,3,1,0.0,1.0,-1
2023351394691,2023,351394691,1,1,1,1,57,9,3,0,0,0,0,0,9,10,-1,3,1,0.0,1.0,-1
2023351273282,2023,351273282,2,1,1,2,23,5,3,0,0,0,0,0,9,-1,-1,3,1,0.0,1.0,-1
2020350926563,2020,350926563,2,1,1,1,36,7,3,0,0,0,0,0,1,8,E01018297,3,1,0.0,1.0,-1
2021351131404,2021,351131404,1,3,2,1,9,2,3,0,0,2,0,0,9,8,E01018223,3,1,0.0,1.0,-1
2021351021983,2021,351021983,2,1,1,2,32,6,3,0,0,0,0,0,1,8,E01017984,3,1,0.0,1.0,-1
2020350954873,2020,350954873,1,1,3,2,7,2,3,5,3,0,0,0,0,8,E01018225,3,1,0.0,1.0,-1
2022351237447,2022,351237447,1,2,3,2,42,7,3,5,1,0,0,0,0,7,E01018002,3,1,0.0,1.0,-1
2024351438321,2024,351438321,1,1,1,1,56,9,2,0,0,0,0,0,5,7,E01018053,6,1,1.0,0.0,3
2020350979984,2020,350979984,1,1,1,1,24,5,3,0,0,0,0,0,1,10,E01018274,3,1,0.0,1.0,-1
2021351054717,2021,351054717,2,1,1,2,29,6,3,0,0,0,0,0,9,8,E01018132,3,1,0.0,1.0,-1
2022351253410,2022,351253410,1,1,3,1,-1,-1,3,5,1,0,0,0,0,-1,-1,3,1,0.0,1.0,-1
2022351203015,2022,351203015,2,5,2,1,-1,-1,3,0,0,2,0,0,9,-1,-1,3,1,0.0,1.0,-1
2023351301518,2023,351301518,2,1,1,1,33,6,3,0,0,0,0,0,4,6,E01018190,3,1,0.0,1.0,-1
2024351438662,2024,351438662,2,1,1,2,43,7,3,0,0,0,0,0,1,5,E01017953,3,1,0.0,1.0,1
2023351319455,2023,351319455,1,1,3,2,52,8,2,1,2,0,0,0,0,6,E01018741,7,1,1.0,0.0,-1
2020351005830,2020,351005830,1,1,3,1,3,1,3,5,4,0,0,0,0,6,E01033120,3,1,0.0,1.0,-1
2022351240912,2022,351240912,2,1,1,1,22,5,3,0,0,0,0,0,-1,6,E01029956,3,1,0.0,1.0,-1
2021351125367,2021,351125367,1,1,1,1,61,9,2,0,0,0,0,0,9,9,E01018202,5,1,1.0,0.0,-1
2023351383793,2023,351383793,2,1,1,1,19,4,2,0,0,0,0,0,3,8,E01033116,7,1,1.0,0.0,-1
2023351282324,2023,351282324,2,1,1,1,24,5,3,0,0,0,0,0,1,9,E01017958,3,1,0.0,1.0,-1
2020350977373,2020,350977373,1,1,1,1,18,4,3,0,0,0,0,0,9,8,E01017984,3,1,0.0,1.0,-1
2023351381274,2023,351381274,1,1,1,2,-1,-1,2,0,0,0,0,0,1,-1,-1,7,1,1.0,0.0,-1
2023351374959,2023,351374959,2,1,1,1,75,10,2,0,0,0,0,0,1,8,E01018003,6,1,1.0,0.0,-1
2022351187127,2022,351187127,1,2,1,2,48,8,3,0,0,0,0,0,9,10,E01018262,3,1,0.0,1.0,-1
2020351003812,2020,351003812,2,2,1,1,20,4,3,0,0,0,0,0,9,7,E01018243,3,1,0.0,1.0,-1
2023351372529,2023,351372529,2,1,1,1,18,4,2,0,0,0,0,0,3,3,E01017979,7,1,1.0,0.0,-1
2023351366343,2023,351366343,1,1,1,1,40,7,3,0,0,0,0,0,9,-1,-1,3,1,0.0,1.0,-1
2024351479648,2024,351479648,1,1,3,2,20,4,2,5,1,0,0,-1,0,8,E01018224,7,1,1.0,0.0,1
2020350956903,2020,350956903,1,1,1,1,54,8,3,0,0,0,0,0,19,9,E01017993,3,1,0.0,1.0,-1
2022351242090,2022,351242090,1,1,3,1,-1,-1,3,5,9,0,0,0,0,-1,-1,3,1,0.0,1.0,-1
2020350983302,2020,350983302,1,1,2,2,26,6,2,0,0,0,-1,0,11,10,E01018253,7,1,1.0,0.0,-1
2024351542334,2024,351542334,2,2,1,1,60,9,3,0,0,0,0,0,9,5,E01018067,3,1,0.0,1.0,4
2021351100997,2021,351100997,2,1,1,2,24,5,3,0,0,0,0,0,9,1,E01010484,3,1,0.0,1.0,-1
2022351265862,2022,351265862,1,1,1,2,30,6,3,0,0,0,0,0,9,8,E01018003,3,1,0.0,1.0,-1
2023351377393,2023,351377393,1,1,1,1,51,8,2,0,0,0,0,0,1,3,E01017979,7,1,1.0,0.0,-1
2022351218775,2022,351218775,2,1,1,1,45,7,3,0,0,0,0,0,3,3,E01017952,3,1,0.0,1.0,-1
2021351115503,2021,351115503,2,2,1,1,37,7,3,0,0,0,0,0,9,4,E01030108,3,1,0.0,1.0,-1
2023351347088,2023,351347088,1,1,2,2,40,7,3,0,0,2,0,0,8,3,E01029954,3,1,0.0,1.0,-1
2020350953930,2020,350953930,1,1,1,1,32,6,3,0,0,0,0,0,20,9,E01025669,3,1,0.0,1.0,-1
2022351228680,2022,351228680,2,1,1,1,52,8,2,0,0,0,0,0,1,2,E01017948,5,1,1.0,0.0,-1
2022351183260,2022,351183260,2,1,1,1,64,9,3,0,0,0,0,0,9,9,E01018012,3,1,0.0,1.0,-1
2024351493591,2024,351493591,2,1,1,1,51,8,3,0,0,0,0,0,9,4,E01015676,3,1,0.0,1.0,4
2022351207436,2022,351207436,2,1,2,2,82,11,2,0,0,-1,0,0,9,6,E01018016,7,1,1.0,0.0,-1
2022351132917,2022,351132917,1,4,2,2,1,1,3,0,0,2,0,0,9,5,E01017974,3,1,0.0,1.0,-1
2021351035952,2021,351035952,2,2,1,1,40,7,3,0,0,0,0,0,9,8,E01018242,3,1,0.0,1.0,-1
2020351006625,2020,351006625,2,1,1,1,46,8,3,0,0,0,0,0,1,3,E01017975,3,1,0.0,1.0,-1
2023351368831,2023,351368831,2,1,1,2,42,7,2,0,0,0,0,0,9,-1,-1,7,1,1.0,0.0,-1
2021351063101,2021,351063101,1,1,2,2,2,1,3,0,0,2,0,0,9,4,E01001148,3,1,0.0,1.0,-1
2023351363504,2023,351363504,4,1,1,2,31,6,3,0,0,0,0,0,9,7,E01029901,3,1,0.0,1.0,-1
2021351082887,2021,351082887,2,1,1,2,24,5,3,0,0,0,0,0,1,10,E01017986,3,1,0.0,1.0,-1
2021351112616,2021,351112616,2,1,1,2,31,6,3,0,0,0,0,0,9,7,E01026533,3,1,0.0,1.0,-1
2024351462643,2024,351462643,2,1,1,1,48,8,3,0,0,0,0,0,1,5,E01033120,3,1,0.0,1.0,1
2021351104776,2021,351104776,2,1,1,2,30,6,3,0,0,0,0,0,1,-1,-1,3,1,0.0,1.0,-1
2022351253787,2022,351253787,2,1,1,2,38,7,3,0,0,0,0,0,1,6,E01017962,3,1,0.0,1.0,-1
2021351090119,2021,351090119,1,1,3,2,40,7,2,5,9,0,0,0,0,9,E01017998,5,1,1.0,0.0,-1
2022351173524,2022,351173524,2,1,1,1,20,4,3,0,0,0,0,0,1,7,E01032797,3,1,0.0,1.0,-1
2023351300142,2023,351300142,2,1,1,2,21,5,3,0,0,0,0,0,9,8,E01017966,3,1,0.0,1.0,-1
2020350921411,2020,350921411,1,1,1,1,68,10,2,0,0,0,0,0,9,10,E01017959,6,1,1.0,0.0,-1
2024351442496,2024,351442496,1,1,1,1,63,9,2,0,0,0,0,0,19,6,E01018045,5,1,1.0,0.0,4
2020350990159,2020,350990159,3,2,1,2,59,9,3,0,0,0,0,0,9,2,E01017946,3,1,0.0,1.0,-1
2022351207725,2022,351207725,1,1,1,2,50,8,2,0,0,0,0,0,9,10,E01018222,7,1,1.0,0.0,-1
2021351138227,2021,351138227,2,1,1,2,21,5,3,0,0,0,0,0,-1,7,E01018279,3,1,0.0,1.0,-1
2021351039677,2021,351039677,2,3,1,2,45,7,3,0,0,0,0,0,9,6,E01017967,3,1,0.0,1.0,-1
2022351139154,2022,351139154,1,1,1,1,21,5,2,0,0,0,0,0,-1,6,E01029951,7,1,1.0,0.0,-1
2020351012425,2020,351012425,1,1,1,2,50,8,2,0,0,0,0,0,1,9,E01018291,7,1,1.0,0.0,-1
2024351475190,2024,351475190,2,1,1,2,25,5,3,0,0,0,0,0,9,6,E01018165,3,1,0.0,1.0,3
2021351150061,2021,351150061,2,1,1,2,33,6,3,0,0,0,0,0,9,5,E01017949,3,1,0.0,1.0,-1
2023351283842,2023,351283842,1,1,1,1,21,5,3,0,0,0,0,0,3,2,E01017948,3,1,0.0,1.0,-1
2020351004306,2020,351004306,2,3,1,1,37,7,2,0,0,0,0,0,1,-1,-1,7,1,1.0,0.0,-1
2024351469354,2024,351469354,2,1,1,1,27,6,2,0,0,0,0,0,1,8,E01018242,7,1,1.0,0.0,2
2021351063874,2021,351063874,1,1,3,2,15,3,2,6,9,0,0,0,0,5,E01018226,7,1,1.0,0.0,-1
2024351533935,2024,351533935,2,1,1,1,22,5,3,0,0,0,0,0,1,5,E01017954,3,1,0.0,1.0,1
2021351170228,2021,351170228,2,1,1,1,18,4,3,0,0,0,0,0,1,7,E01032795,3,1,0.0,1.0,-1
2022351179488,2022,351179488,1,1,3,1,53,8,3,5,2,0,0,0,0,7,E01017994,3,1,0.0,1.0,-1
2024351398798,2024,351398798,2,1,1,1,40,7,3,0,0,0,0,0,1,7,E01031349,3,1,0.0,1.0,5
2023351365872,2023,351365872,1,1,1,2,36,7,3,0,0,0,0,0,9,7,E01018294,3,1,0.0,1.0,-1
2020350990230,2020,350990230,1,1,1,1,71,10,3,0,0,0,0,0,9,7,E01018300,3,1,0.0,1.0,-1
2022351239655,2022,351239655,2,1,1,2,35,6,3,0,0,0,0,0,1,10,E01018274,3,1,0.0,1.0,-1
2021351039050,2021,351039050,1,1,1,1,57,9,2,0,0,0,0,0,4,8,E01022077,6,1,1.0,0.0,-1
2024351506527,2024,351506527,2,1,1,1,20,4,3,0,0,0,0,0,3,7,E01035526,3,1,0.0,1.0,1
2020351003282,2020,351003282,2,2,1,1,71,10,2,0,0,0,0,0,9,8,E01018224,5,1,1.0,0.0,-1
2022351231124,2022,351231124,1,1,1,2,16,4,3,0,0,0,0,0,23,9,E01018136,3,1,0.0,1.0,-1
2023351379980,2023,351379980,2,1,1,2,50,8,3,0,0,0,0,0,1,8,E01018242,3,1,0.0,1.0,-1
2022351161680,2022,351161680,2,1,1,1,41,7,3,0,0,0,0,0,4,10,E01017955,3,1,0.0,1.0,-1
2020350988645,2020,350988645,2,1,1,1,39,7,3,0,0,0,0,0,1,6,E01017999,3,1,0.0,1.0,-1
2022351228775,2022,351228775,2,3,2,1,56,9,3,0,0,0,0,0,19,4,E01026982,3,1,0.0,1.0,-1
2021351115326,2021,351115326,1,1,1,1,32,6,3,0,0,0,0,0,1,7,E01017994,3,1,0.0,1.0,-1
2023351354747,2023,351354747,3,2,1,1,43,7,3,0,0,0,0,0,9,3,E01017977,3,1,0.0,1.0,-1
2023351344996,2023,351344996,2,2,2,1,13,3,3,0,0,1,0,0,9,10,E01018237,3,1,0.0,1.0,-1
2021351129089,2021,351129089,1,1,1,1,50,8,2,0,0,0,0,0,9,10,E01031668,7,1,1.0,0.0,-1
2021351044152,2021,351044152,1,2,3,1,54,8,3,5,1,0,0,0,0,8,E01018219,3,1,0.0,1.0,-1
2023351297432,2023,351297432,2,1,1,2,56,9,3,0,0,0,0,0,1,10,E01017957,3,1,0.0,1.0,-1
2021351022697,2021,351022697,2,1,1,1,59,9,3,0,0,0,0,0,3,7,E01032795,3,1,0.0,1.0,-1
2022351185446,2022,351185446,2,1,1,1,66,10,3,0,0,0,0,0,1,7,E01018300,3,1,0.0,1.0,-1
2023351307979,2023,351307979,2,1,1,1,36,7,2,0,0,0,0,0,1,9,E01018054,7,1,1.0,0.0,-1
2020351000386,2020,351000386,2,1,1,1,23,5,3,0,0,0,0,0,1,9,E01017958,3,1,0.0,1.0,-1
2021351060706,2021,351060706,1,1,1,2,20,4,3,0,0,0,0,0,2,7,E01017976,3,1,0.0,1.0,-1
2021351125367,2021,351125367,3,4,2,2,57,9,3,0,0,1,0,0,9,10,E01018285,3,1,0.0,1.0,-1
2021351054084,2021,351054084,2,1,1,1,41,7,3,0,0,0,0,0,1,4,E01017953,3,1,0.0,1.0,-1
2023351278355,2023,351278355,2,1,1,1,8,2,3,0,0,0,0,0,1,5,E01018009,3,1,0.0,1.0,-1
2023351363416,2023,351363416,1,1,3,1,68,10,2,4,9,0,0,-1,0,5,E01017972,5,1,1.0,0.0,-1
2020350988191,2020,350988191,1,1,1,2,20,4,3,0,0,0,0,0,1,4,E01017947,3,1,0.0,1.0,-1
2020350929427,2020,350929427,2,1,1,2,17,4,3,0,0,0,0,0,1,7,E01018002,3,1,0.0,1.0,-1
2024351505469,2024,351505469,2,1,1,1,68,10,3,0,0,0,0,0,9,5,E01006346,3,1,0.0,1.0,5
2021351040435,2021,351040435,2,1,1,2,31,6,3,0,0,0,0,0,1,5,E01017997,3,1,0.0,1.0,-1
2021351014219,2021,351014219,1,1,2,1,17,4,3,0,0,-1,0,0,9,3,E01017944,3,1,0.0,1.0,-1
2022351181092,2022,351181092,2,1,1,2,33,6,3,0,0,0,0,0,9,4,E01016710,3,1,0.0,1.0,-1
2023351345037,2023,351345037,2,1,1,1,45,7,3,0,0,0,0,0,19,10,E01018259,3,1,0.0,1.0,-1
2023351367297,2023,351367297,1,1,3,2,18,4,2,1,4,0,0,0,0,7,E01032795,6,1,1.0,0.0,-1
2022351188826,2022,351188826,2,1,1,1,24,5,3,0,0,0,0,0,3,8,E01018289,3,1,0.0,1.0,-1
2024351438217,2024,351438217,1,1,3,2,82,11,3,5,1,0,0,-1,0,7,E01035528,3,1,0.0,1.0,1
2020350922497,2020,350922497,2,1,1,2,23,5,2,0,0,0,0,0,9,10,E01018267,7,1,1.0,0.0,-1
2022351266887,2022,351266887,1,1,1,1,63,9,2,0,0,0,0,0,9,8,E01022089,6,1,1.0,0.0,-1
2022351236812,2022,351236812,1,1,3,2,24,5,3,1,1,0,0,0,0,9,E01018008,3,1,0.0,1.0,-1
2021351042253,2021,351042253,1,2,1,1,58,9,3,0,0,0,0,0,9,10,E01018274,3,1,0.0,1.0,-1
2020350929384,2020,350929384,1,1,3,1,21,5,2,5,3,0,0,0,0,9,E01017988,7,1,1.0,0.0,-1
2022351174817,2022,351174817,1,1,1,1,46,8,3,0,0,0,0,0,9,8,E01018224,3,1,0.0,1.0,-1
2024351497156,2024,351497156,2,3,1,2,53,8,3,0,0,0,0,0,9,3,E01026684,3,1,0.0,1.0,4
2024351435264,2024,351435264,1,1,1,1,37,7,3,0,0,0,0,0,21,10,E01018134,3,1,0.0,1.0,4
2020350933530,2020,350933530,1,1,1,2,52,8,3,0,0,0,0,0,1,10,E01018292,3,1,0.0,1.0,-1
2021351104589,2021,351104589,1,1,1,2,11,3,2,0,0,0,0,0,1,6,E01033121,7,1,1.0,0.0,-1
2022351187540,2022,351187540,2,1,1,1,44,7,3,0,0,0,0,0,1,7,E01018025,3,1,0.0,1.0,-1
2022351148255,2022,351148255,2,2,1,1,74,10,3,0,0,0,0,0,9,9,E01018012,3,1,0.0,1.0,-1
2023351307958,2023,351307958,2,1,1,2,26,6,3,0,0,0,0,0,-1,2,E01017946,3,1,0.0,1.0,-1
2023351355919,2023,351355919,1,1,1,1,23,5,3,0,0,0,0,0,4,9,E01018275,3,1,0.0,1.0,-1
2023351374942,2023,351374942,2,1,1,2,38,7,3,0,0,0,0,0,9,-1,-1,3,1,0.0,1.0,-1
2024351504381,2024,351504381,2,1,1,2,25,5,3,0,0,0,0,0,1,7,E01035522,3,1,0.0,1.0,1
2024351442761,2024,351442761,2,1,1,1,31,6,2,0,0,0,0,0,3,5,E01017961,7,1,1.0,0.0,2
2021351020594,2021,351020594,2,2,1,2,38,7,3,0,0,0,0,0,9,8,E01033116,3,1,0.0,1.0,-1
2020350924315,2020,350924315,2,1,1,1,26,6,3,0,0,0,0,0,5,3,E01017977,3,1,0.0,1.0,-1
2022351139203,2022,351139203,1,1,1,2,17,4,3,0,0,0,0,0,3,10,E01018130,3,1,0.0,1.0,-1
2022351212860,2022,351212860,2,1,1,1,60,9,2,0,0,0,0,0,1,9,E01018250,7,1,1.0,0.0,-1
2022351234389,2022,351234389,1,1,1,1,30,6,3,0,0,0,0,0,9,2,E01015632,3,1,0.0,1.0,-1
2023351354332,2023,351354332,1,1,1,1,39,7,3,0,0,0,0,0,9,6,E01017962,3,1,0.0,1.0,-1
2022351188846,2022,351188846,1,1,1,1,48,8,2,0,0,0,0,0,9,5,E01030093,6,1,1.0,0.0,-1
2023351424475,2023,351424475,2,1,2,1,26,6,3,0,0,1,0,0,19,10,E01018303,3,1,0.0,1.0,-1
2023351391036,2023,351391036,1,1,1,1,29,6,3,0,0,0,0,0,22,2,E01017948,3,1,0.0,1.0,-1
2020350935617,2020,350935617,2,1,1,1,34,6,3,0,0,0,0,0,9,3,E01017975,3,1,0.0,1.0,-1
2024351422776,2024,351422776,2,3,2,2,20,4,3,0,0,-1,0,0,-1,9,E01017998,3,1,0.0,1.0,1
2024351531105,2024,351531105,1,2,2,2,16,4,2,0,0,1,0,0,9,6,E01018190,7,1,1.0,0.0,4
2021351115503,2021,351115503,2,3,2,2,37,7,3,0,0,1,0,0,9,3,E01017518,3,1,0.0,1.0,-1
2021351105929,2021,351105929,1,1,1,1,36,7,2,0,0,0,0,0,-1,9,E01018287,7,1,1.0,0.0,-1
2022351214335,2022,351214335,1,1,1,2,56,9,3,0,0,0,0,0,9,8,E01033116,3,1,0.0,1.0,-1
2023351405470,2023,351405470,2,1,1,1,31,6,3,0,0,0,0,0,97,-1,-1,3,1,0.0,1.0,-1
2023351298834,2023,351298834,2,1,1,1,22,5,3,0,0,0,0,0,1,4,E01000846,3,1,0.0,1.0,-1
2023351330610,2023,351330610,1,1,1,1,32,6,2,0,0,0,0,0,5,9,E01018010,5,1,1.0,0.0,-1
2021351110544,2021,351110544,2,1,1,2,53,8,3,0,0,0,0,0,1,9,E01032792,3,1,0.0,1.0,-1
2023351271255,2023,351271255,2,1,1,1,8,2,3,0,0,0,0,0,1,6,E01033121,3,1,0.0,1.0,-1
2020350928038,2020,350928038,2,1,1,2,44,7,3,0,0,0,0,0,2,10,E01017995,3,1,0.0,1.0,-1
2024351431822,2024,351431822,1,1,3,1,39,7,3,5,1,0,0,-1,0,6,E01018300,3,1,0.0,1.0,2
2024351443627,2024,351443627,1,1,1,1,24,5,2,0,0,0,0,0,1,9,E01035516,7,1,1.0,0.0,1
2021351072786,2021,351072786,1,1,3,1,24,5,3,1,5,0,0,0,0,9,E01018299,3,1,0.0,1.0,-1
2021351065141,2021,351065141,1,2,2,1,9,2,2,0,0,2,0,0,8,7,E01017980,7,1,1.0,0.0,-1
2023351339568,2023,351339568,1,1,1,1,13,3,3,0,0,0,0,0,1,6,E01017962,3,1,0.0,1.0,-1
2021351106076,2021,351106076,2,1,1,2,56,9,3,0,0,0,0,0,9,5,E01017974,3,1,0.0,1.0,-1
2023351352040,2023,351352040,2,1,1,1,50,8,3,0,0,0,0,0,1,3,E01017977,3,1,0.0,1.0,-1
2021351129048,2021,351129048,1,1,1,1,55,8,2,0,0,0,0,0,9,9,E01026422,7,1,1.0,0.0,-1
2021351074267,2021,351074267,2,1,1,1,35,6,3,0,0,0,0,0,-1,7,E01018002,3,1,0.0,1.0,-1
2022351171288,2022,351171288,1,1,3,2,38,7,3,5,3,0,0,0,0,8,E01017987,3,1,0.0,1.0,-1
2022351252577,2022,351252577,1,1,1,2,50,8,3,0,0,0,0,0,1,9,E01017998,3,1,0.0,1.0,-1
2024351437871,2024,351437871,2,2,2,1,70,10,3,0,0,2,0,0,9,10,E01018251,3,1,0.0,1.0,2
2024351512294,2024,351512294,2,1,1,1,52,8,3,0,0,0,0,0,9,3,E01017971,3,1,0.0,1.0,2
2021351121500,2021,351121500,2,1,1,1,52,8,3,0,0,0,0,0,9,7,E01018300,3,1,0.0,1.0,-1
2021351121841,2021,351121841,1,1,1,1,67,10,2,0,0,0,0,0,3,8,E01033047,7,1,1.0,0.0,-1
2023351351306,2023,351351306,2,1,1,1,27,6,3,0,0,0,0,0,1,9,E01018006,3,1,0.0,1.0,-1
2021351029329,2021,351029329,2,1,1,2,33,6,3,0,0,0,0,0,1,10,E01017955,3,1,0.0,1.0,-1
2022351286399,2022,351286399,1,1,1,1,20,4,2,0,0,0,0,0,4,10,E01018274,7,1,1.0,0.0,-1
2020350931198,2020,350931198,1,1,3,2,40,7,3,8,1,0,0,-1,0,9,E01022063,3,1,0.0,1.0,-1
2021351106099,2021,351106099,1,1,1,1,30,6,3,0,0,0,0,0,9,9,E01018298,3,1,0.0,1.0,-1
2021351017431,2021,351017431,2,2,1,1,21,5,3,0,0,0,0,0,9,8,E01018276,3,1,0.0,1.0,-1
2023351377550,2023,351377550,1,1,1,1,57,9,2,0,0,0,0,0,5,10,E01018303,6,1,1.0,0.0,-1
2020350938102,2020,350938102,2,1,2,1,20,4,3,0,0,1,0,0,9,-1,-1,3,1,0.0,1.0,-1
2020351003443,2020,351003443,2,1,1,1,-1,-1,2,0,0,0,0,0,1,-1,-1,7,1,1.0,0.0,-1
2024351432236,2024,351432236,2,1,1,1,27,6,3,0,0,0,0,0,9,10,E01018175,3,1,0.0,1.0,4
2022351215690,2022,351215690,2,1,1,2,20,4,3,0,0,0,0,0,3,10,E01018285,3,1,0.0,1.0,-1
2024351438705,2024,351438705,2,1,1,1,32,6,3,0,0,0,0,0,8,10,E01018121,3,1,0.0,1.0,4
2023351321147,2023,351321147,1,1,1,2,-1,-1,3,0,0,0,0,0,1,-1,-1,3,1,0.0,1.0,-1
2024351423040,2024,351423040,2,2,1,2,53,8,3,0,0,0,0,0,9,6,E01035549,3,1,0.0,1.0,4
2024351457532,2024,351457532,1,1,1,2,22,5,3,0,0,0,0,0,90,7,E01018065,3,1,0.0,1.0,4
2024351472369,2024,351472369,1,1,1,1,33,6,3,0,0,0,0,0,19,9,E01025869,3,1,0.0,1.0,5
2021351107164,2021,351107164,2,3,2,1,39,7,2,0,0,0,0,0,19,3,E01026311,7,1,1.0,0.0,-1
2024351438801,2024,351438801,1,2,2,1,22,5,3,0,0,1,0,0,9,4,E01003257,3,1,0.0,1.0,4
2023351320857,2023,351320857,2,1,1,2,25,5,3,0,0,0,0,0,1,8,E01017983,3,1,0.0,1.0,-1
2023351306606,2023,351306606,2,1,1,1,33,6,3,0,0,0,0,0,-1,2,E01017946,3,1,0.0,1.0,-1
2023351309227,2023,351309227,2,4,2,2,47,8,3,0,0,2,0,0,9,9,E01018032,3,1,0.0,1.0,-1
2020350999730,2020,350999730,1,1,1,1,38,7,2,0,0,0,0,0,4,7,E01018300,7,1,1.0,0.0,-1
2021351045948,2021,351045948,1,1,1,1,64,9,3,0,0,0,0,0,5,7,E01023856,3,1,0.0,1.0,-1
2022351262527,2022,351262527,2,1,1,2,32,6,3,0,0,0,0,0,9,6,E01033452,3,1,0.0,1.0,-1
2020351010450,2020,351010450,2,1,1,2,40,7,3,0,0,0,0,0,9,9,E01018254,3,1,0.0,1.0,-1
2022351234505,2022,351234505,2,1,1,1,54,8,3,0,0,0,0,0,1,8,E01017984,3,1,0.0,1.0,-1
2020350933182,2020,350933182,1,1,1,1,51,8,2,0,0,0,0,0,9,2,E01017948,7,1,1.0,0.0,-1
2021351102949,2021,351102949,2,2,1,1,42,7,3,0,0,0,0,0,9,7,E01018002,3,1,0.0,1.0,-1
2020351009704,2020,351009704,2,1,1,1,25,5,2,0,0,0,0,0,1,8,E01018003,5,1,1.0,0.0,-1
2020350965549,2020,350965549,3,2,1,1,41,7,3,0,0,0,0,0,9,6,E01017999,3,1,0.0,1.0,-1
2024351399070,2024,351399070,2,2,1,1,42,7,3,0,0,0,0,0,9,9,E01018231,3,1,0.0,1.0,1
2023351284421,2023,351284421,1,1,3,2,5,1,3,1,1,0,0,0,0,7,E01017976,3,1,0.0,1.0,-1
2022351188443,2022,351188443,2,1,1,2,29,6,3,0,0,0,0,0,1,8,E01017987,3,1,0.0,1.0,-1
2024351406777,2024,351406777,1,1,1,1,66,10,2,0,0,0,0,0,10,9,E01018252,7,1,1.0,0.0,2
2023351390664,2023,351390664,1,1,1,1,32,6,3,0,0,0,0,0,4,3,E01017979,3,1,0.0,1.0,-1
2020350978976,2020,350978976,2,1,1,1,32,6,3,0,0,0,0,0,9,4,E01018147,3,1,0.0,1.0,-1
2022351168457,2022,351168457,1,1,1,2,39,7,3,0,0,0,0,0,1,6,E01017962,3,1,0.0,1.0,-1
2022351252592,2022,351252592,2,1,1,2,28,6,3,0,0,0,0,0,1,8,E01018003,3,1,0.0,1.0,-1
2024351443673,2024,351443673,1,1,1,2,51,8,3,0,0,0,0,0,9,6,E01018300,3,1,0.0,1.0,1
2020350983711,2020,350983711,3,2,1,2,21,5,2,0,0,0,0,0,1,4,E01017947,6,1,1.0,0.0,-1
2022351177735,2022,351177735,1,1,3,1,-1,-1,3,1,3,0,0,0,0,9,E01032792,3,1,0.0,1.0,-1
2022351183260,2022,351183260,2,3,2,1,39,7,3,0,0,2,0,0,9,9,E01022082,3,1,0.0,1.0,-1
2024351526508,2024,351526508,2,1,1,2,28,6,3,0,0,0,0,0,-1,8,E01018001,3,1,0.0,1.0,1
2024351417311,2024,351417311,4,1,1,2,-1,-1,3,0,0,0,0,0,9,-1,-1,3,1,0.0,1.0,-1
2021351060873,2021,351060873,2,1,1,2,24,5,3,0,0,0,0,0,9,10,E01018295,3,1,0.0,1.0,-1
2022351232488,2022,351232488,1,1,1,1,22,5,2,0,0,0,0,0,9,-1,-1,7,1,1.0,0.0,-1
2021351114033,2021,351114033,1,1,3,2,37,7,3,4,1,0,0,0,0,-1,-1,3,1,0.0,1.0,-1
2023351368385,2023,351368385,2,1,1,2,18,4,3,0,0,0,0,0,9,2,E01017948,3,1,0.0,1.0,-1
2023351307993,2023,351307993,2,1,1,1,34,6,3,0,0,0,0,0,1,5,E01017991,3,1,0.0,1.0,-1
2022351183335,2022,351183335,2,1,1,1,18,4,3,0,0,0,0,0,-1,2,E01017946,3,1,0.0,1.0,-1
2023351368929,2023,351368929,2,1,1,2,19,4,3,0,0,0,0,0,1,9,E01017958,3,1,0.0,1.0,-1
2024351417968,2024,351417968,1,1,3,1,28,6,3,1,1,0,0,-1,0,3,E01017944,3,1,0.0,1.0,1
2022351214217,2022,351214217,1,1,1,1,87,11,1,0,0,0,0,0,9,8,E01017984,1,1,0.0,0.0,-1
2024351443673,2024,351443673,1,3,2,1,20,4,3,0,0,1,0,0,9,6,E01018300,3,1,0.0,1.0,1
2020350944048,2020,350944048,2,2,1,1,89,11,1,0,0,0,0,0,1,9,E01018008,1,1,0.0,0.0,-1
2021351062052,2021,351062052,2,1,1,1,19,4,3,0,0,0,0,0,3,4,E01029950,3,1,0.0,1.0,-1
2023351315407,2023,351315407,2,1,1,2,26,6,3,0,0,0,0,0,1,10,E01017985,3,1,0.0,1.0,-1
2023351283412,2023,351283412,1,1,1,1,37,7,3,0,0,0,0,0,9,6,E01033121,3,1,0.0,1.0,-1
2022351234389,2022,351234389,1,2,2,2,-1,-1,3,0,0,1,0,0,9,5,E01033180,3,1,0.0,1.0,-1
2023351363906,2023,351363906,1,2,2,1,19,4,3,0,0,-1,0,0,9,10,E01018222,3,1,0.0,1.0,-1
2024351549682,2024,351549682,2,1,1,1,27,6,3,0,0,0,0,0,9,9,E01033116,3,1,0.0,1.0,1
2024351436030,2024,351436030,3,1,1,1,32,6,3,0,0,0,0,0,9,9,E01030795,3,1,0.0,1.0,5
2022351181655,2022,351181655,2,1,1,1,38,7,3,0,0,0,0,0,1,8,E01017950,3,1,0.0,1.0,-1
2024351423040,2024,351423040,1,1,1,2,38,7,3,0,0,0,0,0,9,4,E01026250,3,1,0.0,1.0,4
2022351229039,2022,351229039,1,2,3,2,17,4,3,5,9,0,0,0,0,7,E01032795,3,1,0.0,1.0,-1
2020350943732,2020,350943732,2,1,1,1,68,10,2,0,0,0,0,0,4,7,E01017969,5,1,1.0,0.0,-1
2021351118875,2021,351118875,1,1,1,2,50,8,3,0,0,0,0,0,-1,6,E01017961,3,1,0.0,1.0,-1
2021351046827,2021,351046827,2,1,1,1,22,5,2,0,0,0,0,0,4,4,E01017953,7,1,1.0,0.0,-1
2023351371628,2023,351371628,2,1,1,1,13,3,3,0,0,0,0,0,1,7,E01018243,3,1,0.0,1.0,-1
2023351271054,2023,351271054,2,1,1,1,56,9,3,0,0,0,0,0,20,3,E01017975,3,1,0.0,1.0,-1
2023351271914,2023,351271914,2,1,1,1,16,4,3,0,0,0,0,0,1,6,E01017962,3,1,0.0,1.0,-1
2021351022395,2021,351022395,2,1,1,1,34,6,2,0,0,0,0,0,1,5,E01018009,7,1,1.0,0.0,-1
2023351337412,2023,351337412,2,1,1,2,50,8,3,0,0,0,0,0,9,8,E01018050,3,1,0.0,1.0,-1
2022351256860,2022,351256860,2,1,1,1,18,4,3,0,0,0,0,0,3,8,E01018242,3,1,0.0,1.0,-1
2023351362125,2023,351362125,1,1,1,2,56,9,3,0,0,0,0,0,9,8,E01017983,3,1,0.0,1.0,-1
2024351519394,2024,351519394,2,1,1,1,57,9,3,0,0,0,0,0,1,4,E01018009,3,1,0.0,1.0,1
2022351288979,2022,351288979,1,1,3,2,51,8,2,7,3,0,0,0,0,5,E01017974,5,1,1.0,0.0,-1
2022351151350,2022,351151350,1,1,3,1,22,5,3,7,3,0,0,0,0,5,E01018009,3,1,0.0,1.0,-1
2022351253547,2022,351253547,2,1,1,1,64,9,3,0,0,0,0,0,19,7,E01002367,3,1,0.0,1.0,-1
2022351248790,2022,351248790,1,2,3,1,60,9,3,5,1,0,0,0,0,8,E01017984,3,1,0.0,1.0,-1
2024351497156,2024,351497156,1,2,1,1,54,8,3,0,0,0,0,0,19,9,E01033045,3,1,0.0,1.0,4
2021351095868,2021,351095868,1,1,1,1,27,6,3,0,0,0,0,0,3,7,E01017965,3,1,0.0,1.0,-1
2024351421916,2024,351421916,2,1,1,1,26,6,3,0,0,0,0,0,-1,6,E01032612,3,1,0.0,1.0,4
2022351137114,2022,351137114,2,1,1,1,53,8,2,0,0,0,0,0,1,6,E01017951,7,1,1.0,0.0,-1
2021351018227,2021,351018227,2,2,2,1,51,8,3,0,0,1,0,0,9,8,E01018000,3,1,0.0,1.0,-1
2021351110580,2021,351110580,1,1,1,2,34,6,3,0,0,0,0,0,9,10,E01018262,3,1,0.0,1.0,-1
2022351185039,2022,351185039,3,2,1,2,48,8,3,0,0,0,0,0,1,7,E01030098,3,1,0.0,1.0,-1
2022351156051,2022,351156051,2,1,1,2,-1,-1,3,0,0,0,0,0,1,8,E01018242,3,1,0.0,1.0,-1
2022351198268,2022,351198268,2,1,1,1,42,7,2,0,0,0,0,0,1,6,E01017962,7,1,1.0,0.0,-1
2022351209514,2022,351209514,2,1,1,1,40,7,3,0,0,0,0,0,9,-1,-1,3,1,0.0,1.0,-1
2021351018960,2021,351018960,1,1,3,2,37,7,3,5,3,0,0,0,0,5,E01017972,3,1,0.0,1.0,-1
2022351256109,2022,351256109,1,1,1,1,18,4,3,0,0,0,0,0,9,7,E01018255,3,1,0.0,1.0,-1
2020350967197,2020,350967197,2,1,1,1,87,11,1,0,0,0,0,0,1,10,E01018244,1,1,0.0,0.0,-1
2021351028929,2021,351028929,1,1,1,2,24,5,3,0,0,0,0,0,9,2,E01030079,3,1,0.0,1.0,-1
2022351221982,2022,351221982,1,1,1,1,55,8,3,0,0,0,0,0,9,7,E01018002,3,1,0.0,1.0,-1
2023351272023,2023,351272023,2,1,1,1,21,5,3,0,0,0,0,0,1,8,E01018003,3,1,0.0,1.0,-1
2022351155811,2022,351155811,2,2,1,1,34,6,3,0,0,0,0,0,1,3,E01017977,3,1,0.0,1.0,-1
2020351035584,2020,351035584,2,2,1,1,17,4,2,0,0,0,0,0,4,8,E01018286,6,1,1.0,0.0,-1
2024351411993,2024,351411993,2,1,1,2,71,10,3,0,0,0,0,0,1,10,E01018293,3,1,0.0,1.0,1
2020350923842,2020,350923842,2,1,1,2,-1,-1,3,0,0,0,0,0,1,10,E01017955,3,1,0.0,1.0,-1
2024351472369,2024,351472369,2,2,1,2,26,6,3,0,0,0,0,0,9,5,E01022021,3,1,0.0,1.0,4
2021351072537,2021,351072537,1,1,1,1,80,11,3,0,0,0,0,0,9,10,E01018248,3,1,0.0,1.0,-1
2022351162426,2022,351162426,1,1,1,1,-1,-1,3,0,0,0,0,0,1,-1,-1,3,1,0.0,1.0,-1
2023351372965,2023,351372965,2,3,2,2,13,3,3,0,0,1,0,0,9,-1,-1,3,1,0.0,1.0,-1
2024351463459,2024,351463459,2,1,1,2,21,5,3,0,0,0,0,0,1,6,E01018300,3,1,0.0,1.0,2
2024351487662,2024,351487662,2,1,1,2,20,4,3,0,0,0,0,0,1,9,E01035516,3,1,0.0,1.0,1
2022351168865,2022,351168865,2,1,1,2,15,3,3,0,0,0,0,0,1,10,E01017959,3,1,0.0,1.0,-1
2020350957956,2020,350957956,1,1,1,2,22,5,3,0,0,0,0,0,1,9,E01018006,3,1,0.0,1.0,-1
2023351270466,2023,351270466,2,1,1,1,39,7,3,0,0,0,0,0,3,6,E01017973,3,1,0.0,1.0,-1
2024351505469,2024,351505469,3,2,2,2,75,10,3,0,0,1,0,0,9,5,E01006346,3,1,0.0,1.0,5
2023351309156,2023,351309156,2,1,1,2,63,9,3,0,0,0,0,0,1,-1,-1,3,1,0.0,1.0,-1
2021351033933,2021,351033933,1,1,1,1,58,9,3,0,0,0,0,0,1,8,E01017966,3,1,0.0,1.0,-1
2024351482113,2024,351482113,2,1,1,1,22,5,2,0,0,0,0,0,1,6,E01035515,7,1,1.0,0.0,1
2023351387762,2023,351387762,1,1,1,2,89,11,3,0,0,0,0,0,9,8,E01018297,3,1,0.0,1.0,-1
2023351369325,2023,351369325,2,1,1,2,15,3,3,0,0,0,0,0,1,8,E01017956,3,1,0.0,1.0,-1
2022351142518,2022,351142518,2,1,1,1,60,9,3,0,0,0,0,0,3,10,E01018295,3,1,0.0,1.0,-1
2021351039696,2021,351039696,2,1,1,1,34,6,3,0,0,0,0,0,1,7,E01018002,3,1,0.0,1.0,-1
2020350988120,2020,350988120,2,1,1,1,55,8,3,0,0,0,0,0,1,10,E01018222,3,1,0.0,1.0,-1
2024351440792,2024,351440792,1,1,1,1,42,7,3,0,0,0,0,0,19,6,E01017616,3,1,0.0,1.0,4
2021351125401,2021,351125401,1,1,1,1,18,4,3,0,0,0,0,0,9,6,E01009496,3,1,0.0,1.0,-1
2022351216246,2022,351216246,2,1,2,1,18,4,3,0,0,1,0,0,9,9,E01002339,3,1,0.0,1.0,-1
2020350950098,2020,350950098,1,1,3,2,51,8,3,9,5,0,0,0,0,6,E01017973,3,1,0.0,1.0,-1
2024351506954,2024,351506954,2,1,1,2,30,6,3,0,0,0,0,0,1,2,E01017946,3,1,0.0,1.0,1
2021351018945,2021,351018945,1,2,2,2,-1,-1,3,0,0,-1,0,0,9,-1,-1,3,1,0.0,1.0,-1
2020350920792,2020,350920792,1,1,3,1,64,9,3,6,9,0,0,0,0,7,E01017963,3,1,0.0,1.0,-1
2023351279242,2023,351279242,2,2,1,2,24,5,3,0,0,0,0,0,19,-1,-1,3,1,0.0,1.0,-1
2024351406749,2024,351406749,1,1,1,2,19,4,3,0,0,0,0,0,1,4,E01008997,3,1,0.0,1.0,5
2020350944841,2020,350944841,2,2,1,2,38,7,3,0,0,0,0,0,9,7,E01018279,3,1,0.0,1.0,-1
2021351128618,2021,351128618,2,1,1,2,45,7,3,0,0,0,0,0,1,8,E01018000,3,1,0.0,1.0,-1
2022351218240,2022,351218240,1,1,3,2,46,8,3,5,1,0,0,0,0,-1,-1,3,1,0.0,1.0,-1
2024351397517,2024,351397517,1,1,1,2,52,8,3,0,0,0,0,0,9,3,E01023650,3,1,0.0,1.0,4
2021351100280,2021,351100280,2,1,1,2,29,6,3,0,0,0,0,0,1,8,E01017956,3,1,0.0,1.0,-1
2024351539299,2024,351539299,1,1,3,2,26,6,3,1,1,0,0,-1,0,2,E01017977,3,1,0.0,1.0,1
2022351261883,2022,351261883,2,1,1,1,17,4,2,0,0,0,0,0,1,10,E01017995,7,1,1.0,0.0,-1
2022351273834,2022,351273834,2,1,1,1,48,8,2,0,0,0,0,0,1,7,E01018294,5,1,1.0,0.0,-1
2021351104709,2021,351104709,2,1,1,2,36,7,3,0,0,0,0,0,9,10,E01018266,3,1,0.0,1.0,-1
2020350965524,2020,350965524,2,2,2,2,47,8,3,0,0,1,0,0,9,3,E01004909,3,1,0.0,1.0,-1
2023351335872,2023,351335872,1,2,1,2,25,5,3,0,0,0,0,0,9,6,E01018005,3,1,0.0,1.0,-1
2024351539381,2024,351539381,1,1,3,2,69,10,3,10,5,0,0,-1,0,8,E01018224,3,1,0.0,1.0,1
2021351048843,2021,351048843,2,1,1,1,18,4,2,0,0,0,0,0,3,7,E01017976,5,1,1.0,0.0,-1
2021351070638,2021,351070638,2,1,1,1,39,7,2,0,0,0,0,0,5,6,E01003378,7,1,1.0,0.0,-1
2024351510397,2024,351510397,2,3,2,2,50,8,2,0,0,1,0,0,9,7,E01018243,6,1,1.0,0.0,1
2021351024214,2021,351024214,2,1,1,1,57,9,3,0,0,0,0,0,9,10,E01017964,3,1,0.0,1.0,-1
2021351090855,2021,351090855,1,1,3,1,16,4,2,5,1,0,0,0,0,9,E01018278,7,1,1.0,0.0,-1
2021351120411,2021,351120411,2,1,1,2,35,6,3,0,0,0,0,0,1,6,E01017961,3,1,0.0,1.0,-1
2024351537186,2024,351537186,1,1,1,1,18,4,2,0,0,0,0,0,3,8,E01018159,7,1,1.0,0.0,4
2023351319268,2023,351319268,2,1,1,1,10,2,3,0,0,0,0,0,1,10,E01018256,3,1,0.0,1.0,-1
2024351417308,2024,351417308,2,2,1,1,32,6,3,0,0,0,0,0,9,7,E01017989,3,1,0.0,1.0,1
2020350990159,2020,350990159,2,1,1,1,24,5,3,0,0,0,0,0,9,8,E01018297,3,1,0.0,1.0,-1
2020350990174,2020,350990174,2,1,1,2,50,8,3,0,0,0,0,0,9,10,E01018252,3,1,0.0,1.0,-1
2020350987926,2020,350987926,2,1,1,1,31,6,3,0,0,0,0,0,3,3,E01017944,3,1,0.0,1.0,-1
2024351471508,2024,351471508,2,1,1,1,29,6,3,0,0,0,0,0,1,5,E01017954,3,1,0.0,1.0,1
2022351202302,2022,351202302,2,1,1,1,38,7,3,0,0,0,0,0,9,8,E01033119,3,1,0.0,1.0,-1
2022351251135,2022,351251135,2,1,1,1,28,6,3,0,0,0,0,0,1,7,E01017969,3,1,0.0,1.0,-1
2024351471214,2024,351471214,2,1,1,1,58,9,3,0,0,0,0,0,5,8,E01018270,3,1,0.0,1.0,2
2022351168924,2022,351168924,2,1,1,1,22,5,3,0,0,0,0,0,9,6,E01033121,3,1,0.0,1.0,-1
2024351445448,2024,351445448,2,1,1,2,21,5,3,0,0,0,0,0,1,9,E01028818,3,1,0.0,1.0,5
2020350999655,2020,350999655,2,1,1,1,39,7,3,0,0,0,0,0,1,7,E01017965,3,1,0.0,1.0,-1
2023351310681,2023,351310681,1,1,1,1,58,9,2,0,0,0,0,0,9,8,E01018003,7,1,1.0,0.0,-1
2021351033461,2021,351033461,2,1,1,2,16,4,2,0,0,0,0,0,1,3,E01017977,7,1,1.0,0.0,-1
2020350917422,2020,350917422,2,1,1,2,40,7,3,0,0,0,0,0,1,3,E01017977,3,1,0.0,1.0,-1
2024351522711,2024,351522711,2,1,1,1,22,5,3,0,0,0,0,0,1,3,E01017944,3,1,0.0,1.0,1
2021351048292,2021,351048292,2,1,1,1,28,6,3,0,0,0,0,0,1,-1,-1,3,1,0.0,1.0,-1
2020351007524,2020,351007524,2,1,1,1,54,8,2,0,0,0,0,0,4,9,E01018307,7,1,1.0,0.0,-1
2022351279821,2022,351279821,2,2,1,1,40,7,2,0,0,0,0,0,9,9,E01018038,7,1,1.0,0.0,-1
2022351251387,2022,351251387,2,1,1,1,19,4,3,0,0,0,0,0,1,10,E01030511,3,1,0.0,1.0,-1
2023351324125,2023,351324125,2,2,1,2,66,10,2,0,0,0,0,0,9,10,E01018292,7,1,1.0,0.0,-1
2023351291331,2023,351291331,2,1,1,1,30,6,3,0,0,0,0,0,-1,8,E01018003,3,1,0.0,1.0,-1
