collision_index,collision_year,collision_ref_no,location_easting_osgr,location_northing_osgr,longitude,latitude,police_force,collision_severity,number_of_vehicles,number_of_casualties,date,day_of_week,time,local_authority_district,local_authority_ons_district,local_authority_highway,local_authority_highway_current,first_road_class,first_road_number,road_type,speed_limit,junction_detail_historic,junction_detail,junction_control,second_road_class,second_road_number,pedestrian_crossing_human_control_historic,pedestrian_crossing_physical_facilities_historic,pedestrian_crossing,light_conditions,weather_conditions,road_surface_conditions,special_conditions_at_site,carriageway_hazards_historic,carriageway_hazards,urban_or_rural_area,did_police_officer_attend_scene_of_accident,trunk_road_flag,lsoa_of_accident_location,enhanced_severity_collision,collision_injury_based,collision_adjusted_severity_serious,collision_adjusted_severity_slight
2020350929066,2020,350929066,547447.0,257495.0,0.155897,52.195992,35,3,2,1,10/02/2020,2,17:45,390,E07000008,E10000003,E10000003,3,1134,6,30,7,17,2,6,0,-1,5,15,4,1,-1,-1,-1,-1,1,2,2,E01017999,3,1,0.0,1.0
2020351007639,2020,351007639,551539.0,259584.0,0.216653,52.21365,35,3,1,1,01/12/2020,3,14:45,395,E07000012,E10000003,E10000003,3,1303,1,50,1,0,4,3,14,0,0,0,1,1,1,0,0,0,2,1,2,E01018297,3,1,0.0,1.0
2021351027047,2021,351027047,547454.0,257504.0,0.156003,52.196071,35,3,2,1,09/01/2021,7,16:56,-1,E07000008,E10000003,E10000003,3,1134,6,30,6,16,2,6,0,0,5,15,1,1,1,0,0,0,1,1,2,E01017999,3,1,0.0,1.0
2021351040765,2021,351040765,545711.0,260013.0,0.131599,52.219075,35,3,2,1,28/04/2021,4,12:30,-1,E07000008,E10000003,E10000003,3,1134,1,30,0,0,-1,0,-1,-1,-1,-1,1,1,-1,-1,-1,-1,1,3,2,E01018006,3,1,0.0,1.0
2021351063451,2021,351063451,544498.0,257653.0,0.11285,52.198191,35,3,2,1,05/07/2021,2,09:11,-1,E07000008,E10000003,E10000003,3,1134,1,30,1,0,4,3,603,0,0,0,1,1,1,0,0,0,1,2,2,E01017985,3,1,0.0,1.0
2021351072786,2021,351072786,545885.0,260221.0,0.134234,52.220898,35,3,1,1,07/07/2021,4,13:45,-1,E07000008,E10000003,E10000003,6,0,6,30,3,13,4,3,1309,0,1,13,1,1,1,0,0,0,1,1,2,E01018006,3,1,0.0,1.0
2024351407899,2024,351407899,545873.0,258079.0,0.13311,52.20164,35,3,2,1,07/02/2024,4,16:15,-1,E07000008,E10000003,E10000003,6,0,6,30,-1,13,4,6,0,-1,-1,0,1,1,1,-1,-1,0,1,3,2,E01017988,3,1,0.0,1.0
2024351541271,2024,351541271,544100.0,262914.0,0.10924,52.24555,35,2,1,1,23/10/2024,4,12:27,-1,E07000012,E10000003,E10000003,6,0,6,20,-1,0,-1,6,0,-1,-1,0,1,1,1,-1,-1,0,1,1,2,E01018260,6,1,1.0,0.0
2020350917422,2020,350917422,545728.0,260005.0,0.131845,52.218999,35,3,2,1,07/01/2020,3,16:30,390,E07000008,E10000003,E10000003,3,1134,1,30,0,0,-1,0,-1,0,4,14,4,1,1,4,0,13,1,2,2,E01018008,3,1,0.0,1.0
2020350984649,2020,350984649,540670.0,259475.0,0.057635,52.21555,35,3,3,1,26/09/2020,7,12:40,395,E07000012,E10000003,E10000003,3,1303,6,50,0,0,-1,0,-1,0,0,0,1,1,2,0,-1,0,2,2,2,E01018224,3,1,0.0,1.0
2021351029329,2021,351029329,543820.0,259789.0,0.103843,52.217559,35,3,3,1,18/03/2021,5,14:00,-1,E07000008,E10000003,E10000003,3,1307,3,30,3,13,4,6,0,2,1,12,1,1,2,0,0,0,1,2,2,E01017956,3,1,0.0,1.0
2021351053889,2021,351053889,548858.0,261391.0,0.178238,52.230614,35,3,1,1,26/05/2021,4,21:45,-1,E07000012,E10000003,E10000003,3,14,7,70,0,0,-1,0,-1,0,0,0,6,1,1,0,0,0,2,1,1,E01018297,3,1,0.0,1.0
2021351082887,2021,351082887,544497.0,259017.0,0.113417,52.210446,35,3,2,1,30/08/2021,2,15:50,-1,E07000008,E10000003,E10000003,3,1303,6,30,3,13,4,6,0,0,0,0,1,1,1,0,0,0,1,3,2,E01017958,3,1,0.0,1.0
2022351253410,2022,351253410,545435.0,259775.0,0.127431,52.216998,35,3,1,1,08/12/2022,5,07:25,-1,E07000008,E10000003,E10000003,6,0,6,20,3,13,4,3,1134,0,0,0,4,1,-1,-1,-1,-1,1,3,2,E01018008,3,1,0.0,1.0
2023351345047,2023,351345047,546974.0,261592.0,0.150731,52.232914,35,3,2,1,18/08/2023,6,20:40,-1,E07000012,E10000003,E10000003,3,1309,3,50,3,13,2,6,0,0,0,0,4,1,1,0,0,0,1,3,2,E01018274,3,1,0.0,1.0
2023351364269,2023,351364269,544519.0,259145.0,0.113764,52.211579,35,2,2,1,10/10/2023,3,00:20,-1,E07000008,E10000003,E10000003,6,0,6,20,3,13,4,6,0,0,0,0,4,1,-1,-1,-1,-1,1,3,2,E01017958,7,1,1.0,0.0
2024351427985,2024,351427985,539952.0,259433.0,0.04709,52.21534,35,3,2,1,02/04/2024,3,17:45,-1,E07000012,E10000003,E10000003,3,1303,6,60,-1,13,4,6,0,-1,-1,0,1,1,-1,-1,-1,99,2,3,2,E01018224,3,1,0.0,1.0
2020350979773,2020,350979773,545132.0,257586.0,0.12209,52.197423,35,3,2,1,09/09/2020,4,15:00,390,E07000008,E10000003,E10000003,3,1134,1,30,1,0,-1,3,1134,-1,-1,-1,1,1,-1,-1,-1,-1,1,2,2,E01018005,3,1,0.0,1.0
2021351129449,2021,351129449,544292.0,259027.0,0.110423,52.21059,35,3,2,2,09/12/2021,5,11:50,-1,E07000008,E10000003,E10000003,3,1303,6,30,3,13,4,3,1134,0,0,0,1,1,1,0,0,0,1,1,2,E01017958,3,1,0.0,1.0
2022351247495,2022,351247495,551435.0,259687.0,0.215149,52.214592,35,3,2,1,27/09/2022,3,08:40,-1,E07000012,E10000003,E10000003,3,14,7,60,1,0,4,3,1303,0,0,0,1,1,1,0,0,0,2,1,1,E01018297,3,1,0.0,1.0
2023351339961,2023,351339961,545721.0,260016.0,0.131718,52.219088,35,3,2,1,30/07/2023,1,22:30,-1,E07000008,E10000003,E10000003,3,1134,1,40,0,0,-1,0,-1,0,0,0,4,1,-1,-1,-1,-1,1,3,2,E01018008,3,1,0.0,1.0
2023351356003,2023,351356003,546605.0,259987.0,0.144637,52.218593,35,2,2,1,18/09/2023,2,19:12,-1,E07000008,E10000003,E10000003,6,0,6,30,3,13,4,6,0,0,0,0,1,1,1,0,0,0,1,3,2,E01032802,7,1,1.0,0.0
2023351359349,2023,351359349,546146.0,258926.0,0.137465,52.209183,35,3,3,1,30/09/2023,7,10:27,-1,E07000008,E10000003,E10000003,3,1134,3,30,0,0,-1,0,-1,0,0,0,1,1,1,0,0,0,1,1,2,E01017943,3,1,0.0,1.0
2024351452465,2024,351452465,546247.0,259864.0,0.13935,52.21758,35,3,2,1,03/03/2024,1,00:45,-1,E07000008,E10000003,E10000003,6,0,6,30,-1,13,4,6,0,-1,-1,0,4,1,2,-1,-1,0,1,1,2,E01032802,3,1,0.0,1.0
2020351012425,2020,351012425,544819.0,255802.0,0.116752,52.181477,35,2,1,1,15/12/2020,3,10:30,390,E07000008,E10000003,E10000003,3,1134,6,30,0,0,-1,0,-1,0,0,0,1,1,1,0,0,0,2,1,2,E01032794,7,1,1.0,0.0
2021351078945,2021,351078945,544826.0,260196.0,0.118732,52.220952,35,3,2,1,22/07/2021,5,15:29,-1,E07000008,E10000003,E10000003,6,0,6,30,6,16,2,6,0,0,0,0,1,1,1,1,0,11,1,3,2,E01018007,3,1,0.0,1.0
2022351245240,2022,351245240,546832.0,257613.0,0.146928,52.197204,35,3,2,1,04/11/2022,6,19:00,-1,E07000008,E10000003,E10000003,6,0,6,30,3,13,4,6,0,0,0,0,4,1,1,0,0,0,1,3,2,E01018000,3,1,0.0,1.0
2024351412362,2024,351412362,546537.0,258943.0,0.14319,52.20923,35,3,2,1,20/02/2024,3,11:11,-1,E07000008,E10000003,E10000003,3,1134,3,30,-1,13,-1,6,0,-1,-1,-1,1,1,-1,-1,-1,99,1,3,2,E01017943,3,1,0.0,1.0
2024351537155,2024,351537155,547873.0,259401.0,0.16293,52.21299,35,3,2,1,01/10/2024,3,22:10,-1,E07000008,E10000003,E10000003,6,0,6,30,-1,0,-1,3,1134,-1,-1,13,4,5,2,-1,-1,0,1,1,2,E01017946,3,1,0.0,1.0
2022351273834,2022,351273834,547920.0,254127.0,0.161316,52.165595,35,2,2,1,10/11/2022,5,16:45,-1,E07000012,E10000003,E10000003,3,1307,3,40,0,0,-1,0,-1,0,0,0,4,1,1,0,0,0,2,1,2,E01018292,5,1,1.0,0.0
2021351056102,2021,351056102,548222.0,256262.0,0.166688,52.184707,35,3,2,1,18/05/2021,3,16:36,-1,E07000008,E10000003,E10000003,6,0,6,20,3,13,4,6,0,0,0,0,1,1,1,0,0,0,1,1,2,E01017961,3,1,0.0,1.0
2021351095868,2021,351095868,544936.0,258143.0,0.119463,52.202479,35,3,2,2,06/10/2021,4,19:20,-1,E07000008,E10000003,E10000003,6,0,2,20,7,17,4,6,0,0,0,0,1,1,1,0,0,0,1,2,2,E01032797,3,1,0.0,1.0
2023351276185,2023,351276185,545125.0,258416.0,0.122315,52.20487,35,3,1,1,23/01/2023,2,16:05,-1,E07000008,E10000003,E10000003,6,0,9,30,3,13,-1,6,0,-1,-1,-1,1,1,-1,-1,-1,-1,1,3,2,E01032797,3,1,0.0,1.0
2024351437270,2024,351437270,545359.0,259719.0,0.1263,52.21651,35,3,2,1,29/04/2024,2,12:44,-1,E07000008,E10000003,E10000003,3,1134,6,30,-1,13,2,6,0,-1,-1,15,1,1,1,-1,-1,0,1,3,2,E01018007,3,1,0.0,1.0
2024351451151,2024,351451151,545135.0,257648.0,0.12213,52.19797,35,3,2,1,31/05/2024,6,09:30,-1,E07000008,E10000003,E10000003,3,603,1,30,-1,-1,4,6,0,-1,-1,0,1,2,2,-1,-1,0,1,3,2,E01018005,3,1,0.0,1.0
2024351538022,2024,351538022,550904.0,255568.0,0.20555,52.17773,35,3,2,1,18/12/2024,4,16:52,-1,E07000012,E10000003,E10000003,6,0,6,30,-1,0,-1,-1,-1,-1,-1,0,6,1,-1,-1,-1,99,2,3,2,E01018242,3,1,0.0,1.0
2021351040943,2021,351040943,546657.0,258753.0,0.144891,52.207504,35,3,1,1,06/03/2021,7,16:21,-1,E07000008,E10000003,E10000003,6,0,1,40,1,0,4,6,0,0,8,17,1,1,1,0,0,0,1,1,2,E01017990,3,1,0.0,1.0
2022351130994,2022,351130994,544330.0,259368.0,0.111095,52.213632,35,3,2,1,07/01/2022,6,08:40,-1,E07000008,E10000003,E10000003,3,1134,6,30,3,13,2,6,0,0,5,15,1,1,1,0,0,0,1,3,2,E01017958,3,1,0.0,1.0
2022351167981,2022,351167981,547296.0,262143.0,0.155682,52.237778,35,3,1,1,14/04/2022,5,12:55,-1,E07000012,E10000003,E10000003,6,0,6,30,0,0,-1,0,-1,0,1,13,1,1,-1,-1,-1,-1,2,3,2,E01018274,3,1,0.0,1.0
2022351231124,2022,351231124,536703.0,259839.0,-0.000273,52.219807,35,3,1,1,29/09/2022,5,13:45,-1,E07000012,E10000003,E10000003,6,0,1,60,1,0,4,6,0,0,0,0,1,1,1,0,0,0,2,1,2,E01018223,3,1,0.0,1.0
2023351321654,2023,351321654,548547.0,256184.0,0.171376,52.183907,35,3,2,2,13/06/2023,3,12:52,-1,E07000008,E10000003,E10000003,6,0,6,30,6,16,2,6,0,0,5,15,1,1,1,0,0,0,1,1,2,E01017960,3,1,0.0,1.0
2023351379980,2023,351379980,547302.0,255671.0,0.152957,52.179632,35,3,2,1,26/10/2023,5,15:28,-1,E07000008,E10000003,E10000003,6,0,6,20,3,13,4,6,0,0,4,14,1,1,1,0,0,0,1,1,2,E01017994,3,1,0.0,1.0
2024351471214,2024,351471214,541804.0,256355.0,0.07289,52.18722,35,3,2,1,18/07/2024,5,16:15,-1,E07000012,E10000003,E10000003,3,603,1,50,-1,-1,4,1,11,-1,-1,0,1,1,1,-1,-1,0,2,1,2,E01018225,3,1,0.0,1.0
2021351018945,2021,351018945,545739.0,260049.0,0.132024,52.219391,35,3,1,3,23/01/2021,7,01:48,-1,E07000008,E10000003,E10000003,3,1134,1,30,1,0,4,6,0,0,0,0,4,1,2,0,0,0,1,1,2,E01018008,3,1,0.0,1.0
2021351091049,2021,351091049,548479.0,257486.0,0.17098,52.195634,35,3,2,1,07/05/2021,6,12:50,-1,E07000008,E10000003,E10000003,6,0,6,30,3,13,4,6,0,0,0,0,1,1,1,0,0,0,1,1,2,E01017962,3,1,0.0,1.0
2021351085755,2021,351085755,551504.0,259497.0,0.216103,52.212879,35,3,2,1,16/08/2021,2,16:18,-1,E07000012,E10000003,E10000003,3,1303,3,60,0,0,-1,0,-1,0,0,0,1,1,1,0,0,0,2,1,2,E01018297,3,1,0.0,1.0
2021351133514,2021,351133514,547581.0,258008.0,0.158079,52.200565,35,3,2,1,30/11/2021,3,06:42,-1,E07000008,E10000003,E10000003,3,1134,1,30,1,0,4,3,1134,0,0,0,4,1,1,0,0,0,1,1,2,E01017999,3,1,0.0,1.0
2022351214466,2022,351214466,546393.0,256651.0,0.140095,52.188678,35,3,2,1,26/08/2022,6,20:17,-1,E07000008,E10000003,E10000003,6,0,6,30,3,13,4,6,0,0,0,0,4,1,1,0,0,0,1,3,2,E01017966,3,1,0.0,1.0
2022351267803,2022,351267803,553249.0,262005.0,0.242728,52.234915,35,3,3,2,20/12/2022,3,16:42,-1,E07000009,E10000003,E10000003,4,1102,6,40,0,0,-1,0,-1,0,0,0,6,1,2,0,0,0,2,3,2,E01018011,3,1,0.0,1.0
2023351291331,2023,351291331,545927.0,258478.0,0.134069,52.205216,35,3,2,1,22/03/2023,4,19:52,-1,E07000008,E10000003,E10000003,3,603,3,30,3,13,2,6,0,0,5,15,4,1,1,0,0,0,1,3,2,E01017991,3,1,0.0,1.0
2024351459847,2024,351459847,544510.0,253934.0,0.11141,52.16476,35,3,2,2,22/06/2024,7,12:00,-1,E07000008,E10000003,E10000003,3,1301,3,30,-1,0,-1,6,0,-1,-1,15,1,1,1,-1,-1,0,2,3,2,E01035530,3,1,0.0,1.0
2020350931311,2020,350931311,546068.0,257046.0,0.135542,52.192324,35,3,2,1,14/02/2020,6,16:00,390,E07000008,E10000003,E10000003,6,0,6,20,6,16,4,6,0,0,0,0,1,1,1,0,0,0,1,2,2,E01032795,3,1,0.0,1.0
2020350996172,2020,350996172,546692.0,260196.0,0.146028,52.220459,35,3,2,1,15/10/2020,5,11:42,390,E07000008,E10000003,E10000003,6,0,6,20,3,13,4,6,0,0,0,0,1,1,2,0,0,0,1,1,2,E01017974,3,1,0.0,1.0
2021351020630,2021,351020630,537359.0,260965.0,0.009807,52.229772,35,2,1,1,24/01/2021,1,07:31,-1,E07000012,E10000003,E10000003,6,0,6,60,0,0,-1,0,-1,0,0,0,1,1,4,0,0,0,2,1,2,E01018223,7,1,1.0,0.0
2021351059553,2021,351059553,543664.0,259905.0,0.101611,52.218642,35,3,2,1,23/06/2021,4,08:20,-1,E07000008,E10000003,E10000003,3,1307,3,30,3,13,4,6,0,0,0,0,1,1,1,0,0,0,1,3,2,E01017956,3,1,0.0,1.0
2022351181655,2022,351181655,544973.0,259337.0,0.120486,52.213185,35,3,2,1,25/03/2022,6,20:15,-1,E07000008,E10000003,E10000003,3,1303,6,30,3,13,4,6,0,0,1,13,4,1,1,0,0,0,1,1,2,E01017950,3,1,0.0,1.0
2022351234389,2022,351234389,544442.0,252607.0,0.109856,52.15286,35,3,1,2,10/06/2022,6,23:42,-1,E07000012,E10000003,E10000003,1,11,3,70,0,0,-1,0,-1,0,0,0,4,1,1,0,0,0,2,1,1,E01018292,3,1,0.0,1.0
2022351236812,2022,351236812,544974.0,259337.0,0.120501,52.213184,35,3,1,2,23/10/2022,1,18:45,-1,E07000008,E10000003,E10000003,3,1303,6,30,3,13,4,6,0,0,1,13,4,2,2,0,0,0,1,1,2,E01017950,3,1,0.0,1.0
2023351321153,2023,351321153,544372.0,260293.0,0.112104,52.221931,35,3,2,1,12/06/2023,2,07:37,-1,E07000008,E10000003,E10000003,4,1049,6,30,3,13,-1,6,0,-1,-1,-1,1,1,-1,-1,-1,-1,1,3,2,E01017955,3,1,0.0,1.0
2023351330610,2023,351330610,544027.0,259082.0,0.106542,52.211141,35,2,2,2,21/06/2023,4,10:36,-1,E07000008,E10000003,E10000003,3,1303,6,30,3,13,4,6,0,0,0,0,1,1,1,0,0,0,1,1,2,E01017986,5,1,1.0,0.0
2023351362557,2023,351362557,545753.0,258178.0,0.131396,52.202566,35,2,1,1,07/10/2023,7,19:45,-1,E07000008,E10000003,E10000003,6,0,7,30,6,16,2,3,603,0,5,15,4,1,1,0,0,0,1,1,2,E01017991,6,1,1.0,0.0
2024351510253,2024,351510253,549673.0,260183.0,0.1896,52.21953,35,3,3,2,22/10/2024,3,09:50,-1,E07000012,E10000003,E10000003,3,14,3,70,-1,0,-1,-1,-1,-1,-1,0,1,1,1,-1,-1,0,2,1,1,E01018297,3,1,0.0,1.0
2024351519381,2024,351519381,545558.0,257906.0,0.12843,52.20017,35,3,2,4,10/11/2024,1,13:50,-1,E07000008,E10000003,E10000003,3,603,6,30,-1,0,-1,6,0,-1,-1,14,1,1,1,-1,-1,0,1,3,2,E01035517,3,1,0.0,1.0
2021351121797,2021,351121797,545488.0,261735.0,0.129078,52.234605,35,3,2,1,09/12/2021,5,17:58,-1,E07000008,E10000003,E10000003,6,0,6,30,3,13,4,6,0,0,4,14,4,2,2,0,0,0,2,1,2,E01017979,3,1,0.0,1.0
2022351167711,2022,351167711,546917.0,257604.0,0.148167,52.197101,35,2,2,1,08/03/2022,3,08:21,-1,E07000008,E10000003,E10000003,6,0,6,30,3,13,2,6,0,0,0,0,1,1,1,0,0,0,1,1,2,E01018000,7,1,1.0,0.0
2022351280129,2022,351280129,541359.0,259413.0,0.067659,52.214806,35,2,2,2,29/12/2022,5,17:10,-1,E07000012,E10000003,E10000003,3,1303,6,40,0,0,-1,0,-1,0,0,0,4,1,1,0,0,0,2,1,2,E01018224,7,1,1.0,0.0
2023351305264,2023,351305264,544825.0,260210.0,0.118695,52.221067,35,2,2,1,02/03/2023,5,18:00,-1,E07000008,E10000003,E10000003,6,0,6,20,6,16,2,6,0,0,0,0,1,1,-1,-1,-1,-1,1,2,2,E01017953,6,1,1.0,0.0
2023351347225,2023,351347225,551781.0,259676.0,0.220205,52.214399,35,3,2,1,04/08/2023,6,17:00,-1,E07000012,E10000003,E10000003,3,14,7,50,0,0,-1,0,-1,0,0,0,1,1,1,0,0,0,2,1,1,E01018297,3,1,0.0,1.0
2023351403929,2023,351403929,551926.0,259744.0,0.222356,52.214969,35,2,5,1,30/11/2023,5,15:05,-1,E07000012,E10000003,E10000003,3,14,3,70,0,0,-1,0,-1,0,0,0,1,1,1,0,0,0,2,1,1,E01018297,6,1,1.0,0.0
2024351417968,2024,351417968,547929.0,259340.0,0.16372,52.21242,35,3,1,1,05/03/2024,3,20:00,-1,E07000008,E10000003,E10000003,3,1303,3,40,-1,0,-1,6,0,-1,-1,14,4,1,1,-1,-1,0,1,3,2,E01017947,3,1,0.0,1.0
2024351463264,2024,351463264,547525.0,256414.0,0.15654,52.18625,35,2,2,1,04/06/2024,3,18:36,-1,E07000008,E10000003,E10000003,6,0,6,30,-1,13,4,6,0,-1,-1,0,1,2,2,-1,-1,0,1,1,2,E01017969,5,1,1.0,0.0
2024351545599,2024,351545599,545475.0,257926.0,0.12722,52.20037,35,3,2,2,29/10/2024,3,19:50,-1,E07000008,E10000003,E10000003,6,0,6,20,-1,0,-1,3,603,-1,-1,0,7,1,1,-1,-1,0,1,1,2,E01035517,3,1,0.0,1.0
2020350943472,2020,350943472,547296.0,258192.0,0.153992,52.202294,35,3,2,1,10/02/2020,2,08:28,390,E07000008,E10000003,E10000003,6,0,6,20,3,13,4,6,0,0,0,0,1,4,1,4,0,13,1,1,2,E01017997,3,1,0.0,1.0
2021351063769,2021,351063769,545567.0,260920.0,0.129883,52.227262,35,3,2,1,03/07/2021,7,12:00,-1,E07000008,E10000003,E10000003,6,0,6,30,3,13,4,6,0,0,0,0,1,1,1,0,0,0,1,1,2,E01017978,3,1,0.0,1.0
2021351109307,2021,351109307,545929.0,258481.0,0.134128,52.205254,35,3,1,1,03/11/2021,4,15:15,-1,E07000008,E10000003,E10000003,3,603,3,30,3,13,2,6,0,0,4,14,1,2,2,0,6,19,1,3,2,E01017991,3,1,0.0,1.0
2022351181875,2022,351181875,547337.0,254648.0,0.153024,52.170432,35,3,2,1,20/05/2022,6,08:20,-1,E07000008,E10000003,E10000003,3,1307,6,30,0,0,-1,0,-1,0,0,0,1,1,1,0,0,0,2,3,2,E01017995,3,1,0.0,1.0
2023351308400,2023,351308400,545179.0,256747.0,0.12239,52.189861,35,2,2,2,28/04/2023,6,11:17,-1,E07000008,E10000003,E10000003,3,1134,6,30,6,16,2,6,0,0,4,14,1,2,2,0,0,0,1,1,2,E01032794,7,1,1.0,0.0
2020350923842,2020,350923842,546056.0,261763.0,0.137401,52.234706,35,3,2,1,27/01/2020,2,17:12,395,E07000012,E10000003,E10000003,6,0,6,20,0,0,-1,0,-1,-1,-1,-1,4,2,-1,-1,-1,-1,1,2,2,E01018274,3,1,0.0,1.0
2022351251263,2022,351251263,546889.0,256546.0,0.1473,52.187603,35,3,2,1,03/12/2022,7,11:42,-1,E07000008,E10000003,E10000003,6,0,6,30,0,0,-1,0,-1,0,0,0,1,1,1,0,0,0,1,3,2,E01017968,3,1,0.0,1.0
2024351422777,2024,351422777,547896.0,259001.0,0.16309,52.20939,35,3,1,2,18/01/2024,5,11:37,-1,E07000008,E10000003,E10000003,3,1134,6,30,-1,0,-1,6,0,-1,-1,0,1,1,4,-1,-1,0,1,1,2,E01017947,3,1,0.0,1.0
2024351512195,2024,351512195,546167.0,257901.0,0.13733,52.19997,35,3,2,1,21/10/2024,2,19:42,-1,E07000008,E10000003,E10000003,6,0,6,30,-1,0,-1,6,0,-1,-1,13,4,1,1,-1,-1,0,1,1,2,E01017991,3,1,0.0,1.0
2020350921927,2020,350921927,547888.0,254100.0,0.160865,52.165372,35,3,2,1,13/01/2020,2,07:06,395,E07000012,E10000003,E10000003,3,1307,1,30,1,0,4,6,0,0,0,0,1,1,1,0,0,0,2,1,2,E01018292,3,1,0.0,1.0
2020350944000,2020,350944000,546975.0,259368.0,0.149808,52.212945,35,3,1,1,17/03/2020,3,07:10,390,E07000008,E10000003,E10000003,3,1134,3,30,9,19,2,6,0,0,4,14,1,1,1,0,0,0,1,1,2,E01017945,3,1,0.0,1.0
2022351181716,2022,351181716,545799.0,258589.0,0.132245,52.206247,35,3,1,1,22/05/2022,1,16:52,-1,E07000008,E10000003,E10000003,6,0,9,30,0,0,-1,0,-1,0,0,0,1,9,-1,-1,-1,-1,1,3,2,E01017983,3,1,0.0,1.0
2023351311479,2023,351311479,547172.0,258333.0,0.152212,52.203582,35,3,2,1,19/05/2023,6,17:00,-1,E07000008,E10000003,E10000003,6,0,6,30,3,13,4,6,0,0,0,0,1,1,1,0,0,0,1,3,2,E01017997,3,1,0.0,1.0
2023351367576,2023,351367576,544916.0,258512.0,0.1193,52.205788,35,2,1,1,06/10/2023,6,01:00,-1,E07000008,E10000003,E10000003,6,0,2,20,3,13,4,6,0,0,0,0,4,1,1,0,0,0,1,1,2,E01032797,7,1,1.0,0.0
2024351500973,2024,351500973,544571.0,261769.0,0.11565,52.23514,35,3,3,1,02/09/2024,2,16:44,-1,E07000012,E10000003,E10000003,3,14,7,40,-1,0,-1,4,1049,-1,-1,0,1,1,1,-1,-1,0,2,1,1,E01018259,3,1,0.0,1.0
2021351114033,2021,351114033,546499.0,258927.0,0.142656,52.20911,35,3,1,1,02/09/2021,5,12:21,-1,E07000008,E10000003,E10000003,6,0,7,30,3,13,4,3,1134,0,1,13,1,1,1,0,0,0,1,1,2,E01017943,3,1,0.0,1.0
2021351106054,2021,351106054,544364.0,260289.0,0.112014,52.221909,35,3,2,1,15/10/2021,6,10:23,-1,E07000008,E10000003,E10000003,6,0,6,30,6,16,2,4,1049,0,4,14,1,1,1,4,0,13,1,1,2,E01017955,3,1,0.0,1.0
2022351235167,2022,351235167,548525.0,260153.0,0.172793,52.21957,35,2,3,4,08/10/2022,7,15:27,-1,E07000012,E10000003,E10000003,4,1047,6,30,0,0,-1,0,-1,0,0,0,1,1,1,0,0,0,1,1,2,E01018297,6,1,1.0,0.0
2023351376703,2023,351376703,553607.0,262240.0,0.248073,52.236926,35,3,2,3,25/10/2023,4,18:32,-1,E07000009,E10000003,E10000003,4,1102,6,30,6,16,4,6,0,0,4,14,4,1,1,0,0,0,2,1,2,E01018011,3,1,0.0,1.0
2020350957039,2020,350957039,545735.0,260410.0,0.132121,52.222636,35,3,2,1,11/06/2020,5,08:15,390,E07000008,E10000003,E10000003,6,0,6,20,9,19,4,6,0,0,0,0,1,2,2,0,0,0,1,2,2,E01018006,3,1,0.0,1.0
2021351086326,2021,351086326,547210.0,255789.0,0.151691,52.180728,35,2,1,1,07/05/2021,6,13:15,-1,E07000008,E10000003,E10000003,6,0,6,30,0,0,-1,0,-1,0,0,0,1,1,1,0,0,0,1,2,2,E01017992,7,1,1.0,0.0
2021351148800,2021,351148800,547659.0,254308.0,0.15761,52.167302,35,2,2,1,23/10/2021,7,01:20,-1,E07000008,E10000003,E10000003,3,1307,6,30,3,13,2,6,0,0,5,15,4,1,1,0,0,0,2,1,2,E01017995,7,1,1.0,0.0
2022351168924,2022,351168924,544311.0,259620.0,0.110925,52.215901,35,3,2,2,20/04/2022,4,08:05,-1,E07000008,E10000003,E10000003,4,1049,6,30,3,13,4,6,0,0,0,0,1,1,1,0,0,0,1,3,2,E01017949,3,1,0.0,1.0
2023351301955,2023,351301955,548805.0,253479.0,0.173961,52.159536,35,3,2,1,19/04/2023,4,16:54,-1,E07000012,E10000003,E10000003,3,1307,6,60,3,13,4,6,0,0,0,0,1,1,1,0,0,0,2,3,2,E01018295,3,1,0.0,1.0
2023351317574,2023,351317574,546554.0,258965.0,0.143448,52.209425,35,3,2,1,07/06/2023,4,19:07,-1,E07000008,E10000003,E10000003,3,1134,3,30,3,13,4,6,0,0,0,0,1,1,1,0,0,0,1,3,2,E01017943,3,1,0.0,1.0
2024351506527,2024,351506527,544223.0,253903.0,0.10721,52.16456,35,3,3,1,11/10/2024,6,16:55,-1,E07000008,E10000003,E10000003,3,1301,3,40,-1,16,2,3,1309,-1,-1,14,1,1,1,-1,-1,0,2,1,2,E01035530,3,1,0.0,1.0
2024351515661,2024,351515661,547303.0,261995.0,0.15572,52.23644,35,3,2,2,28/10/2024,2,13:30,-1,E07000008,E10000003,E10000003,3,14,7,70,-1,0,-1,3,14,-1,-1,0,1,1,1,-1,-1,0,2,1,1,E01017971,3,1,0.0,1.0
2020350932568,2020,350932568,547859.0,263398.0,0.164499,52.248914,35,2,2,1,08/01/2020,4,17:00,395,E07000012,E10000003,E10000003,3,10,3,50,6,16,4,6,0,0,0,0,4,1,1,0,0,0,2,1,2,E01018272,7,1,1.0,0.0
2020350962855,2020,350962855,545878.0,260224.0,0.134133,52.220927,35,3,2,1,13/06/2020,7,14:40,390,E07000008,E10000003,E10000003,6,0,6,30,0,0,-1,0,-1,0,0,0,1,1,1,0,0,0,1,1,2,E01018006,3,1,0.0,1.0
2020351005499,2020,351005499,545552.0,257701.0,0.12828,52.198345,35,3,2,1,09/12/2020,4,08:25,390,E07000008,E10000003,E10000003,6,0,6,30,3,13,4,3,1307,0,0,0,1,1,1,0,0,0,1,2,2,E01018005,3,1,0.0,1.0
2021351116944,2021,351116944,545088.0,261078.0,0.122943,52.228807,35,2,2,1,15/11/2021,2,18:11,-1,E07000008,E10000003,E10000003,6,0,6,20,3,13,4,6,0,0,0,0,4,1,1,0,0,0,1,1,2,E01017978,7,1,1.0,0.0
2022351280931,2022,351280931,533548.0,259860.0,-0.04642,52.220769,35,2,2,1,08/08/2022,2,18:20,-1,E07000012,E10000003,E10000003,6,0,6,60,0,0,-1,0,-1,0,0,0,1,1,1,0,0,0,2,1,2,E01033119,6,1,1.0,0.0
2023351387275,2023,351387275,548814.0,256708.0,0.175508,52.188543,35,3,2,1,30/11/2023,5,12:25,-1,E07000008,E10000003,E10000003,6,0,1,30,1,0,4,6,0,9,9,99,1,7,4,9,9,99,1,3,2,E01017960,3,1,0.0,1.0
2024351437871,2024,351437871,541982.0,256285.0,0.07546,52.18654,35,3,3,2,13/04/2024,7,11:03,-1,E07000012,E10000003,E10000003,1,11,7,70,-1,0,-1,1,11,-1,-1,0,1,1,1,-1,-1,17,2,1,1,E01018225,3,1,0.0,1.0
2024351461074,2024,351461074,540575.0,259475.0,0.05622,52.21556,35,1,1,1,27/06/2024,5,19:20,-1,E07000012,E10000003,E10000003,3,1303,6,50,-1,0,-1,3,1303,-1,-1,0,1,1,1,-1,-1,0,2,1,2,E01018224,1,1,0.0,0.0
2021351076661,2021,351076661,539555.0,260363.0,0.041691,52.223812,35,3,1,1,31/07/2021,7,23:12,-1,E07000012,E10000003,E10000003,6,0,6,30,1,0,4,6,0,0,0,0,4,1,1,0,0,0,2,1,2,E01018224,3,1,0.0,1.0
2021351098197,2021,351098197,547164.0,255644.0,0.150956,52.179437,35,3,3,1,14/10/2021,5,08:30,-1,E07000008,E10000003,E10000003,6,0,6,20,3,13,4,6,0,0,0,0,1,1,1,0,0,0,1,2,2,E01017995,3,1,0.0,1.0
2021351104709,2021,351104709,543688.0,261648.0,0.102701,52.234295,35,3,2,2,25/10/2021,2,18:45,-1,E07000012,E10000003,E10000003,3,14,3,70,0,0,-1,0,-1,0,0,0,4,1,1,0,0,0,2,3,1,E01033120,3,1,0.0,1.0
2021351108684,2021,351108684,544349.0,260082.0,0.111706,52.220053,35,3,2,1,01/11/2021,2,16:50,-1,E07000008,E10000003,E10000003,4,1049,6,30,3,13,4,6,0,0,0,0,1,1,1,0,0,0,1,1,2,E01017949,3,1,0.0,1.0
2021351171110,2021,351171110,545732.0,261745.0,0.132652,52.23463,35,2,2,2,09/12/2021,5,13:24,-1,E07000008,E10000003,E10000003,6,0,6,20,0,0,-1,0,-1,0,0,0,1,1,1,0,0,0,1,1,2,E01017980,6,1,1.0,0.0
2021351130098,2021,351130098,545916.0,259785.0,0.1345,52.216973,35,3,2,1,21/12/2021,3,17:52,-1,E07000008,E10000003,E10000003,3,1134,1,40,1,0,4,6,0,0,8,17,4,1,1,0,0,0,1,1,2,E01017973,3,1,0.0,1.0
2023351363382,2023,351363382,534642.0,255860.0,-0.032004,52.184562,35,3,2,4,03/10/2023,3,16:22,-1,E07000012,E10000003,E10000003,4,1046,6,60,3,13,4,6,0,0,0,0,1,1,1,0,0,0,2,1,2,E01018231,3,1,0.0,1.0
2023351377230,2023,351377230,541282.0,259397.0,0.066526,52.214682,35,3,2,1,14/11/2023,3,06:57,-1,E07000012,E10000003,E10000003,3,1303,6,40,6,16,4,6,0,0,0,0,1,1,2,0,0,0,2,1,2,E01018224,3,1,0.0,1.0
2024351420626,2024,351420626,545987.0,257297.0,0.13444,52.19459,35,2,1,1,16/02/2024,6,09:52,-1,E07000008,E10000003,E10000003,6,0,6,30,-1,13,4,6,0,-1,-1,17,1,1,1,-1,-1,0,1,1,2,E01035522,5,1,1.0,0.0
2021351113140,2021,351113140,545134.0,257587.0,0.12212,52.197431,35,3,2,1,17/11/2021,4,09:27,-1,E07000008,E10000003,E10000003,3,1134,1,30,1,0,-1,3,1134,0,1,13,1,1,1,0,0,0,1,3,2,E01018005,3,1,0.0,1.0
2021351130307,2021,351130307,545731.0,260002.0,0.131887,52.218971,35,2,2,1,16/12/2021,5,18:12,-1,E07000008,E10000003,E10000003,3,1134,1,40,1,0,4,3,1134,0,0,0,4,1,1,0,0,0,1,1,2,E01018008,7,1,1.0,0.0
2022351248843,2022,351248843,542717.0,255947.0,0.086063,52.183316,35,3,1,3,29/10/2022,7,23:56,-1,E07000012,E10000003,E10000003,6,0,6,40,0,0,-1,0,-1,0,0,0,6,1,1,0,0,0,2,1,2,E01018225,3,1,0.0,1.0
2023351368385,2023,351368385,549217.0,259240.0,0.182513,52.211181,35,3,2,2,12/05/2023,6,16:32,-1,E07000012,E10000003,E10000003,3,1303,6,30,3,13,2,6,0,0,5,15,1,1,1,0,0,0,1,1,2,E01018297,3,1,0.0,1.0
2023351354747,2023,351354747,546048.0,260405.0,0.136669,52.222496,35,3,3,2,03/09/2023,1,16:30,-1,E07000008,E10000003,E10000003,3,1309,6,20,0,0,-1,0,-1,0,4,14,1,1,1,4,0,13,1,1,2,E01018006,3,1,0.0,1.0
2023351369881,2023,351369881,542537.0,259322.0,0.084851,52.213685,35,3,1,1,01/11/2023,4,08:49,-1,E07000008,E10000003,E10000003,6,0,6,40,0,0,-1,0,-1,0,5,15,1,2,2,0,0,0,2,3,2,E01017956,3,1,0.0,1.0
2024351503383,2024,351503383,551837.0,255815.0,0.21929,52.1797,35,3,2,2,09/09/2024,2,12:00,-1,E07000012,E10000003,E10000003,6,0,6,30,-1,13,4,6,0,-1,-1,0,1,2,2,-1,-1,14,1,1,2,E01018242,3,1,0.0,1.0
2024351497156,2024,351497156,544190.0,253909.0,0.10673,52.16462,35,2,2,3,23/09/2024,2,09:35,-1,E07000008,E10000003,E10000003,3,1301,7,40,-1,16,2,6,0,-1,-1,15,1,1,2,-1,-1,0,2,1,2,E01035530,6,1,1.0,0.0
2020351010387,2020,351010387,545751.0,260010.0,0.132183,52.219038,35,3,2,1,16/12/2020,4,18:01,390,E07000008,E10000003,E10000003,3,1134,1,30,1,0,4,3,1134,0,0,0,4,2,2,0,0,0,1,1,2,E01018008,3,1,0.0,1.0
2021351040435,2021,351040435,546818.0,257071.0,0.146517,52.19235,35,3,2,1,18/04/2021,1,17:27,-1,E07000008,E10000003,E10000003,6,0,6,20,0,0,-1,0,-1,0,0,0,1,1,1,0,0,0,1,1,2,E01017966,3,1,0.0,1.0
2021351060689,2021,351060689,547536.0,254428.0,0.155865,52.168413,35,3,2,1,15/06/2021,3,08:58,-1,E07000008,E10000003,E10000003,3,1307,6,40,0,0,-1,0,-1,0,0,0,1,1,1,0,0,0,2,1,2,E01017995,3,1,0.0,1.0
2022351190215,2022,351190215,553009.0,260234.0,0.238416,52.219072,35,1,2,2,10/06/2022,6,17:15,-1,E07000012,E10000003,E10000003,3,1303,6,60,3,13,4,6,0,0,0,0,1,1,1,0,0,0,2,1,2,E01018297,1,1,0.0,0.0
2023351301919,2023,351301919,545751.0,258204.0,0.131378,52.202801,35,2,2,1,31/03/2023,6,08:42,-1,E07000008,E10000003,E10000003,3,603,6,30,6,16,2,6,0,0,4,14,1,2,2,1,0,11,1,1,2,E01032797,6,1,1.0,0.0
2023351356816,2023,351356816,545741.0,258181.0,0.131222,52.202597,35,3,2,1,24/09/2023,1,18:52,-1,E07000008,E10000003,E10000003,3,603,6,20,6,16,2,6,0,0,5,15,1,1,-1,-1,-1,-1,1,3,2,E01032797,3,1,0.0,1.0
2023351374746,2023,351374746,542880.0,259268.0,0.089845,52.213111,35,2,1,1,30/10/2023,2,08:53,-1,E07000008,E10000003,E10000003,3,1303,3,40,3,13,4,6,0,0,0,0,1,1,1,0,0,0,1,1,2,E01017956,7,1,1.0,0.0
2023351372965,2023,351372965,537657.0,259621.0,0.013594,52.217611,35,2,2,3,01/11/2023,4,13:05,-1,E07000012,E10000003,E10000003,3,428,3,70,0,0,-1,0,-1,0,0,0,1,1,1,0,0,0,2,1,1,E01018223,7,1,1.0,0.0
2024351536301,2024,351536301,546654.0,258783.0,0.14483,52.20776,35,3,2,1,28/11/2024,5,09:00,-1,E07000008,E10000003,E10000003,6,0,6,30,-1,-1,4,6,0,-1,-1,0,1,1,2,-1,-1,0,1,1,2,E01017943,3,1,0.0,1.0
2020350930691,2020,350930691,545912.0,258536.0,0.133903,52.205752,35,3,2,1,16/02/2020,1,14:45,390,E07000008,E10000003,E10000003,6,0,6,20,0,0,-1,0,-1,0,0,0,1,5,2,0,0,0,1,2,2,E01017983,3,1,0.0,1.0
2022351138349,2022,351138349,546751.0,260024.0,0.146788,52.218886,35,2,2,1,26/01/2022,4,17:30,-1,E07000008,E10000003,E10000003,6,0,6,30,3,13,4,6,0,0,0,0,4,1,1,0,0,0,1,1,2,E01032802,6,1,1.0,0.0
2023351325272,2023,351325272,545774.0,258228.0,0.131724,52.20301,35,3,1,2,23/06/2023,6,14:50,-1,E07000008,E10000003,E10000003,3,603,6,30,0,0,-1,0,-1,0,4,14,1,1,1,0,0,0,1,3,2,E01017991,3,1,0.0,1.0
2023351383857,2023,351383857,547078.0,254953.0,0.149372,52.173241,35,3,1,1,10/11/2023,6,17:35,-1,E07000008,E10000003,E10000003,3,1307,6,30,0,0,-1,0,-1,0,0,0,4,1,1,0,0,0,1,1,2,E01017995,3,1,0.0,1.0
2022351270120,2022,351270120,541906.0,256659.0,0.074507,52.189922,35,3,1,1,23/11/2022,4,18:42,-1,E07000012,E10000003,E10000003,1,11,3,70,0,0,-1,0,-1,0,0,0,4,2,2,0,0,0,2,1,1,E01018225,3,1,0.0,1.0
2024351469354,2024,351469354,545857.0,257329.0,0.13255,52.19491,35,2,2,1,13/07/2024,7,00:43,-1,E07000008,E10000003,E10000003,6,0,6,30,-1,19,-1,6,0,-1,-1,0,4,2,2,-1,-1,0,1,3,2,E01017987,7,1,1.0,0.0
2021351087080,2021,351087080,546618.0,259248.0,0.144535,52.211962,35,3,2,1,11/09/2021,7,12:15,-1,E07000008,E10000003,E10000003,6,0,6,20,8,18,4,6,0,0,0,0,1,1,1,0,0,0,1,2,2,E01017943,3,1,0.0,1.0
2021351146995,2021,351146995,546926.0,261414.0,0.14998,52.231339,35,2,1,1,23/12/2021,5,17:23,-1,E07000008,E10000003,E10000003,3,1309,3,30,6,16,2,6,0,2,5,12,4,1,1,0,0,0,1,1,2,E01017971,7,1,1.0,0.0
2022351161404,2022,351161404,545450.0,258746.0,0.127209,52.207749,35,3,2,1,27/03/2022,1,08:45,-1,E07000008,E10000003,E10000003,6,0,1,40,1,0,4,6,0,0,0,0,1,8,1,0,0,0,1,3,2,E01032797,3,1,0.0,1.0
2022351248420,2022,351248420,544665.0,260593.0,0.116518,52.22455,35,2,1,1,26/11/2022,7,12:45,-1,E07000008,E10000003,E10000003,6,0,6,30,6,16,4,6,0,0,0,0,1,1,1,0,0,0,1,3,2,E01017951,6,1,1.0,0.0
2022351251397,2022,351251397,546781.0,257616.0,0.146184,52.197245,35,2,1,1,28/11/2022,2,14:28,-1,E07000008,E10000003,E10000003,6,0,6,30,0,0,-1,0,-1,1,4,11,1,1,1,0,0,0,1,1,2,E01018000,5,1,1.0,0.0
2023351273768,2023,351273768,544386.0,258970.0,0.111745,52.210041,35,3,2,1,02/02/2023,5,13:00,-1,E07000008,E10000003,E10000003,3,1134,6,30,1,0,-1,3,1303,0,0,0,1,1,1,0,0,0,1,3,2,E01017958,3,1,0.0,1.0
2023351340343,2023,351340343,548282.0,259714.0,0.169047,52.215692,35,3,2,1,08/08/2023,3,16:30,-1,E07000008,E10000003,E10000003,4,1047,6,30,3,13,4,6,0,0,0,0,1,2,2,0,0,0,1,3,2,E01017948,3,1,0.0,1.0
2024351396344,2024,351396344,537665.0,259573.0,0.01369,52.21718,35,3,2,1,04/01/2024,5,12:30,-1,E07000012,E10000003,E10000003,6,0,6,40,-1,13,4,6,0,-1,-1,-1,1,1,2,-1,-1,-1,2,3,2,E01018251,3,1,0.0,1.0
2024351398870,2024,351398870,547261.0,256473.0,0.15271,52.18685,35,3,2,1,15/01/2024,2,22:37,-1,E07000008,E10000003,E10000003,3,1134,1,40,-1,-1,-1,6,0,-1,-1,-1,4,1,-1,-1,-1,99,1,3,2,E01017968,3,1,0.0,1.0
2024351402177,2024,351402177,547261.0,256461.0,0.1527,52.18674,35,3,2,1,23/01/2024,3,07:20,-1,E07000008,E10000003,E10000003,3,1134,1,30,-1,-1,4,6,0,-1,-1,14,4,1,1,-1,-1,0,1,3,2,E01017968,3,1,0.0,1.0
2024351435264,2024,351435264,542027.0,259013.0,0.07726,52.21104,35,3,2,1,11/04/2024,5,17:00,-1,E07000008,E10000003,E10000003,1,11,7,70,-1,-1,4,3,1303,-1,-1,0,1,1,1,-1,-1,0,2,1,1,E01035516,3,1,0.0,1.0
2020350918411,2020,350918411,544978.0,257577.0,0.119835,52.197382,35,3,2,1,13/01/2020,2,08:25,390,E07000008,E10000003,E10000003,3,1134,6,30,9,19,4,6,0,0,4,14,1,1,1,0,0,0,1,2,2,E01018005,3,1,0.0,1.0
2020351010450,2020,351010450,543915.0,261677.0,0.106035,52.234496,35,3,3,2,27/11/2020,6,17:10,395,E07000012,E10000003,E10000003,3,14,3,70,0,0,-1,0,-1,0,0,0,4,7,2,0,0,0,2,1,1,E01033120,3,1,0.0,1.0
2021351080776,2021,351080776,546593.0,259971.0,0.144483,52.218464,35,3,3,1,06/06/2021,1,17:10,-1,E07000008,E10000003,E10000003,6,0,6,30,0,0,-1,0,-1,0,0,0,1,1,1,0,0,0,1,1,2,E01032802,3,1,0.0,1.0
2021351072664,2021,351072664,547761.0,262690.0,0.162755,52.24258,35,3,1,1,29/07/2021,5,00:39,-1,E07000012,E10000003,E10000003,6,0,6,30,3,13,4,6,0,0,0,0,4,1,2,7,0,15,1,1,2,E01018273,3,1,0.0,1.0
2021351118676,2021,351118676,546598.0,255560.0,0.142648,52.178833,35,2,2,1,29/11/2021,2,14:30,-1,E07000008,E10000003,E10000003,3,1307,6,30,6,16,4,3,1134,0,5,15,1,1,1,0,0,0,1,3,2,E01017993,7,1,1.0,0.0
2022351143281,2022,351143281,546029.0,258824.0,0.13571,52.208297,35,2,2,1,07/02/2022,2,20:24,-1,E07000008,E10000003,E10000003,6,0,6,20,9,19,4,6,0,0,5,15,4,1,2,0,0,0,1,1,2,E01017983,7,1,1.0,0.0
2022351226040,2022,351226040,548340.0,259847.0,0.169953,52.216871,35,2,3,1,09/09/2022,6,17:54,-1,E07000008,E10000003,E10000003,4,1047,6,30,9,19,-1,6,0,0,5,15,1,1,1,0,0,0,1,1,2,E01017948,6,1,1.0,0.0
2022351249928,2022,351249928,547822.0,256348.0,0.160851,52.185575,35,3,2,1,30/11/2022,4,07:57,-1,E07000008,E10000003,E10000003,6,0,6,30,3,13,4,6,0,0,0,0,1,1,1,0,0,0,1,3,2,E01017961,3,1,0.0,1.0
2024351447676,2024,351447676,545992.0,261604.0,0.13637,52.23328,35,2,2,1,05/03/2024,3,05:51,-1,E07000008,E10000003,E10000003,6,0,6,30,-1,19,4,6,0,-1,-1,14,1,1,2,-1,-1,0,1,1,2,E01017980,6,1,1.0,0.0
2024351424920,2024,351424920,547009.0,256519.0,0.14904,52.18733,35,2,2,1,14/03/2024,5,16:18,-1,E07000008,E10000003,E10000003,6,0,6,30,-1,13,-1,6,0,-1,-1,0,1,1,-1,-1,-1,99,1,3,2,E01017968,7,1,1.0,0.0
2024351495588,2024,351495588,545451.0,258781.0,0.12724,52.20806,35,3,2,1,10/09/2024,3,18:16,-1,E07000008,E10000003,E10000003,6,0,1,30,-1,-1,4,6,0,-1,-1,0,1,2,2,-1,-1,0,1,1,2,E01035515,3,1,0.0,1.0
2020350984921,2020,350984921,539993.0,259429.0,0.047713,52.215309,35,3,2,2,11/09/2020,6,15:58,395,E07000012,E10000003,E10000003,3,1303,6,50,0,0,-1,0,-1,0,0,0,1,1,1,0,0,0,2,1,2,E01018224,3,1,0.0,1.0
2020350990174,2020,350990174,542029.0,256106.0,0.076102,52.184933,35,3,2,2,06/10/2020,3,07:25,395,E07000012,E10000003,E10000003,1,11,3,70,5,0,4,1,11,0,0,0,1,1,2,0,0,0,2,1,1,E01018225,3,1,0.0,1.0
2022351154954,2022,351154954,542072.0,259257.0,0.078023,52.213221,35,3,2,1,28/02/2022,2,00:19,-1,E07000008,E10000003,E10000003,1,11,3,70,0,0,-1,0,-1,0,0,0,6,1,1,0,0,0,2,1,1,E01017984,3,1,0.0,1.0
2023351277090,2023,351277090,546831.0,261490.0,0.148594,52.232036,35,2,1,1,02/02/2023,5,09:08,-1,E07000012,E10000003,E10000003,6,0,1,30,0,0,-1,0,-1,0,0,0,1,1,2,0,0,0,1,1,2,E01018274,7,1,1.0,0.0
2024351445448,2024,351445448,543862.0,259237.0,0.10419,52.21258,35,3,2,1,01/05/2024,4,21:30,-1,E07000008,E10000003,E10000003,6,0,6,30,-1,0,-1,6,0,-1,-1,0,1,1,1,-1,-1,-1,1,3,2,E01035514,3,1,0.0,1.0
2020350925143,2020,350925143,547217.0,256471.0,0.152089,52.186853,35,3,2,1,08/01/2020,4,19:55,390,E07000008,E10000003,E10000003,6,0,6,30,0,0,-1,0,-1,0,0,0,1,1,1,0,0,0,1,1,2,E01017968,3,1,0.0,1.0
2022351212860,2022,351212860,545986.0,258011.0,0.134731,52.201004,35,2,2,1,20/08/2022,7,21:00,-1,E07000008,E10000003,E10000003,6,0,6,20,3,13,4,6,0,0,0,0,4,1,1,0,0,0,1,2,2,E01017988,7,1,1.0,0.0
2022351262527,2022,351262527,547685.0,261850.0,0.161247,52.235042,35,3,2,1,02/12/2022,6,17:49,-1,E07000008,E10000003,E10000003,3,14,3,70,0,0,-1,0,-1,0,0,0,6,1,2,0,0,0,2,1,1,E01017971,3,1,0.0,1.0
2023351330456,2023,351330456,543972.0,257885.0,0.105229,52.200402,35,3,2,1,09/07/2023,1,12:40,-1,E07000008,E10000003,E10000003,6,0,6,20,3,13,4,6,0,0,0,0,1,1,1,0,0,0,1,3,2,E01017985,3,1,0.0,1.0
2024351451542,2024,351451542,544464.0,259246.0,0.113,52.2125,35,3,2,1,02/06/2024,1,19:15,-1,E07000008,E10000003,E10000003,6,0,6,20,-1,13,4,6,0,-1,-1,0,1,1,1,-1,-1,0,1,3,2,E01035514,3,1,0.0,1.0
2024351537527,2024,351537527,540594.0,262278.0,0.05766,52.24074,35,2,3,1,25/11/2024,2,06:56,-1,E07000012,E10000003,E10000003,3,14,7,70,-1,-1,4,3,14,-1,-1,0,1,1,1,-1,-1,0,2,1,1,E01035561,7,1,1.0,0.0
2021351054786,2021,351054786,546993.0,255616.0,0.148445,52.179231,35,2,2,1,02/06/2021,4,15:25,-1,E07000008,E10000003,E10000003,3,1134,1,30,1,0,4,3,1134,0,0,0,1,1,1,0,0,0,1,1,2,E01017993,7,1,1.0,0.0
2021351079958,2021,351079958,546315.0,257813.0,0.139484,52.19915,35,3,2,3,22/08/2021,1,15:00,-1,E07000008,E10000003,E10000003,6,0,6,30,3,13,4,6,0,0,0,0,1,1,2,0,6,19,1,3,2,E01017987,3,1,0.0,1.0
2021351097418,2021,351097418,545754.0,258175.0,0.131438,52.202551,35,3,1,1,11/10/2021,2,17:50,-1,E07000008,E10000003,E10000003,6,0,7,30,5,0,4,3,603,2,4,12,1,1,1,0,0,0,1,2,2,E01017991,3,1,0.0,1.0
2023351273193,2023,351273193,541405.0,261358.0,0.069144,52.232269,35,3,2,1,23/01/2023,2,09:48,-1,E07000012,E10000003,E10000003,1,11,3,70,0,0,-1,0,-1,0,0,0,1,1,2,0,0,0,2,1,1,E01018249,3,1,0.0,1.0
2024351533958,2024,351533958,541731.0,256277.0,0.07179,52.18653,35,3,2,1,29/11/2024,6,19:00,-1,E07000012,E10000003,E10000003,3,603,6,60,-1,19,-1,6,0,-1,-1,0,4,1,1,-1,-1,-1,2,3,2,E01018225,3,1,0.0,1.0
2020350963239,2020,350963239,546027.0,258613.0,0.135618,52.206414,35,3,2,1,08/07/2020,4,22:07,390,E07000008,E10000003,E10000003,3,603,3,30,0,0,-1,0,-1,0,0,0,4,1,2,0,0,0,1,2,2,E01017983,3,1,0.0,1.0
2023351286650,2023,351286650,543950.0,257489.0,0.104739,52.19685,35,3,2,1,08/03/2023,4,18:24,-1,E07000008,E10000003,E10000003,3,603,6,30,3,13,-1,6,0,0,4,14,4,3,-1,-1,-1,-1,1,3,2,E01017985,3,1,0.0,1.0
2024351400290,2024,351400290,545826.0,258313.0,0.13252,52.20376,35,3,2,1,18/01/2024,5,15:23,-1,E07000008,E10000003,E10000003,3,603,6,30,-1,13,2,6,0,-1,-1,0,1,1,1,-1,-1,0,1,3,2,E01017991,3,1,0.0,1.0
2024351419345,2024,351419345,547244.0,256448.0,0.15245,52.18663,35,3,2,1,08/03/2024,6,16:45,-1,E07000008,E10000003,E10000003,3,1134,6,30,-1,0,-1,6,0,-1,-1,-1,1,9,-1,-1,-1,99,1,3,2,E01017968,3,1,0.0,1.0
2021351072537,2021,351072537,544544.0,257821.0,0.113594,52.199688,35,3,3,1,22/07/2021,5,12:24,-1,E07000008,E10000003,E10000003,3,1134,6,30,0,0,-1,0,-1,0,4,14,1,1,1,0,0,0,1,1,2,E01017985,3,1,0.0,1.0
2022351168561,2022,351168561,546056.0,257723.0,0.13563,52.198398,35,2,2,1,21/03/2022,2,13:45,-1,E07000008,E10000003,E10000003,6,0,6,20,3,13,4,6,0,0,0,0,1,1,1,0,0,0,1,2,2,E01017988,6,1,1.0,0.0
2022351209695,2022,351209695,546394.0,260749.0,0.14188,52.225495,35,3,1,1,04/04/2022,2,20:00,-1,E07000008,E10000003,E10000003,6,0,6,30,3,13,4,3,1309,0,0,0,4,1,1,0,0,0,1,1,2,E01017976,3,1,0.0,1.0
2022351225824,2022,351225824,533451.0,255810.0,-0.049434,52.184402,35,3,2,2,17/09/2022,7,18:00,-1,E07000012,E10000003,E10000003,4,1046,6,60,0,0,-1,0,-1,0,0,0,1,1,1,0,0,0,2,1,2,E01033116,3,1,0.0,1.0
2024351506968,2024,351506968,543802.0,259802.0,0.10356,52.21767,35,2,2,1,20/06/2024,5,18:02,-1,E07000008,E10000003,E10000003,3,1307,3,30,-1,13,4,6,0,-1,-1,0,1,1,1,-1,-1,0,1,1,2,E01035513,7,1,1.0,0.0
2024351463344,2024,351463344,544200.0,262884.0,0.11069,52.24525,35,2,2,1,24/06/2024,2,11:21,-1,E07000012,E10000003,E10000003,4,1049,6,30,-1,13,2,6,0,-1,-1,15,1,1,1,-1,-1,0,1,1,2,E01018259,6,1,1.0,0.0
2024351499180,2024,351499180,547265.0,255663.0,0.15241,52.17957,35,2,2,1,30/09/2024,2,20:20,-1,E07000008,E10000003,E10000003,6,0,6,20,-1,0,-1,6,0,-1,-1,0,4,8,2,-1,-1,0,1,3,2,E01017995,7,1,1.0,0.0
2020350930811,2020,350930811,544335.0,260085.0,0.111502,52.220084,35,3,2,2,11/02/2020,3,15:30,390,E07000008,E10000003,E10000003,6,0,6,30,9,19,4,4,1049,2,5,12,1,1,-1,0,0,0,1,2,2,E01017949,3,1,0.0,1.0
2020351006955,2020,351006955,538060.0,256543.0,0.018264,52.189866,35,2,1,1,02/12/2020,4,16:10,395,E07000012,E10000003,E10000003,6,0,6,60,0,0,-1,0,-1,0,0,0,4,1,1,0,0,0,2,2,2,E01018232,7,1,1.0,0.0
2021351055849,2021,351055849,545458.0,257362.0,0.12676,52.195325,35,3,2,1,14/06/2021,2,08:15,-1,E07000008,E10000003,E10000003,6,0,6,20,3,13,4,6,0,0,0,0,1,1,1,0,0,0,1,2,2,E01018005,3,1,0.0,1.0
2022351177735,2022,351177735,545960.0,259701.0,0.135079,52.216195,35,3,1,1,04/05/2022,4,15:47,-1,E07000008,E10000003,E10000003,3,1134,6,30,0,0,-1,0,-1,0,4,14,1,1,1,0,0,0,1,3,2,E01032802,3,1,0.0,1.0
2022351242554,2022,351242554,546690.0,260194.0,0.145969,52.22043,35,3,2,1,18/10/2022,3,08:37,-1,E07000008,E10000003,E10000003,6,0,6,20,3,13,4,6,0,0,0,0,1,1,1,0,0,0,1,1,2,E01017974,3,1,0.0,1.0
2022351252577,2022,351252577,549061.0,253257.0,0.177604,52.157473,35,3,2,1,05/12/2022,2,16:50,-1,E07000012,E10000003,E10000003,3,1307,3,60,0,0,-1,0,-1,0,0,0,6,1,2,0,0,0,2,3,2,E01018295,3,1,0.0,1.0
2023351303410,2023,351303410,540585.0,261869.0,0.057358,52.237069,35,2,3,1,23/02/2023,5,18:06,-1,E07000012,E10000003,E10000003,6,0,6,60,3,13,4,3,1307,0,0,0,6,1,1,0,0,0,2,1,2,E01018249,7,1,1.0,0.0
2023351324076,2023,351324076,535476.0,259658.0,-0.018295,52.218483,35,3,2,1,26/06/2023,2,15:17,-1,E07000012,E10000003,E10000003,6,0,1,40,1,0,4,6,0,-1,-1,-1,1,9,-1,-1,-1,-1,2,3,2,E01018231,3,1,0.0,1.0
2023351364093,2023,351364093,547869.0,259300.0,0.162825,52.212083,35,3,2,1,13/10/2023,6,17:30,-1,E07000008,E10000003,E10000003,3,1134,1,30,1,0,4,3,1134,0,0,0,1,2,-1,-1,-1,-1,1,3,2,E01017946,3,1,0.0,1.0
2020350922100,2020,350922100,547865.0,259318.0,0.162803,52.212258,35,3,2,1,19/01/2020,1,18:20,390,E07000008,E10000003,E10000003,3,1134,1,30,1,0,4,3,1134,0,0,0,4,8,2,0,0,0,1,1,2,E01017946,3,1,0.0,1.0
2020350949385,2020,350949385,545900.0,259724.0,0.134239,52.216429,35,2,2,1,28/03/2020,7,17:17,390,E07000008,E10000003,E10000003,3,1134,1,30,1,0,4,3,1303,0,0,0,1,1,1,0,0,0,1,1,2,E01018008,7,1,1.0,0.0
2020350966664,2020,350966664,546266.0,258874.0,0.139226,52.208695,35,3,1,1,23/07/2020,5,10:05,390,E07000008,E10000003,E10000003,3,1134,3,30,0,0,-1,0,-1,2,5,12,1,1,1,-1,-1,-1,1,2,2,E01017943,3,1,0.0,1.0
2021351040569,2021,351040569,547240.0,258252.0,0.153199,52.202848,35,3,3,2,01/04/2021,5,20:40,-1,E07000008,E10000003,E10000003,6,0,6,30,3,13,4,6,0,0,0,0,4,1,1,0,0,0,1,1,2,E01017997,3,1,0.0,1.0
2022351168457,2022,351168457,548447.0,257502.0,0.170491,52.195775,35,3,2,1,29/03/2022,3,08:35,-1,E07000008,E10000003,E10000003,6,0,6,30,6,16,2,6,0,0,5,15,1,1,1,0,0,0,1,1,2,E01017962,3,1,0.0,1.0
2022351187973,2022,351187973,545428.0,254174.0,0.124928,52.166679,35,2,2,1,09/06/2022,5,13:00,-1,E07000008,E10000003,E10000003,6,0,6,30,3,13,4,6,0,0,0,0,1,1,1,0,0,0,2,3,2,E01018003,7,1,1.0,0.0
2020350938858,2020,350938858,547868.0,259310.0,0.162844,52.212185,35,3,2,1,19/01/2020,1,07:30,390,E07000008,E10000003,E10000003,3,1134,1,30,1,0,4,3,1134,0,0,0,1,1,4,0,0,0,1,1,2,E01017946,3,1,0.0,1.0
2020350959109,2020,350959109,549815.0,263100.0,0.192996,52.245709,35,3,2,1,02/06/2020,3,07:30,395,E07000012,E10000003,E10000003,6,0,6,50,0,0,-1,0,-1,0,0,0,1,1,1,0,0,0,2,1,2,E01018297,3,1,0.0,1.0
2020350988645,2020,350988645,546610.0,257675.0,0.143738,52.197832,35,3,2,1,08/10/2020,5,13:00,390,E07000008,E10000003,E10000003,6,0,6,20,3,13,4,6,0,0,0,0,1,1,1,0,0,0,1,2,2,E01018000,3,1,0.0,1.0
2021351150061,2021,351150061,544517.0,257871.0,0.11322,52.200145,35,3,2,1,15/11/2021,2,11:41,-1,E07000008,E10000003,E10000003,3,1134,6,30,0,0,-1,0,-1,0,0,0,1,1,1,0,0,0,1,1,2,E01017985,3,1,0.0,1.0
2021351114460,2021,351114460,545554.0,257681.0,0.128301,52.198165,35,2,2,1,19/11/2021,6,13:35,-1,E07000008,E10000003,E10000003,6,0,6,30,3,13,-1,3,1307,0,4,14,1,1,1,0,0,0,1,3,2,E01018005,7,1,1.0,0.0
2022351197556,2022,351197556,547305.0,258190.0,0.154094,52.202262,35,2,2,1,04/07/2022,2,20:40,-1,E07000008,E10000003,E10000003,6,0,6,30,3,13,4,6,0,0,0,0,1,1,1,0,0,0,1,3,2,E01017997,7,1,1.0,0.0
2023351270375,2023,351270375,542126.0,261719.0,0.079846,52.235327,35,2,1,1,25/01/2023,4,10:22,-1,E07000012,E10000003,E10000003,6,0,6,20,0,0,-1,0,-1,0,0,0,1,1,1,0,0,0,1,1,2,E01018250,6,1,1.0,0.0
2024351399328,2024,351399328,538893.0,259069.0,0.03145,52.21234,35,3,2,1,15/01/2024,2,15:45,-1,E07000012,E10000003,E10000003,6,0,6,60,-1,0,-1,-1,-1,-1,-1,0,1,1,1,-1,-1,0,2,3,2,E01018232,3,1,0.0,1.0
2022351136334,2022,351136334,546814.0,257610.0,0.146664,52.197182,35,3,1,1,18/01/2022,3,13:15,-1,E07000008,E10000003,E10000003,6,0,6,20,3,13,4,6,0,0,0,0,1,1,1,0,0,0,1,1,2,E01018000,3,1,0.0,1.0
2022351194837,2022,351194837,541857.0,257143.0,0.073993,52.194283,35,2,3,1,20/06/2022,2,15:38,-1,E07000012,E10000003,E10000003,1,11,3,70,0,0,-1,0,-1,0,0,0,1,1,1,0,0,0,2,1,1,E01018225,6,1,1.0,0.0
2024351457119,2024,351457119,546945.0,262295.0,0.15061,52.23924,35,2,1,5,04/06/2024,3,22:32,-1,E07000012,E10000003,E10000003,6,0,6,50,-1,0,-1,3,10,-1,-1,0,6,1,2,-1,-1,0,2,1,2,E01018274,7,1,1.0,0.0
2024351482113,2024,351482113,543922.0,259096.0,0.10501,52.21129,35,2,2,1,05/06/2024,4,18:39,-1,E07000008,E10000003,E10000003,3,1303,6,30,-1,0,-1,-1,-1,-1,-1,0,1,1,1,-1,-1,0,1,1,2,E01035516,7,1,1.0,0.0
2024351500533,2024,351500533,546041.0,254565.0,0.13405,52.17003,35,3,2,1,11/09/2024,4,08:45,-1,E07000008,E10000003,E10000003,6,0,1,30,-1,0,-1,-1,-1,-1,-1,17,1,1,1,-1,-1,-1,2,3,2,E01017995,3,1,0.0,1.0
2020350978629,2020,350978629,545442.0,257869.0,0.126744,52.199884,35,3,2,1,13/08/2020,5,08:15,390,E07000008,E10000003,E10000003,6,0,6,30,0,0,-1,0,-1,0,5,15,1,1,1,0,0,0,1,1,2,E01032797,3,1,0.0,1.0
2021351095471,2021,351095471,547884.0,255790.0,0.161542,52.180557,35,3,3,2,24/09/2021,6,09:05,-1,E07000008,E10000003,E10000003,6,0,6,20,3,13,4,6,0,0,0,0,1,1,1,0,0,0,1,1,2,E01017994,3,1,0.0,1.0
2022351251194,2022,351251194,547050.0,258511.0,0.150505,52.205214,35,3,2,1,02/11/2022,4,11:30,-1,E07000008,E10000003,E10000003,6,0,6,20,3,13,4,6,0,0,0,0,1,1,1,0,0,0,1,1,2,E01017997,3,1,0.0,1.0
2022351245298,2022,351245298,546659.0,255305.0,0.143401,52.176515,35,3,1,1,15/11/2022,3,15:05,-1,E07000008,E10000003,E10000003,6,0,6,30,0,0,-1,0,-1,0,1,13,1,1,1,0,0,0,1,3,2,E01017993,3,1,0.0,1.0
2022351250403,2022,351250403,547246.0,257556.0,0.152956,52.196582,35,3,1,1,30/11/2022,4,14:00,-1,E07000008,E10000003,E10000003,6,0,6,30,0,0,-1,0,-1,0,1,13,1,8,1,0,0,0,1,3,2,E01017999,3,1,0.0,1.0
2023351274783,2023,351274783,544586.0,257635.0,0.1141,52.197995,35,3,2,1,08/02/2023,4,07:15,-1,E07000008,E10000003,E10000003,3,1134,6,40,0,0,-1,0,-1,0,5,15,1,1,-1,-1,-1,-1,2,3,2,E01017985,3,1,0.0,1.0
2024351498240,2024,351498240,544735.0,258931.0,0.11683,52.2096,35,3,2,1,27/09/2024,6,08:25,-1,E07000008,E10000003,E10000003,6,0,6,20,-1,0,-1,6,0,-1,-1,0,1,9,-1,-1,-1,99,1,3,2,E01035514,3,1,0.0,1.0
2020350938822,2020,350938822,551428.0,259681.0,0.215073,52.214552,35,3,1,1,21/02/2020,6,00:30,395,E07000012,E10000003,E10000003,3,14,7,60,0,0,-1,0,-1,0,0,0,4,1,1,0,0,0,2,1,1,E01018297,3,1,0.0,1.0
2021351073481,2021,351073481,547851.0,263398.0,0.164382,52.248916,35,3,2,1,22/07/2021,5,08:36,-1,E07000012,E10000003,E10000003,3,10,3,50,9,19,4,6,0,0,0,0,1,1,1,0,0,0,2,1,2,E01018272,3,1,0.0,1.0
2022351218983,2022,351218983,543954.0,257484.0,0.104796,52.196804,35,3,2,1,07/09/2022,4,06:30,-1,E07000008,E10000003,E10000003,3,603,6,30,3,13,4,6,0,0,0,0,1,1,1,0,0,0,1,3,2,E01017985,3,1,0.0,1.0
2023351316813,2023,351316813,547603.0,258005.0,0.158371,52.20052,35,3,2,1,03/06/2023,7,10:15,-1,E07000008,E10000003,E10000003,6,0,9,30,1,0,-1,3,1134,-1,-1,-1,1,1,-1,-1,-1,-1,1,3,2,E01017999,3,1,0.0,1.0
2023351318646,2023,351318646,545590.0,257935.0,0.128908,52.200426,35,3,1,2,13/06/2023,3,10:52,-1,E07000008,E10000003,E10000003,3,603,6,30,0,0,-1,0,-1,0,4,14,1,1,-1,-1,-1,-1,1,3,2,E01018005,3,1,0.0,1.0
2023351374305,2023,351374305,545127.0,257659.0,0.12202,52.198069,35,3,2,1,11/11/2023,7,17:40,-1,E07000008,E10000003,E10000003,6,0,6,30,2,0,4,3,603,0,0,0,4,1,1,0,0,0,1,3,2,E01032797,3,1,0.0,1.0
2024351424536,2024,351424536,551434.0,259690.0,0.21514,52.21462,35,3,2,1,23/03/2024,7,13:10,-1,E07000012,E10000003,E10000003,3,14,7,50,-1,-1,4,3,1303,-1,-1,0,1,1,1,-1,-1,0,2,3,1,E01018297,3,1,0.0,1.0
2020350980222,2020,350980222,547322.0,259510.0,0.154945,52.214128,35,2,2,1,11/09/2020,6,14:30,390,E07000008,E10000003,E10000003,6,0,6,30,3,13,-1,6,0,0,0,0,1,1,1,0,0,0,1,2,2,E01017945,7,1,1.0,0.0
2021351095404,2021,351095404,546027.0,256895.0,0.134878,52.190979,35,3,2,1,24/09/2021,6,03:42,-1,E07000008,E10000003,E10000003,3,1307,6,40,0,0,-1,0,-1,0,0,0,4,1,1,0,0,0,1,1,2,E01032795,3,1,0.0,1.0
2022351138770,2022,351138770,546582.0,259958.0,0.144288,52.218338,35,3,2,1,29/01/2022,7,10:30,-1,E07000008,E10000003,E10000003,6,0,6,20,0,0,-1,0,-1,0,1,13,1,1,1,0,0,0,1,3,2,E01032802,3,1,0.0,1.0
2022351176425,2022,351176425,545760.0,260012.0,0.132287,52.219041,35,3,2,1,11/05/2022,4,17:15,-1,E07000008,E10000003,E10000003,3,1134,1,30,1,0,4,3,1134,0,0,0,1,1,2,0,0,0,1,3,2,E01018008,3,1,0.0,1.0
2022351200576,2022,351200576,545351.0,258025.0,0.125452,52.201298,35,3,2,1,08/07/2022,6,14:00,-1,E07000008,E10000003,E10000003,6,0,6,40,0,0,-1,0,-1,0,0,0,1,1,1,0,0,0,1,3,2,E01032797,3,1,0.0,1.0
2023351363906,2023,351363906,542287.0,263022.0,0.08275,52.246992,35,2,1,2,24/07/2023,2,04:34,-1,E07000012,E10000003,E10000003,6,0,6,60,0,0,-1,0,-1,0,0,0,1,2,2,0,0,0,2,1,2,E01018249,6,1,1.0,0.0
2023351353516,2023,351353516,544377.0,259351.0,0.111775,52.213467,35,3,2,1,06/09/2023,4,19:43,-1,E07000008,E10000003,E10000003,6,0,6,30,3,13,4,6,0,0,5,15,1,1,1,0,0,0,1,1,2,E01017958,3,1,0.0,1.0
2023351375167,2023,351375167,545953.0,257020.0,0.133822,52.19211,35,2,2,1,09/11/2023,5,22:45,-1,E07000008,E10000003,E10000003,3,1307,6,20,0,0,-1,0,-1,-1,-1,-1,7,1,-1,-1,-1,-1,1,3,2,E01032795,7,1,1.0,0.0
2020351005570,2020,351005570,544384.0,259164.0,0.111827,52.211796,35,3,2,1,24/07/2020,6,18:42,390,E07000008,E10000003,E10000003,3,1134,6,20,9,19,-1,6,0,0,0,0,1,1,1,0,0,0,1,1,2,E01017958,3,1,0.0,1.0
2021351061517,2021,351061517,547122.0,257589.0,0.151186,52.196923,35,3,2,1,16/04/2021,6,14:00,-1,E07000008,E10000003,E10000003,6,0,6,20,3,13,4,6,0,0,0,0,1,1,1,0,0,0,1,1,2,E01018000,3,1,0.0,1.0
2021351108095,2021,351108095,546162.0,258749.0,0.137651,52.2076,35,3,2,1,21/10/2021,5,12:45,-1,E07000008,E10000003,E10000003,6,0,6,30,0,0,-1,0,-1,0,0,0,1,1,1,0,0,0,1,1,2,E01017989,3,1,0.0,1.0
2022351225666,2022,351225666,546034.0,258432.0,0.135614,52.204774,35,3,2,1,18/09/2022,1,18:40,-1,E07000008,E10000003,E10000003,6,0,6,30,0,0,-1,0,-1,0,0,0,1,1,-1,-1,-1,-1,1,2,2,E01017991,3,1,0.0,1.0
2023351382306,2023,351382306,545469.0,261727.0,0.128768,52.234526,35,2,2,1,25/11/2023,7,19:41,-1,E07000008,E10000003,E10000003,6,0,6,30,3,13,4,6,0,0,8,17,4,1,1,0,0,0,2,1,2,E01017979,7,1,1.0,0.0
2023351352532,2023,351352532,547827.0,262976.0,0.163816,52.24512,35,2,3,1,09/09/2023,7,10:44,-1,E07000012,E10000003,E10000003,6,0,6,30,3,13,4,6,0,0,0,0,1,1,1,0,0,0,1,1,2,E01018273,6,1,1.0,0.0
2021351033461,2021,351033461,546969.0,259361.0,0.149718,52.212884,35,2,2,2,04/03/2021,5,18:30,-1,E07000008,E10000003,E10000003,3,1134,3,30,3,13,4,6,0,0,0,0,4,1,2,0,0,0,1,1,2,E01017945,7,1,1.0,0.0
2022351218379,2022,351218379,546178.0,258875.0,0.137911,52.208716,35,3,3,2,10/03/2022,5,22:10,-1,E07000008,E10000003,E10000003,3,1134,3,30,1,0,2,3,1134,0,0,0,4,1,1,0,0,0,1,1,2,E01017943,3,1,0.0,1.0
2022351178243,2022,351178243,544366.0,260281.0,0.112011,52.221825,35,3,2,1,13/05/2022,6,15:15,-1,E07000008,E10000003,E10000003,4,1049,6,30,6,16,2,6,0,0,0,0,1,1,1,0,0,0,1,3,2,E01017955,3,1,0.0,1.0
2023351271914,2023,351271914,547616.0,258030.0,0.158572,52.200741,35,3,2,1,30/01/2023,2,21:14,-1,E07000008,E10000003,E10000003,3,1134,1,40,1,0,-1,3,1134,-1,-1,-1,4,1,-1,-1,-1,-1,1,3,2,E01017999,3,1,0.0,1.0
2023351377393,2023,351377393,545066.0,256365.0,0.120575,52.186459,35,2,2,2,27/09/2023,4,20:53,-1,E07000008,E10000003,E10000003,3,1134,6,30,9,19,-1,6,0,0,0,0,4,1,1,0,0,0,1,1,2,E01032794,7,1,1.0,0.0
2023351391032,2023,351391032,552758.0,260227.0,0.234742,52.219079,35,3,2,2,05/12/2023,3,07:56,-1,E07000012,E10000003,E10000003,3,1303,6,60,3,13,4,6,0,0,8,17,1,1,2,0,0,0,2,1,2,E01018297,3,1,0.0,1.0
2024351538229,2024,351538229,546795.0,258219.0,0.14665,52.20266,35,3,2,1,12/12/2024,5,11:45,-1,E07000008,E10000003,E10000003,6,0,6,20,-1,13,4,6,0,-1,-1,0,1,1,2,-1,-1,0,1,3,2,E01017997,3,1,0.0,1.0
2020350943732,2020,350943732,547066.0,255791.0,0.149588,52.180784,35,2,2,1,29/01/2020,4,10:51,390,E07000008,E10000003,E10000003,3,1134,6,40,3,13,4,6,0,0,0,0,1,1,1,0,0,0,1,1,2,E01017992,5,1,1.0,0.0
2021351046490,2021,351046490,546730.0,260854.0,0.146869,52.226361,35,3,2,1,04/05/2021,3,17:45,-1,E07000008,E10000003,E10000003,6,0,6,30,0,0,-1,0,-1,0,0,0,1,1,1,0,0,0,1,1,2,E01017971,3,1,0.0,1.0
2022351180373,2022,351180373,543672.0,259897.0,0.101696,52.218556,35,3,3,1,16/05/2022,2,08:08,-1,E07000008,E10000003,E10000003,3,1307,3,30,0,0,-1,0,-1,0,0,0,1,1,-1,-1,-1,-1,1,3,2,E01017956,3,1,0.0,1.0
2022351201569,2022,351201569,544352.0,260081.0,0.111721,52.220032,35,3,3,1,08/07/2022,6,20:13,-1,E07000008,E10000003,E10000003,4,1049,6,30,3,13,4,6,0,0,0,0,1,1,1,0,0,0,1,1,2,E01017949,3,1,0.0,1.0
2023351284211,2023,351284211,544259.0,262772.0,0.111508,52.244233,35,1,1,2,12/02/2023,1,11:40,-1,E07000012,E10000003,E10000003,4,1049,6,30,3,13,4,6,0,0,5,15,1,1,1,0,0,0,1,1,2,E01018259,1,1,0.0,0.0
2023351380756,2023,351380756,545985.0,258010.0,0.134716,52.200996,35,3,2,1,29/11/2023,4,12:58,-1,E07000008,E10000003,E10000003,6,0,6,30,3,13,4,6,0,0,0,0,1,1,1,0,0,0,1,3,2,E01017988,3,1,0.0,1.0
2024351467966,2024,351467966,547599.0,258010.0,0.15831,52.20056,35,3,2,1,14/07/2024,1,11:50,-1,E07000008,E10000003,E10000003,3,1134,1,30,-1,-1,4,6,0,-1,-1,0,1,1,1,-1,-1,0,1,3,2,E01017999,3,1,0.0,1.0
2020350990159,2020,350990159,548268.0,259694.0,0.168862,52.215528,35,3,3,2,14/10/2020,4,17:30,390,E07000008,E10000003,E10000003,4,1047,6,30,0,0,-1,0,-1,0,4,14,1,2,1,0,0,0,1,2,2,E01017948,3,1,0.0,1.0
2022351181652,2022,351181652,544426.0,258187.0,0.111996,52.202996,35,3,2,1,18/05/2022,4,17:24,-1,E07000008,E10000003,E10000003,3,1134,6,30,3,13,4,6,0,0,0,0,1,1,1,0,0,0,1,1,2,E01017986,3,1,0.0,1.0
2022351256109,2022,351256109,549810.0,263088.0,0.192888,52.24559,35,3,1,1,02/12/2022,6,19:00,-1,E07000012,E10000003,E10000003,6,0,6,50,0,0,-1,0,-1,0,0,0,6,1,1,0,0,0,2,1,2,E01018297,3,1,0.0,1.0
2023351284082,2023,351284082,553282.0,257087.0,0.240986,52.190725,35,3,2,2,23/02/2023,5,18:40,-1,E07000012,E10000003,E10000003,6,0,6,60,0,0,-1,0,-1,0,0,0,6,1,1,0,0,0,2,1,2,E01018296,3,1,0.0,1.0
2020350964429,2020,350964429,546849.0,261240.0,0.148778,52.229797,35,3,2,1,08/07/2020,4,07:25,390,E07000008,E10000003,E10000003,3,1309,6,30,0,0,-1,0,-1,0,0,0,1,2,2,0,0,0,1,1,2,E01017971,3,1,0.0,1.0
2020350987450,2020,350987450,546569.0,256620.0,0.142682,52.188364,35,3,1,1,05/10/2020,2,20:00,390,E07000008,E10000003,E10000003,6,0,6,20,7,17,-1,6,0,-1,-1,-1,5,4,-1,-1,-1,-1,1,2,2,E01017966,3,1,0.0,1.0
2021351047626,2021,351047626,551890.0,259742.0,0.221858,52.214973,35,2,1,1,05/02/2021,6,09:38,-1,E07000012,E10000003,E10000003,3,14,3,70,0,0,-1,0,-1,0,0,0,1,1,1,0,0,0,2,3,1,E01018297,7,1,1.0,0.0
2021351107164,2021,351107164,541959.0,256301.0,0.075161,52.186703,35,2,2,3,09/10/2021,7,16:04,-1,E07000012,E10000003,E10000003,1,11,3,50,0,0,-1,0,-1,0,0,0,1,1,1,0,0,0,2,1,1,E01018225,7,1,1.0,0.0
2021351129108,2021,351129108,540596.0,261869.0,0.057547,52.237078,35,3,1,2,25/12/2021,7,17:49,-1,E07000012,E10000003,E10000003,3,1307,6,60,3,13,4,6,0,0,0,0,6,1,1,0,0,0,2,1,2,E01018249,3,1,0.0,1.0
2022351203147,2022,351203147,544939.0,254227.0,0.117806,52.167284,35,2,2,2,07/07/2022,5,06:51,-1,E07000008,E10000003,E10000003,3,1301,6,30,6,16,2,6,0,0,8,17,1,1,1,0,0,0,1,1,2,E01018003,5,1,1.0,0.0
2022351240858,2022,351240858,546810.0,257612.0,0.146606,52.197201,35,3,2,1,02/11/2022,4,20:10,-1,E07000008,E10000003,E10000003,6,0,6,30,0,0,-1,0,-1,0,0,0,4,1,1,0,0,0,1,3,2,E01018000,3,1,0.0,1.0
2023351271255,2023,351271255,545569.0,260622.0,0.129756,52.224572,35,3,2,1,12/01/2023,5,08:30,-1,E07000008,E10000003,E10000003,6,0,6,30,0,0,-1,0,-1,0,1,13,1,2,2,0,0,0,1,1,2,E01018006,3,1,0.0,1.0
2023351303449,2023,351303449,546111.0,256689.0,0.135989,52.189094,35,3,2,1,21/04/2023,6,17:00,-1,E07000008,E10000003,E10000003,3,1307,6,30,3,13,-1,6,0,-1,-1,-1,1,1,-1,-1,-1,-1,1,3,2,E01017966,3,1,0.0,1.0
2024351399004,2024,351399004,540847.0,255575.0,0.05858,52.18045,35,2,1,1,10/01/2024,4,10:58,-1,E07000012,E10000003,E10000003,6,0,6,20,-1,0,-1,6,0,-1,-1,0,1,1,4,-1,-1,0,2,1,2,E01018225,6,1,1.0,0.0
2020351012004,2020,351012004,545313.0,259599.0,0.1256,52.215461,35,3,2,1,24/10/2020,7,18:40,390,E07000008,E10000003,E10000003,3,1134,6,30,3,13,4,6,0,0,0,0,4,2,2,0,0,0,1,1,2,E01018009,3,1,0.0,1.0
2022351156672,2022,351156672,547002.0,255624.0,0.148552,52.17929,35,3,2,1,16/03/2022,4,10:20,-1,E07000008,E10000003,E10000003,3,1134,1,30,1,0,4,3,1134,0,0,0,1,1,1,0,0,0,1,3,2,E01017993,3,1,0.0,1.0
2022351178142,2022,351178142,545175.0,257316.0,0.122575,52.194974,35,3,2,1,09/05/2022,2,08:00,-1,E07000008,E10000003,E10000003,6,0,6,30,3,13,4,3,1134,0,0,0,1,1,1,0,0,0,1,3,2,E01018005,3,1,0.0,1.0
2023351264422,2023,351264422,547370.0,257059.0,0.154553,52.192084,35,3,2,1,14/01/2023,7,17:35,-1,E07000008,E10000003,E10000003,3,1134,1,30,1,0,4,6,0,0,0,0,4,1,2,0,0,0,1,3,2,E01017967,3,1,0.0,1.0
2023351326124,2023,351326124,545416.0,258770.0,0.126722,52.207974,35,3,2,1,01/07/2023,7,18:50,-1,E07000008,E10000003,E10000003,6,0,1,30,1,0,-1,6,0,-1,-1,-1,1,1,1,0,0,0,1,3,2,E01032797,3,1,0.0,1.0
2023351363457,2023,351363457,546701.0,261058.0,0.146505,52.228189,35,3,2,1,14/10/2023,7,14:10,-1,E07000008,E10000003,E10000003,3,1309,6,20,3,13,4,6,0,0,0,0,1,1,1,0,0,0,1,3,2,E01017976,3,1,0.0,1.0
2023351368831,2023,351368831,544343.0,261497.0,0.112193,52.232756,35,2,2,2,30/10/2023,2,13:55,-1,E07000012,E10000003,E10000003,4,1049,3,30,3,13,2,6,0,0,0,0,1,1,-1,-1,-1,-1,2,3,2,E01033121,7,1,1.0,0.0
2020350987514,2020,350987514,548234.0,259613.0,0.168329,52.214809,35,2,1,1,18/09/2020,6,17:55,390,E07000008,E10000003,E10000003,4,1047,6,30,0,0,-1,0,-1,0,5,15,1,1,1,0,0,0,1,2,2,E01017948,6,1,1.0,0.0
2022351131592,2022,351131592,545712.0,258139.0,0.13078,52.202227,35,3,2,1,10/01/2022,2,15:25,-1,E07000008,E10000003,E10000003,3,603,6,30,0,0,-1,0,-1,0,0,0,1,1,1,0,0,0,1,1,2,E01032797,3,1,0.0,1.0
2023351298261,2023,351298261,545084.0,260893.0,0.122776,52.227135,35,2,2,1,17/03/2023,6,13:17,-1,E07000008,E10000003,E10000003,6,0,6,20,2,0,4,6,0,0,1,13,1,1,2,0,0,0,1,1,2,E01017952,7,1,1.0,0.0
2024351414877,2024,351414877,546525.0,255713.0,0.14162,52.18021,35,3,2,1,26/02/2024,2,08:50,-1,E07000008,E10000003,E10000003,3,1307,6,30,-1,13,4,6,0,-1,-1,0,1,1,1,-1,-1,0,1,3,2,E01035520,3,1,0.0,1.0
2024351427882,2024,351427882,539669.0,262990.0,0.04442,52.24737,35,3,2,3,24/03/2024,1,17:34,-1,E07000012,E10000003,E10000003,3,1307,6,60,-1,0,-1,-1,-1,-1,-1,0,1,1,1,-1,-1,0,2,1,2,E01018237,3,1,0.0,1.0
2024351463459,2024,351463459,543850.0,259100.0,0.10396,52.21135,35,3,2,1,28/06/2024,6,14:00,-1,E07000008,E10000003,E10000003,3,1303,6,30,-1,0,-1,6,0,-1,-1,14,1,9,-1,-1,-1,99,1,3,2,E01035516,3,1,0.0,1.0
2020350991160,2020,350991160,545359.0,259716.0,0.126323,52.2165,35,3,2,1,04/10/2020,1,09:15,390,E07000008,E10000003,E10000003,3,1134,6,30,3,13,2,6,0,0,5,15,1,2,2,0,0,0,1,1,2,E01018007,3,1,0.0,1.0
2021351049649,2021,351049649,544794.0,259218.0,0.117846,52.212174,35,3,2,1,22/04/2021,5,19:45,-1,E07000008,E10000003,E10000003,3,1303,6,20,3,13,4,6,0,0,0,0,1,1,1,0,0,0,1,1,2,E01017950,3,1,0.0,1.0
2022351231693,2022,351231693,545739.0,259516.0,0.131767,52.214591,35,3,2,1,13/09/2022,3,11:09,-1,E07000008,E10000003,E10000003,6,0,6,30,6,16,4,6,0,0,0,0,1,1,1,0,0,0,1,1,2,E01018008,3,1,0.0,1.0
2022351251258,2022,351251258,546973.0,261566.0,0.150705,52.232681,35,2,2,1,24/11/2022,5,10:00,-1,E07000012,E10000003,E10000003,3,1309,3,30,6,16,2,6,0,0,5,15,1,1,1,0,0,0,1,1,2,E01018274,7,1,1.0,0.0
2023351306606,2023,351306606,546674.0,258770.0,0.145119,52.207641,35,3,2,1,25/04/2023,3,09:50,-1,E07000008,E10000003,E10000003,6,0,1,30,1,0,4,6,0,0,8,17,1,1,1,0,0,0,1,3,2,E01017990,3,1,0.0,1.0
2024351449988,2024,351449988,543418.0,260095.0,0.09806,52.2204,35,3,2,1,21/05/2024,3,20:57,-1,E07000008,E10000003,E10000003,3,1307,6,30,-1,0,-1,6,0,-1,-1,0,6,2,2,-1,-1,0,1,1,2,E01035511,3,1,0.0,1.0
2024351475190,2024,351475190,539437.0,263183.0,0.0411,52.24917,35,3,2,1,25/07/2024,5,07:30,-1,E07000012,E10000003,E10000003,3,14,3,70,-1,0,-1,-1,-1,-1,-1,0,1,1,1,-1,-1,0,2,1,1,E01018237,3,1,0.0,1.0
2024351562157,2024,351562157,546103.0,256701.0,0.13588,52.1892,35,3,2,2,13/12/2024,6,22:15,-1,E07000008,E10000003,E10000003,3,1307,6,30,-1,19,2,6,0,-1,-1,15,4,2,2,-1,-1,0,1,1,2,E01035518,3,1,0.0,1.0
2020350978748,2020,350978748,544331.0,260752.0,0.111728,52.226077,35,2,2,1,07/09/2020,2,14:30,390,E07000008,E10000003,E10000003,4,1049,6,30,0,0,-1,0,-1,0,0,0,1,1,1,4,0,13,1,1,2,E01017951,7,1,1.0,0.0
2020351003806,2020,351003806,546142.0,257916.0,0.136999,52.200121,35,3,2,1,16/11/2020,2,17:02,390,E07000008,E10000003,E10000003,6,0,6,30,3,13,4,6,0,0,0,0,1,1,1,0,0,0,1,1,2,E01017987,3,1,0.0,1.0
2021351129089,2021,351129089,544626.0,257625.0,0.114709,52.197906,35,2,1,1,31/12/2021,6,14:49,-1,E07000008,E10000003,E10000003,3,1134,6,30,0,0,-1,0,-1,0,4,14,1,1,1,0,0,0,2,1,2,E01017985,7,1,1.0,0.0
2022351193435,2022,351193435,546315.0,257811.0,0.139455,52.19912,35,3,1,1,23/06/2022,5,08:45,-1,E07000008,E10000003,E10000003,6,0,6,30,3,13,4,6,0,0,0,0,1,1,1,0,0,0,1,3,2,E01017987,3,1,0.0,1.0
2023351357651,2023,351357651,544905.0,260433.0,0.119961,52.223049,35,3,2,1,19/09/2023,3,09:00,-1,E07000008,E10000003,E10000003,6,0,6,20,0,0,-1,0,-1,-1,-1,-1,1,1,1,-1,-1,-1,1,3,2,E01017954,3,1,0.0,1.0
2023351360100,2023,351360100,547483.0,257827.0,0.156539,52.198953,35,3,2,1,28/09/2023,5,14:25,-1,E07000008,E10000003,E10000003,3,1134,6,30,0,0,-1,0,-1,0,0,0,1,1,1,0,0,0,1,1,2,E01017999,3,1,0.0,1.0
2024351480457,2024,351480457,545031.0,258491.0,0.12097,52.20557,35,3,1,1,12/08/2024,2,13:22,-1,E07000008,E10000003,E10000003,6,0,6,20,-1,0,-1,6,0,-1,-1,0,1,1,1,-1,-1,0,1,3,2,E01035517,3,1,0.0,1.0
2020350957956,2020,350957956,545887.0,260212.0,0.13426,52.220817,35,3,2,1,16/06/2020,3,16:00,390,E07000008,E10000003,E10000003,3,1309,6,30,6,16,2,6,0,0,0,0,1,1,2,0,0,0,1,2,2,E01018006,3,1,0.0,1.0
2021351110956,2021,351110956,546094.0,255415.0,0.13522,52.177664,35,3,2,1,08/09/2021,4,16:20,-1,E07000008,E10000003,E10000003,6,0,6,30,3,13,4,6,0,0,0,0,1,1,1,0,0,0,2,1,2,E01017995,3,1,0.0,1.0
2022351253787,2022,351253787,548542.0,256191.0,0.171306,52.183971,35,3,2,1,25/11/2022,6,08:50,-1,E07000008,E10000003,E10000003,6,0,6,30,3,13,4,6,0,0,0,0,1,1,2,0,0,0,1,1,2,E01017959,3,1,0.0,1.0
2024351452924,2024,351452924,547454.0,259384.0,0.15679,52.21295,35,3,2,1,03/06/2024,2,17:28,-1,E07000008,E10000003,E10000003,3,1134,6,30,-1,13,4,6,0,-1,-1,0,1,1,1,-1,-1,0,1,1,2,E01017946,3,1,0.0,1.0
2023351309156,2023,351309156,545490.0,253471.0,0.125533,52.160347,35,3,2,1,29/04/2023,7,11:30,-1,E07000012,E10000003,E10000003,3,1301,6,40,0,0,-1,0,-1,0,0,0,1,1,-1,-1,-1,-1,1,3,2,E01018292,3,1,0.0,1.0
2024351431776,2024,351431776,548584.0,260288.0,0.17372,52.22077,35,3,2,1,13/04/2024,7,21:05,-1,E07000012,E10000003,E10000003,4,1047,6,30,-1,0,-1,-1,-1,-1,-1,0,7,1,1,-1,-1,0,1,3,2,E01018297,3,1,0.0,1.0
2020350995249,2020,350995249,545903.0,261700.0,0.135135,52.234181,35,3,2,1,02/11/2020,2,15:00,395,E07000012,E10000003,E10000003,6,0,6,30,6,16,2,6,0,2,5,12,1,1,1,-1,-1,-1,1,2,2,E01018259,3,1,0.0,1.0
2022351142518,2022,351142518,548791.0,253464.0,0.17375,52.159405,35,3,2,1,31/01/2022,2,08:58,-1,E07000012,E10000003,E10000003,6,0,6,60,0,0,-1,0,-1,0,0,0,1,4,1,0,0,0,2,1,2,E01018295,3,1,0.0,1.0
2023351351532,2023,351351532,544821.0,258843.0,0.118052,52.208786,35,3,1,3,08/04/2023,7,13:50,-1,E07000008,E10000003,E10000003,6,0,6,20,3,13,4,6,0,0,0,0,1,1,1,0,0,0,1,1,2,E01032797,3,1,0.0,1.0
2020350921935,2020,350921935,545936.0,257058.0,0.133618,52.192467,35,3,1,1,20/01/2020,2,16:00,390,E07000008,E10000003,E10000003,3,1307,9,30,9,19,2,6,0,2,5,12,1,1,1,0,0,0,1,2,2,E01032795,3,1,0.0,1.0
2020350952269,2020,350952269,546659.0,258781.0,0.144933,52.207756,35,3,2,1,24/04/2020,6,15:15,390,E07000008,E10000003,E10000003,6,0,1,30,1,0,4,6,0,0,0,0,1,2,1,0,0,0,1,1,2,E01017943,3,1,0.0,1.0
2022351202302,2022,351202302,546334.0,258899.0,0.140203,52.20889,35,3,2,1,17/07/2022,1,11:38,-1,E07000008,E10000003,E10000003,3,1134,3,30,0,0,-1,0,-1,0,0,0,1,1,1,0,-1,0,1,3,2,E01017943,3,1,0.0,1.0
2022351245648,2022,351245648,544321.0,259812.0,0.111153,52.217623,35,3,2,1,10/11/2022,5,23:00,-1,E07000008,E10000003,E10000003,4,1049,6,30,3,13,4,6,0,0,0,0,4,1,1,0,0,0,1,1,2,E01017949,3,1,0.0,1.0
2022351263701,2022,351263701,546060.0,259416.0,0.136418,52.213608,35,3,2,1,30/12/2022,6,11:25,-1,E07000008,E10000003,E10000003,3,1134,6,30,0,0,-1,0,-1,0,0,0,1,2,2,0,0,0,1,3,2,E01018008,3,1,0.0,1.0
2024351452608,2024,351452608,544886.0,259422.0,0.11925,52.21397,35,2,2,1,20/05/2024,2,17:40,-1,E07000008,E10000003,E10000003,6,0,6,30,-1,0,-1,6,0,-1,-1,0,1,1,1,-1,-1,0,1,3,2,E01017950,7,1,1.0,0.0
2021351108199,2021,351108199,546256.0,256973.0,0.138259,52.191619,35,3,1,1,03/11/2021,4,16:44,-1,E07000008,E10000003,E10000003,6,0,6,30,0,0,-1,0,-1,0,0,0,4,1,2,0,0,0,1,1,2,E01017966,3,1,0.0,1.0
2022351139154,2022,351139154,545516.0,257749.0,0.127746,52.198775,35,2,1,1,28/01/2022,6,22:02,-1,E07000008,E10000003,E10000003,3,1307,6,30,0,0,-1,0,-1,0,0,0,4,1,2,0,0,0,1,1,2,E01018005,7,1,1.0,0.0
2022351180222,2022,351180222,539533.0,260294.0,0.041314,52.223186,35,2,1,1,03/05/2022,3,23:33,-1,E07000012,E10000003,E10000003,6,0,6,30,0,0,-1,0,-1,0,0,0,7,1,1,0,0,0,2,1,2,E01018224,5,1,1.0,0.0
2022351248348,2022,351248348,546704.0,257644.0,0.14507,52.197517,35,3,2,1,28/11/2022,2,09:00,-1,E07000008,E10000003,E10000003,6,0,6,20,6,16,4,6,0,0,0,0,1,1,-1,-1,-1,-1,1,3,2,E01017998,3,1,0.0,1.0
2023351307443,2023,351307443,545130.0,258398.0,0.12238,52.204707,35,2,2,1,05/05/2023,6,12:12,-1,E07000008,E10000003,E10000003,6,0,6,30,0,0,-1,0,-1,0,0,0,1,1,2,0,0,0,1,3,2,E01032797,6,1,1.0,0.0
2021351090906,2021,351090906,546074.0,256793.0,0.135521,52.19005,35,3,2,1,22/09/2021,4,09:30,-1,E07000008,E10000003,E10000003,3,1307,6,30,0,0,-1,0,-1,0,0,0,1,1,1,0,0,0,1,2,2,E01017966,3,1,0.0,1.0
2022351134491,2022,351134491,542033.0,259054.0,0.077367,52.211407,35,3,2,2,04/01/2022,3,06:45,-1,E07000008,E10000003,E10000003,1,11,7,70,5,0,4,1,11,0,0,0,6,2,2,0,0,0,2,1,1,E01017984,3,1,0.0,1.0
2022351214217,2022,351214217,541733.0,256278.0,0.071819,52.186543,35,1,2,1,16/06/2022,5,15:54,-1,E07000012,E10000003,E10000003,3,603,6,50,9,19,4,6,0,0,0,0,1,1,1,0,0,0,2,1,2,E01018225,1,1,0.0,0.0
2023351370282,2023,351370282,544337.0,260825.0,0.111819,52.22672,35,2,2,1,02/11/2023,5,09:00,-1,E07000008,E10000003,E10000003,4,1049,6,30,3,13,1,6,0,0,0,0,1,2,2,0,0,0,1,3,2,E01017951,7,1,1.0,0.0
2023351388705,2023,351388705,545021.0,254282.0,0.119027,52.167757,35,3,2,1,13/12/2023,4,12:17,-1,E07000008,E10000003,E10000003,6,0,6,30,0,0,-1,0,-1,0,4,14,1,1,1,0,0,0,1,3,2,E01018003,3,1,0.0,1.0
2020350920792,2020,350920792,546072.0,259357.0,0.136597,52.213086,35,3,1,1,18/01/2020,7,10:00,390,E07000008,E10000003,E10000003,3,1134,3,20,0,0,-1,0,-1,0,0,0,1,1,1,0,0,0,1,2,2,E01032792,3,1,0.0,1.0
2020350943491,2020,350943491,548826.0,256132.0,0.175459,52.183376,35,2,2,1,12/02/2020,4,07:35,390,E07000008,E10000003,E10000003,6,0,6,30,3,13,4,6,0,0,0,0,1,1,1,0,0,0,1,1,2,E01017960,6,1,1.0,0.0
2021351059580,2021,351059580,546710.0,258761.0,0.14567,52.207562,35,2,1,1,24/06/2021,5,15:30,-1,E07000008,E10000003,E10000003,6,0,6,30,0,0,-1,0,-1,0,4,14,1,1,1,0,0,0,1,2,2,E01017990,7,1,1.0,0.0
2021351060873,2021,351060873,548073.0,257748.0,0.165159,52.198097,35,3,2,1,27/06/2021,1,12:50,-1,E07000008,E10000003,E10000003,6,0,6,30,0,0,-1,0,-1,0,0,0,1,1,1,0,0,0,1,3,2,E01017947,3,1,0.0,1.0
2023351386580,2023,351386580,546235.0,257858.0,0.138306,52.199564,35,3,2,1,10/12/2023,1,13:14,-1,E07000008,E10000003,E10000003,6,0,6,30,6,16,2,6,0,0,4,14,1,2,2,0,0,0,1,3,2,E01017987,3,1,0.0,1.0
2020350920094,2020,350920094,546941.0,262030.0,0.150467,52.23687,35,3,2,2,14/01/2020,3,12:25,395,E07000012,E10000003,E10000003,3,1309,3,50,1,0,2,3,10,0,0,0,1,1,2,0,0,0,2,2,2,E01018274,3,1,0.0,1.0
2024351405584,2024,351405584,548663.0,261421.0,0.17537,52.23092,35,2,3,1,25/01/2024,5,06:25,-1,E07000012,E10000003,E10000003,3,14,3,70,-1,0,-1,6,0,-1,-1,0,6,1,2,-1,-1,0,2,1,1,E01018297,5,1,1.0,0.0
2020350997300,2020,350997300,546214.0,261390.0,0.139552,52.231313,35,2,2,1,07/11/2020,7,11:15,390,E07000008,E10000003,E10000003,6,0,6,30,7,17,4,6,0,0,0,0,1,1,1,0,0,0,1,1,2,E01017980,7,1,1.0,0.0
2020351009739,2020,351009739,546053.0,259314.0,0.136301,52.212705,35,3,2,1,06/12/2020,1,16:45,390,E07000008,E10000003,E10000003,3,1134,3,30,3,13,4,6,0,0,0,0,4,1,2,0,0,0,1,2,2,E01018010,3,1,0.0,1.0
2021351024137,2021,351024137,545451.0,258782.0,0.127268,52.208084,35,2,2,1,21/01/2021,5,12:26,-1,E07000008,E10000003,E10000003,6,0,1,30,1,0,4,6,0,0,0,0,1,1,1,0,0,0,1,1,2,E01032797,5,1,1.0,0.0
2021351062728,2021,351062728,548577.0,256205.0,0.171852,52.184099,35,2,1,1,06/05/2021,5,09:13,-1,E07000008,E10000003,E10000003,6,0,6,30,6,16,2,6,0,0,5,15,1,1,1,4,2,13,2,1,2,E01017959,5,1,1.0,0.0
2021351071387,2021,351071387,547315.0,262209.0,0.156018,52.238378,35,3,2,1,20/07/2021,3,13:57,-1,E07000012,E10000003,E10000003,6,0,6,30,0,0,-1,0,-1,0,1,13,1,1,1,0,0,0,1,1,2,E01018274,3,1,0.0,1.0
2021351108229,2021,351108229,547259.0,256476.0,0.152705,52.186887,35,3,2,1,01/11/2021,2,15:12,-1,E07000008,E10000003,E10000003,3,1134,1,30,1,0,4,6,0,0,4,14,1,1,1,0,0,0,1,1,2,E01017968,3,1,0.0,1.0
2021351111881,2021,351111881,545028.0,260730.0,0.121916,52.225697,35,3,2,2,17/11/2021,4,09:00,-1,E07000008,E10000003,E10000003,6,0,6,20,0,0,-1,0,-1,0,5,15,1,1,1,0,0,0,1,3,2,E01017954,3,1,0.0,1.0
2021351128563,2021,351128563,546047.0,260407.0,0.136684,52.222526,35,3,2,2,10/12/2021,6,08:05,-1,E07000008,E10000003,E10000003,3,1309,6,30,0,0,-1,0,-1,0,0,0,1,1,2,0,0,0,1,1,2,E01018006,3,1,0.0,1.0
2022351183260,2022,351183260,546939.0,255147.0,0.147425,52.175021,35,3,2,3,20/05/2022,6,10:56,-1,E07000008,E10000003,E10000003,3,1307,6,30,0,0,-1,0,-1,1,0,11,1,2,2,0,0,0,1,1,2,E01017993,3,1,0.0,1.0
2022351183916,2022,351183916,544821.0,258130.0,0.117747,52.202381,35,2,2,1,02/06/2022,5,12:24,-1,E07000008,E10000003,E10000003,6,0,6,30,1,0,4,6,0,0,0,0,1,1,1,0,0,0,1,1,2,E01032797,5,1,1.0,0.0
2023351265433,2023,351265433,545458.0,260729.0,0.128178,52.225563,35,3,2,1,06/01/2023,6,09:00,-1,E07000008,E10000003,E10000003,6,0,6,20,3,13,4,6,0,0,4,14,1,1,-1,-1,-1,-1,1,3,2,E01017978,3,1,0.0,1.0
2023351341568,2023,351341568,545607.0,257608.0,0.129016,52.197484,35,3,2,1,29/07/2023,7,16:26,-1,E07000008,E10000003,E10000003,3,1307,6,30,3,13,4,6,0,0,4,14,1,1,1,4,0,13,1,1,2,E01018005,3,1,0.0,1.0
2024351484175,2024,351484175,551533.0,259819.0,0.21664,52.21575,35,2,2,1,19/08/2024,2,07:20,-1,E07000012,E10000003,E10000003,3,1303,3,40,-1,16,2,4,1102,-1,-1,0,1,1,1,-1,-1,0,2,1,2,E01018297,7,1,1.0,0.0
2024351498041,2024,351498041,551707.0,259892.0,0.21922,52.21636,35,3,2,1,29/09/2024,1,16:52,-1,E07000012,E10000003,E10000003,3,1303,6,30,-1,0,-1,-1,-1,-1,-1,0,1,1,-1,-1,-1,99,2,3,2,E01018297,3,1,0.0,1.0
2020350952385,2020,350952385,546021.0,257991.0,0.135262,52.200827,35,3,2,1,19/05/2020,3,19:10,390,E07000008,E10000003,E10000003,6,0,6,20,0,0,-1,0,-1,0,0,0,1,1,1,0,0,0,1,2,2,E01017991,3,1,0.0,1.0
2020350982387,2020,350982387,546465.0,257223.0,0.141422,52.193809,35,2,2,2,18/09/2020,6,19:35,390,E07000008,E10000003,E10000003,6,0,6,30,9,19,4,6,0,0,0,0,4,1,1,0,0,0,1,1,2,E01017966,7,1,1.0,0.0
2020351023922,2020,351023922,544379.0,259511.0,0.111901,52.214915,35,3,2,1,13/12/2020,1,13:27,390,E07000008,E10000003,E10000003,3,1134,6,20,0,0,-1,0,-1,0,0,0,1,1,1,0,0,0,1,1,2,E01017950,3,1,0.0,1.0
2023351282324,2023,351282324,544849.0,258061.0,0.118127,52.201753,35,3,2,1,24/02/2023,6,18:30,-1,E07000008,E10000003,E10000003,6,0,6,30,6,16,4,6,0,0,0,0,4,1,1,0,0,0,1,3,2,E01032797,3,1,0.0,1.0
2023351292464,2023,351292464,545151.0,261014.0,0.123809,52.228204,35,2,2,1,02/03/2023,5,16:45,-1,E07000008,E10000003,E10000003,6,0,6,20,3,13,4,6,0,0,0,0,1,1,1,0,0,0,1,3,2,E01017952,7,1,1.0,0.0
2023351325719,2023,351325719,545677.0,259979.0,0.131059,52.218767,35,3,2,1,01/07/2023,7,00:50,-1,E07000008,E10000003,E10000003,3,1134,6,30,0,0,-1,0,-1,0,0,0,4,1,-1,-1,-1,-1,1,3,2,E01018007,3,1,0.0,1.0
2024351460010,2024,351460010,544304.0,259406.0,0.11073,52.21398,35,2,2,1,17/06/2024,2,14:51,-1,E07000008,E10000003,E10000003,3,1134,6,30,-1,13,2,3,1134,-1,-1,0,1,1,1,-1,-1,0,1,1,2,E01035514,7,1,1.0,0.0
2021351020325,2021,351020325,547855.0,260759.0,0.163286,52.225206,35,3,1,1,04/02/2021,5,01:31,-1,E07000012,E10000003,E10000003,6,0,6,30,0,0,-1,0,-1,0,0,0,6,1,1,0,0,0,1,1,2,E01018273,3,1,0.0,1.0
2021351054717,2021,351054717,544738.0,255618.0,0.11549,52.179845,35,3,2,1,10/06/2021,5,13:25,-1,E07000008,E10000003,E10000003,3,1309,6,30,3,13,4,6,0,0,0,0,1,1,1,0,0,0,2,2,2,E01018002,3,1,0.0,1.0
2022351192512,2022,351192512,546237.0,256392.0,0.137703,52.186393,35,3,2,1,22/06/2022,4,17:40,-1,E07000008,E10000003,E10000003,3,1307,6,30,3,13,4,6,0,0,0,0,1,1,1,0,0,0,1,3,2,E01017996,3,1,0.0,1.0
2022351240850,2022,351240850,545640.0,258230.0,0.129766,52.203063,35,3,2,1,03/11/2022,5,22:25,-1,E07000008,E10000003,E10000003,6,0,6,30,3,13,4,6,0,0,0,0,4,1,2,0,0,0,1,1,2,E01032797,3,1,0.0,1.0
2024351406777,2024,351406777,544949.0,260542.0,0.12065,52.22402,35,2,2,1,22/01/2024,2,07:10,-1,E07000008,E10000003,E10000003,6,0,6,20,-1,0,-1,-1,-1,-1,-1,0,1,1,1,-1,-1,0,1,1,2,E01017954,7,1,1.0,0.0
2023351364168,2023,351364168,546190.0,258857.0,0.138079,52.208551,35,2,2,1,14/10/2023,7,16:20,-1,E07000008,E10000003,E10000003,3,1134,1,30,0,0,-1,0,-1,-1,-1,-1,1,1,1,-1,-1,-1,1,3,2,E01017943,7,1,1.0,0.0
2023351373938,2023,351373938,547375.0,257633.0,0.154876,52.197239,35,2,2,1,26/10/2023,5,08:00,-1,E07000008,E10000003,E10000003,6,0,6,20,8,18,4,6,0,0,0,0,1,2,2,0,0,0,1,1,2,E01017999,7,1,1.0,0.0
2023351371590,2023,351371590,544571.0,254673.0,0.112619,52.171387,35,3,2,1,02/11/2023,5,18:00,-1,E07000008,E10000003,E10000003,3,1309,3,30,9,19,4,3,1301,0,5,15,1,1,1,0,0,0,1,3,2,E01018003,3,1,0.0,1.0
2023351345491,2023,351345491,537597.0,259379.0,0.012618,52.215452,35,2,2,1,15/08/2023,3,08:45,-1,E07000012,E10000003,E10000003,6,0,6,30,0,0,-1,0,-1,0,0,0,1,1,1,0,0,0,2,1,2,E01018251,6,1,1.0,0.0
2020350961519,2020,350961519,545131.0,257602.0,0.122083,52.197567,35,3,2,1,01/07/2020,4,11:00,390,E07000008,E10000003,E10000003,3,603,3,30,1,0,-1,3,1134,0,0,0,1,2,-1,-1,-1,-1,1,2,2,E01032797,3,1,0.0,1.0
2020351006978,2020,351006978,546850.0,259239.0,0.147924,52.211819,35,3,3,3,07/11/2020,7,14:25,390,E07000008,E10000003,E10000003,3,1134,3,30,3,13,4,6,0,0,0,0,1,1,1,0,0,0,1,1,2,E01017945,3,1,0.0,1.0
2021351097523,2021,351097523,544786.0,258882.0,0.117585,52.209158,35,2,2,1,08/10/2021,6,14:00,-1,E07000008,E10000003,E10000003,6,0,6,30,2,0,4,6,0,0,0,0,1,1,1,0,0,0,1,2,2,E01017958,7,1,1.0,0.0
2022351220036,2022,351220036,541391.0,261383.0,0.06895,52.232497,35,3,1,1,09/09/2022,6,15:29,-1,E07000012,E10000003,E10000003,1,11,3,70,0,0,-1,0,-1,0,0,0,1,2,2,0,0,0,2,1,1,E01018249,3,1,0.0,1.0
2022351228680,2022,351228680,548418.0,259899.0,0.171117,52.217317,35,2,2,1,07/10/2022,6,08:20,-1,E07000008,E10000003,E10000003,6,0,6,30,0,0,-1,0,-1,0,0,0,1,1,1,0,0,0,1,3,2,E01017948,5,1,1.0,0.0
2023351372092,2023,351372092,547355.0,262163.0,0.156554,52.237942,35,3,2,1,07/11/2023,3,18:30,-1,E07000012,E10000003,E10000003,6,0,1,30,7,17,-1,6,0,-1,-1,-1,4,1,1,-1,-1,-1,1,3,2,E01018274,3,1,0.0,1.0
2021351071016,2021,351071016,548142.0,255428.0,0.165155,52.177235,35,3,2,1,18/07/2021,1,16:36,-1,E07000008,E10000003,E10000003,6,0,6,60,0,0,-1,0,-1,0,0,0,1,1,1,0,0,0,2,1,2,E01017995,3,1,0.0,1.0
2023351366540,2023,351366540,544920.0,259296.0,0.119694,52.21283,35,3,2,1,02/10/2023,2,18:40,-1,E07000008,E10000003,E10000003,3,1303,6,30,0,0,-1,0,-1,0,0,0,4,2,2,0,0,0,1,1,2,E01017950,3,1,0.0,1.0
2024351396062,2024,351396062,546810.0,255305.0,0.14561,52.17647,35,3,2,1,04/01/2024,5,10:30,-1,E07000008,E10000003,E10000003,3,1307,1,30,-1,-1,4,3,1307,-1,-1,0,1,1,1,-1,-1,0,1,3,2,E01035521,3,1,0.0,1.0
2024351527540,2024,351527540,552994.0,260229.0,0.23819,52.21903,35,3,2,1,14/08/2024,4,14:22,-1,E07000012,E10000003,E10000003,6,0,6,30,-1,13,4,6,0,-1,-1,0,1,1,1,-1,-1,0,2,1,2,E01018297,3,1,0.0,1.0
2020350958266,2020,350958266,545946.0,257033.0,0.133753,52.19224,35,3,2,1,18/06/2020,5,14:30,390,E07000008,E10000003,E10000003,3,1307,3,30,3,13,4,6,0,0,0,0,1,1,1,0,0,0,1,2,2,E01032795,3,1,0.0,1.0
2020350985465,2020,350985465,547835.0,259612.0,0.162493,52.214907,35,3,2,1,29/09/2020,3,08:45,390,E07000008,E10000003,E10000003,6,0,6,20,0,0,-1,0,-1,2,4,12,1,2,2,0,0,0,1,2,2,E01017946,3,1,0.0,1.0
2022351152414,2022,351152414,547246.0,257056.0,0.152739,52.19209,35,3,1,1,12/02/2022,7,12:57,-1,E07000008,E10000003,E10000003,6,0,6,20,0,0,-1,0,-1,0,0,0,1,1,1,0,0,0,1,1,2,E01017968,3,1,0.0,1.0
2023351314179,2023,351314179,546173.0,257481.0,0.137237,52.196193,35,3,2,1,26/05/2023,6,14:00,-1,E07000008,E10000003,E10000003,6,0,6,20,0,0,-1,0,-1,0,0,0,1,1,1,-1,0,0,1,3,2,E01017987,3,1,0.0,1.0
2024351448870,2024,351448870,545882.0,258411.0,0.13338,52.20462,35,2,2,1,22/05/2024,4,14:30,-1,E07000008,E10000003,E10000003,3,603,6,30,-1,0,-1,6,0,-1,-1,0,1,2,2,-1,-1,0,1,3,2,E01035517,7,1,1.0,0.0
2021351060706,2021,351060706,546936.0,262040.0,0.150398,52.236961,35,3,2,1,13/06/2021,1,10:46,-1,E07000012,E10000003,E10000003,3,1309,3,30,1,0,2,3,10,0,0,0,1,1,1,0,0,0,2,1,2,E01018274,3,1,0.0,1.0
2022351161627,2022,351161627,549593.0,256837.0,0.186952,52.189491,35,2,2,1,27/03/2022,1,12:54,-1,E07000012,E10000003,E10000003,6,0,6,40,3,13,4,6,0,0,0,0,1,1,1,0,0,0,1,1,2,E01018286,7,1,1.0,0.0
2020350966468,2020,350966468,545552.0,257705.0,0.128282,52.198381,35,3,2,1,04/07/2020,7,17:49,390,E07000008,E10000003,E10000003,6,0,6,30,3,13,4,3,1307,0,0,0,1,1,1,0,0,0,1,1,2,E01018005,3,1,0.0,1.0
2021351075828,2021,351075828,544265.0,262753.0,0.111616,52.244072,35,3,3,1,05/08/2021,5,16:17,-1,E07000012,E10000003,E10000003,4,1049,6,30,3,13,4,6,0,0,0,0,1,1,1,0,0,0,1,3,2,E01018259,3,1,0.0,1.0
2022351188863,2022,351188863,547373.0,257027.0,0.154583,52.191795,35,3,2,1,18/05/2022,4,06:43,-1,E07000008,E10000003,E10000003,3,1134,1,30,1,0,4,6,0,0,0,0,1,1,1,0,0,0,1,1,2,E01017968,3,1,0.0,1.0
2022351207725,2022,351207725,552989.0,260237.0,0.238125,52.219104,35,2,2,1,30/07/2022,7,15:30,-1,E07000012,E10000003,E10000003,3,1303,6,50,3,13,4,6,0,0,0,0,1,1,1,0,0,0,2,1,2,E01018297,7,1,1.0,0.0
2023351339296,2023,351339296,546415.0,261198.0,0.142381,52.229523,35,2,2,2,25/06/2023,1,19:10,-1,E07000008,E10000003,E10000003,6,0,6,30,0,0,-1,0,-1,0,0,0,1,1,1,0,0,0,1,1,2,E01017976,7,1,1.0,0.0
2024351424353,2024,351424353,543465.0,260056.0,0.09874,52.22004,35,2,1,2,04/01/2024,5,09:02,-1,E07000008,E10000003,E10000003,3,1307,6,30,-1,0,-1,6,0,-1,-1,15,1,1,2,-1,-1,0,1,1,2,E01035513,5,1,1.0,0.0
2024351498696,2024,351498696,546490.0,257730.0,0.14198,52.19834,35,3,2,1,16/08/2024,6,09:40,-1,E07000008,E10000003,E10000003,6,0,6,20,-1,19,4,6,0,-1,-1,0,1,1,1,-1,-1,0,1,1,2,E01018001,3,1,0.0,1.0
2020350936826,2020,350936826,546703.0,259145.0,0.145734,52.211014,35,3,1,2,02/03/2020,2,14:00,390,E07000008,E10000003,E10000003,6,0,6,30,0,0,-1,0,-1,0,0,0,1,1,1,0,0,0,1,1,2,E01017943,3,1,0.0,1.0
2020351009595,2020,351009595,548810.0,253487.0,0.174066,52.159617,35,3,2,1,28/11/2020,7,16:54,395,E07000012,E10000003,E10000003,6,0,6,50,8,18,-1,3,1307,0,0,0,6,2,2,0,0,0,2,1,2,E01018295,3,1,0.0,1.0
2021351106099,2021,351106099,544375.0,261753.0,0.112799,52.235059,35,3,2,1,22/10/2021,6,17:36,-1,E07000012,E10000003,E10000003,3,14,3,70,0,0,-1,0,-1,0,0,0,4,1,1,0,0,0,2,1,1,E01033121,3,1,0.0,1.0
2022351212203,2022,351212203,545459.0,258756.0,0.127345,52.207837,35,2,2,1,16/05/2022,2,18:07,-1,E07000008,E10000003,E10000003,6,0,1,30,1,0,4,6,0,0,0,0,1,1,1,0,0,0,1,1,2,E01032797,5,1,1.0,0.0
2023351360932,2023,351360932,545642.0,260523.0,0.130781,52.223664,35,3,2,1,23/09/2023,7,01:19,-1,E07000008,E10000003,E10000003,6,0,6,20,0,0,-1,0,-1,0,0,0,4,8,1,0,0,0,1,1,2,E01018006,3,1,0.0,1.0
2021351030681,2021,351030681,545451.0,258640.0,0.127207,52.206809,35,3,2,1,25/03/2021,5,10:40,-1,E07000008,E10000003,E10000003,6,0,6,20,0,0,-1,0,-1,0,1,13,1,1,1,0,0,0,1,2,2,E01017983,3,1,0.0,1.0
2021351087440,2021,351087440,545554.0,257681.0,0.128301,52.198165,35,3,2,1,07/09/2021,3,16:45,-1,E07000008,E10000003,E10000003,6,0,6,30,3,13,-1,3,1307,0,1,13,1,1,1,0,0,0,1,2,2,E01018005,3,1,0.0,1.0
2024351532784,2024,351532784,544798.0,259214.0,0.11787,52.21212,35,3,2,1,10/12/2024,3,10:00,-1,E07000008,E10000003,E10000003,3,1303,6,30,-1,13,4,6,0,-1,-1,0,1,1,2,-1,-1,0,1,3,2,E01017950,3,1,0.0,1.0
2020350940868,2020,350940868,546780.0,261401.0,0.147838,52.231262,35,3,1,1,06/03/2020,6,09:37,395,E07000012,E10000003,E10000003,6,0,6,30,0,0,-1,0,-1,0,1,13,1,1,1,0,0,0,1,1,2,E01018274,3,1,0.0,1.0
2020350923499,2020,350923499,537916.0,262381.0,0.018534,52.242356,35,3,2,1,08/01/2020,4,07:40,395,E07000012,E10000003,E10000003,6,0,6,30,0,0,-1,0,-1,0,0,0,1,1,1,0,0,0,2,1,2,E01018222,3,1,0.0,1.0
2020350937204,2020,350937204,547873.0,259316.0,0.162919,52.212238,35,2,2,1,27/01/2020,2,07:20,390,E07000008,E10000003,E10000003,3,1134,1,30,1,0,4,3,1134,0,0,0,1,1,1,0,0,0,1,1,2,E01017946,7,1,1.0,0.0
2020350951172,2020,350951172,548001.0,259327.0,0.164796,52.212302,35,3,2,1,13/05/2020,4,17:10,390,E07000008,E10000003,E10000003,3,1303,3,30,1,0,4,6,0,0,0,0,1,1,1,0,0,0,1,2,2,E01017947,3,1,0.0,1.0
2022351138935,2022,351138935,539087.0,262750.0,0.035798,52.245365,35,2,1,1,25/01/2022,3,10:13,-1,E07000012,E10000003,E10000003,6,0,6,60,0,0,-1,0,-1,0,0,0,1,1,2,0,0,0,2,1,2,E01018223,7,1,1.0,0.0
2022351188443,2022,351188443,545945.0,258036.0,0.134142,52.20124,35,3,2,1,11/06/2022,7,17:05,-1,E07000008,E10000003,E10000003,6,0,6,30,0,0,-1,0,-1,0,0,0,1,1,-1,-1,-1,-1,1,3,2,E01017988,3,1,0.0,1.0
2022351192489,2022,351192489,544331.0,259977.0,0.111369,52.219103,35,3,2,1,21/06/2022,3,17:00,-1,E07000008,E10000003,E10000003,4,1049,6,30,0,0,-1,0,-1,0,0,0,1,1,1,0,0,0,1,3,2,E01017949,3,1,0.0,1.0
2024351540902,2024,351540902,546292.0,258141.0,0.13926,52.20209,35,2,2,1,13/12/2024,6,18:15,-1,E07000008,E10000003,E10000003,6,0,6,30,-1,0,-1,6,0,-1,-1,0,5,2,2,-1,-1,0,1,3,2,E01017990,7,1,1.0,0.0
2020351005425,2020,351005425,548461.0,256089.0,0.170105,52.183088,35,3,2,1,11/08/2020,3,17:20,390,E07000008,E10000003,E10000003,6,0,6,20,3,13,4,6,0,0,0,0,1,1,1,0,0,0,2,1,2,E01017959,3,1,0.0,1.0
2020350999060,2020,350999060,545216.0,258246.0,0.123601,52.20333,35,2,2,1,04/11/2020,4,23:20,390,E07000008,E10000003,E10000003,6,0,6,20,0,0,-1,0,-1,0,0,0,4,1,1,0,0,0,1,1,2,E01032797,7,1,1.0,0.0
2021351108146,2021,351108146,543797.0,259807.0,0.103514,52.217727,35,2,2,1,30/09/2021,5,09:30,-1,E07000008,E10000003,E10000003,3,1307,3,30,3,13,4,6,0,0,0,0,1,1,2,0,0,0,1,1,2,E01017956,7,1,1.0,0.0
2021351108235,2021,351108235,544881.0,261261.0,0.119993,52.230506,35,2,1,1,06/10/2021,4,15:28,-1,E07000008,E10000003,E10000003,6,0,6,20,0,0,-1,0,-1,0,1,13,1,1,1,0,0,0,1,1,2,E01017952,7,1,1.0,0.0
2023351393010,2023,351393010,546224.0,257863.0,0.138147,52.199612,35,2,1,2,20/11/2023,2,08:50,-1,E07000008,E10000003,E10000003,6,0,6,20,3,13,4,6,0,0,1,13,1,1,1,0,0,0,1,1,2,E01017987,5,1,1.0,0.0
2024351409339,2024,351409339,545300.0,258118.0,0.12475,52.20215,35,3,2,1,08/02/2024,5,18:17,-1,E07000008,E10000003,E10000003,6,0,6,30,-1,13,4,6,0,-1,-1,0,4,9,-1,-1,-1,99,1,3,2,E01035517,3,1,0.0,1.0
2024351506954,2024,351506954,547028.0,255640.0,0.14894,52.17942,35,3,2,1,17/10/2024,5,19:55,-1,E07000008,E10000003,E10000003,3,1134,1,30,-1,-1,4,6,0,-1,-1,13,4,8,1,-1,-1,0,1,3,2,E01017992,3,1,0.0,1.0
2024351507363,2024,351507363,545621.0,257565.0,0.1292,52.19709,35,3,1,1,20/10/2024,1,15:28,-1,E07000008,E10000003,E10000003,3,1307,6,30,-1,0,-1,-1,-1,-1,-1,0,1,1,1,-1,-1,0,1,3,2,E01018005,3,1,0.0,1.0
2020350997973,2020,350997973,546220.0,259840.0,0.13897,52.217386,35,3,3,1,10/11/2020,3,15:25,390,E07000008,E10000003,E10000003,6,0,6,30,0,0,-1,0,-1,0,0,0,1,1,1,4,0,13,1,2,2,E01032802,3,1,0.0,1.0
2022351207041,2022,351207041,541909.0,257647.0,0.074965,52.198798,35,3,1,1,28/06/2022,3,22:29,-1,E07000012,E10000003,E10000003,1,11,3,70,0,0,-1,0,-1,0,0,0,7,1,1,0,0,0,2,1,1,E01018225,3,1,0.0,1.0
2022351196112,2022,351196112,541847.0,256518.0,0.073586,52.18867,35,1,1,1,06/07/2022,4,17:22,-1,E07000012,E10000003,E10000003,1,11,7,60,0,0,-1,0,-1,0,0,0,1,1,1,0,0,0,2,1,1,E01018225,1,1,0.0,0.0
2024351409293,2024,351409293,538262.0,254473.0,0.02035,52.1712,35,3,2,1,26/01/2024,6,14:40,-1,E07000012,E10000003,E10000003,6,0,6,60,-1,0,-1,-1,-1,-1,-1,0,1,1,1,-1,-1,0,2,1,2,E01018255,3,1,0.0,1.0
2024351521580,2024,351521580,549056.0,256115.0,0.17878,52.18315,35,2,2,1,24/11/2024,1,18:20,-1,E07000008,E10000003,E10000003,6,0,6,40,-1,13,4,6,0,-1,-1,0,4,1,2,-1,-1,0,2,1,2,E01017960,6,1,1.0,0.0
2020351009190,2020,351009190,547299.0,259427.0,0.154573,52.213389,35,3,2,1,05/12/2020,7,13:48,390,E07000008,E10000003,E10000003,3,1134,6,30,3,13,4,6,0,0,0,0,1,1,1,0,0,0,1,1,2,E01017946,3,1,0.0,1.0
2021351072532,2021,351072532,545968.0,258020.0,0.1345,52.201102,35,2,2,1,06/07/2021,3,18:20,-1,E07000008,E10000003,E10000003,6,0,6,20,0,0,-1,0,-1,0,4,14,1,1,1,0,0,0,1,2,2,E01017988,7,1,1.0,0.0
2021351085851,2021,351085851,546736.0,260073.0,0.146618,52.219342,35,3,1,1,30/08/2021,2,16:59,-1,E07000008,E10000003,E10000003,6,0,6,20,3,13,4,6,0,0,0,0,1,8,1,0,0,0,1,1,2,E01017974,3,1,0.0,1.0
2023351356956,2023,351356956,551671.0,255884.0,0.2169,52.180363,35,2,2,1,19/08/2023,7,15:20,-1,E07000012,E10000003,E10000003,6,0,6,20,2,0,4,6,0,0,0,0,1,1,1,0,0,0,2,1,2,E01018244,6,1,1.0,0.0
2021351024226,2021,351024226,547243.0,256471.0,0.152469,52.186846,35,3,2,1,20/02/2021,7,16:10,-1,E07000008,E10000003,E10000003,3,1134,1,30,1,0,4,6,0,0,0,0,1,1,1,0,0,0,1,2,2,E01017968,3,1,0.0,1.0
2021351048754,2021,351048754,551621.0,255892.0,0.216201,52.18046,35,3,1,1,22/05/2021,7,18:18,-1,E07000012,E10000003,E10000003,6,0,6,20,1,0,4,6,0,0,0,0,1,1,2,0,0,0,1,1,2,E01018242,3,1,0.0,1.0
2022351224157,2022,351224157,547449.0,259382.0,0.156718,52.212932,35,2,2,1,11/09/2022,1,15:52,-1,E07000008,E10000003,E10000003,3,1134,6,30,3,13,4,6,0,0,0,0,1,1,1,0,0,0,1,1,2,E01017946,7,1,1.0,0.0
2024351428241,2024,351428241,545419.0,260773.0,0.12763,52.22597,35,3,2,1,03/04/2024,4,17:45,-1,E07000008,E10000003,E10000003,6,0,6,20,-1,13,2,6,0,-1,-1,14,1,1,1,-1,-1,0,1,3,2,E01017978,3,1,0.0,1.0
2024351479538,2024,351479538,545196.0,258281.0,0.1233,52.20364,35,3,1,2,30/07/2024,3,19:58,-1,E07000008,E10000003,E10000003,6,0,6,20,-1,13,2,6,0,-1,-1,15,1,1,-1,-1,-1,99,1,3,2,E01035517,3,1,0.0,1.0
2020350994438,2020,350994438,547470.0,257566.0,0.156264,52.196623,35,3,2,1,28/10/2020,4,15:50,390,E07000008,E10000003,E10000003,3,1134,6,30,0,0,-1,0,-1,0,0,0,1,1,2,0,0,0,1,2,2,E01017999,3,1,0.0,1.0
2022351181687,2022,351181687,544551.0,260257.0,0.114707,52.221561,35,3,2,1,16/05/2022,2,14:23,-1,E07000008,E10000003,E10000003,6,0,6,30,3,13,4,6,0,0,0,0,1,1,1,0,0,0,1,1,2,E01017953,3,1,0.0,1.0
2022351238266,2022,351238266,547283.0,255950.0,0.1528,52.182144,35,2,2,1,31/08/2022,4,16:58,-1,E07000008,E10000003,E10000003,6,0,6,20,3,13,4,6,0,0,0,0,1,1,1,0,0,0,1,1,2,E01017992,7,1,1.0,0.0
2022351235382,2022,351235382,548446.0,253763.0,0.168841,52.162184,35,3,2,1,14/09/2022,4,08:10,-1,E07000012,E10000003,E10000003,3,1307,6,50,0,0,-1,0,-1,0,0,0,1,1,1,0,0,0,2,1,2,E01018295,3,1,0.0,1.0
2022351261883,2022,351261883,547024.0,255638.0,0.14888,52.17941,35,2,2,1,20/12/2022,3,13:20,-1,E07000008,E10000003,E10000003,3,1134,1,30,1,0,4,3,1134,0,1,13,1,1,1,-1,-1,-1,1,3,2,E01017993,7,1,1.0,0.0
2023351318630,2023,351318630,541899.0,257620.0,0.074807,52.198558,35,3,2,1,09/06/2023,6,13:31,-1,E07000012,E10000003,E10000003,1,11,3,70,0,0,-1,0,-1,0,0,0,1,1,1,0,0,0,2,1,1,E01018225,3,1,0.0,1.0
2023351344996,2023,351344996,546587.0,258810.0,0.143864,52.208023,35,3,2,2,23/08/2023,4,13:38,-1,E07000008,E10000003,E10000003,6,0,6,30,3,13,4,6,0,0,0,0,1,1,1,0,0,0,1,3,2,E01017943,3,1,0.0,1.0
2023351368449,2023,351368449,545879.0,257591.0,0.132986,52.197259,35,2,2,1,27/10/2023,6,06:37,-1,E07000008,E10000003,E10000003,6,0,6,30,3,13,4,6,0,0,0,0,4,1,1,0,0,0,1,3,2,E01017988,7,1,1.0,0.0
2020350983391,2020,350983391,545352.0,259712.0,0.126219,52.216466,35,3,2,1,21/09/2020,2,16:30,390,E07000008,E10000003,E10000003,3,1134,6,30,6,16,2,6,0,0,4,14,1,1,1,0,0,0,1,2,2,E01018007,3,1,0.0,1.0
2021351028929,2021,351028929,541979.0,256309.0,0.075457,52.186769,35,3,2,2,14/03/2021,1,20:45,-1,E07000012,E10000003,E10000003,1,11,7,70,0,0,-1,0,-1,0,0,0,4,1,2,0,0,0,2,1,1,E01018225,3,1,0.0,1.0
2021351070638,2021,351070638,545899.0,258431.0,0.133668,52.204813,35,2,2,1,17/07/2021,7,20:13,-1,E07000008,E10000003,E10000003,3,603,6,30,0,0,-1,0,-1,0,4,14,1,1,1,0,0,0,1,1,2,E01017991,7,1,1.0,0.0
2023351388660,2023,351388660,549802.0,259269.0,0.191081,52.211283,35,3,2,1,28/09/2023,5,17:40,-1,E07000012,E10000003,E10000003,3,1303,6,50,0,0,-1,0,-1,0,0,0,1,1,1,0,0,0,2,1,2,E01018297,3,1,0.0,1.0
2024351471508,2024,351471508,544352.0,260064.0,0.11171,52.21988,35,3,2,1,23/07/2024,3,10:36,-1,E07000008,E10000003,E10000003,4,1049,6,20,-1,13,4,6,0,-1,-1,14,1,1,1,-1,-1,0,1,3,2,E01017949,3,1,0.0,1.0
2024351500570,2024,351500570,552056.0,259771.0,0.22427,52.21517,35,3,2,1,19/09/2024,5,23:03,-1,E07000012,E10000003,E10000003,3,14,3,70,-1,0,-1,3,14,-1,-1,0,6,1,1,-1,-1,0,2,1,1,E01018297,3,1,0.0,1.0
2024351526508,2024,351526508,546464.0,255845.0,0.14078,52.18142,35,3,2,1,22/10/2024,3,12:44,-1,E07000008,E10000003,E10000003,3,1307,6,30,-1,18,2,6,0,-1,-1,14,1,1,1,-1,-1,0,1,1,2,E01035520,3,1,0.0,1.0
2020350963311,2020,350963311,546496.0,257726.0,0.142093,52.19832,35,3,2,1,31/05/2020,1,21:11,390,E07000008,E10000003,E10000003,6,0,6,30,3,13,4,6,0,0,0,0,1,1,1,0,0,0,1,1,2,E01018000,3,1,0.0,1.0
2020350996798,2020,350996798,547372.0,257052.0,0.154607,52.192032,35,3,2,1,17/10/2020,7,22:40,390,E07000008,E10000003,E10000003,3,1134,1,30,1,0,4,6,0,0,0,0,4,2,2,6,0,14,1,2,2,E01017968,3,1,0.0,1.0
2022351236731,2022,351236731,544437.0,257899.0,0.112034,52.200406,35,3,1,1,02/10/2022,1,12:50,-1,E07000008,E10000003,E10000003,6,0,6,20,0,0,-1,0,-1,0,0,0,1,1,1,0,0,0,1,1,2,E01017986,3,1,0.0,1.0
2023351338109,2023,351338109,545762.0,258158.0,0.131519,52.202384,35,2,2,1,28/07/2023,6,18:30,-1,E07000008,E10000003,E10000003,6,0,6,20,0,0,-1,0,-1,0,5,15,1,1,-1,-1,-1,-1,1,3,2,E01017991,7,1,1.0,0.0
2023351364984,2023,351364984,546083.0,259133.0,0.136633,52.211059,35,3,2,1,17/10/2023,3,08:30,-1,E07000008,E10000003,E10000003,3,1134,3,30,0,0,-1,0,-1,-1,-1,-1,1,1,1,-1,-1,-1,1,3,2,E01018010,3,1,0.0,1.0
2024351473739,2024,351473739,553604.0,262235.0,0.24803,52.23688,35,2,2,3,29/05/2024,4,19:44,-1,E07000009,E10000003,E10000003,4,1102,6,30,-1,13,4,6,0,-1,-1,0,1,1,1,-1,-1,0,2,1,2,E01018011,6,1,1.0,0.0
2020350929201,2020,350929201,539032.0,254061.0,0.031457,52.167321,35,3,2,1,10/02/2020,2,16:50,395,E07000012,E10000003,E10000003,3,603,6,50,0,0,-1,0,-1,0,0,0,1,1,1,0,0,0,2,2,2,E01018255,3,1,0.0,1.0
2022351226917,2022,351226917,540636.0,255774.0,0.055575,52.182295,35,3,2,1,27/09/2022,3,19:15,-1,E07000012,E10000003,E10000003,4,1046,6,30,3,13,4,6,0,0,0,0,4,1,-1,0,0,0,2,3,2,E01018224,3,1,0.0,1.0
2020350922193,2020,350922193,545588.0,257633.0,0.128777,52.197725,35,3,1,1,18/01/2020,7,09:42,390,E07000008,E10000003,E10000003,3,1307,6,30,3,13,4,6,0,0,4,14,1,1,1,0,0,0,1,1,2,E01018005,3,1,0.0,1.0
2021351082471,2021,351082471,545246.0,258788.0,0.124272,52.208192,35,3,2,1,28/08/2021,7,14:00,-1,E07000008,E10000003,E10000003,6,0,6,20,0,0,-1,0,-1,0,0,0,1,1,1,0,0,0,1,2,2,E01032797,3,1,0.0,1.0
2024351423595,2024,351423595,544306.0,261794.0,0.11178,52.23543,35,2,2,1,15/03/2024,6,08:51,-1,E07000012,E10000003,E10000003,3,14,7,70,-1,-1,2,4,1049,-1,-1,14,1,9,-1,-1,-1,99,2,3,1,E01033120,7,1,1.0,0.0
2024351424400,2024,351424400,544391.0,258970.0,0.11182,52.21004,35,2,2,1,15/03/2024,6,23:10,-1,E07000008,E10000003,E10000003,3,1303,6,30,-1,19,4,3,303,-1,-1,-1,4,1,-1,-1,-1,99,1,3,2,E01035514,7,1,1.0,0.0
2020350929145,2020,350929145,544373.0,260294.0,0.112147,52.221951,35,3,2,1,24/01/2020,6,23:00,390,E07000008,E10000003,E10000003,4,1049,6,30,6,16,4,6,0,0,0,0,4,1,1,0,0,0,1,2,2,E01017953,3,1,0.0,1.0
2022351171288,2022,351171288,546229.0,257853.0,0.138216,52.199521,35,3,1,2,26/04/2022,3,12:25,-1,E07000008,E10000003,E10000003,6,0,2,30,3,13,4,6,0,0,0,0,1,1,1,0,0,0,1,3,2,E01017987,3,1,0.0,1.0
2022351226765,2022,351226765,546048.0,261237.0,0.137028,52.229971,35,3,1,1,26/09/2022,2,12:42,-1,E07000008,E10000003,E10000003,6,0,6,30,0,0,-1,0,-1,0,0,0,1,1,-1,-1,-1,-1,1,3,2,E01017977,3,1,0.0,1.0
2023351278355,2023,351278355,544782.0,260054.0,0.117999,52.219676,35,3,2,1,30/01/2023,2,08:42,-1,E07000008,E10000003,E10000003,6,0,6,20,0,0,-1,0,-1,0,0,0,1,1,1,0,0,0,1,1,2,E01017953,3,1,0.0,1.0
2023351300142,2023,351300142,547232.0,256474.0,0.152282,52.186865,35,3,2,1,17/04/2023,2,09:13,-1,E07000008,E10000003,E10000003,6,0,1,20,1,0,4,3,1134,0,0,0,1,1,1,0,0,0,1,1,2,E01017968,3,1,0.0,1.0
2023351306100,2023,351306100,545743.0,258178.0,0.13125,52.202569,35,2,2,1,26/04/2023,4,08:55,-1,E07000008,E10000003,E10000003,3,603,6,30,6,16,2,6,0,0,5,15,1,1,1,0,0,0,1,1,2,E01017991,7,1,1.0,0.0
2023351320857,2023,351320857,545019.0,258183.0,0.120665,52.202805,35,3,2,1,03/06/2023,7,15:30,-1,E07000008,E10000003,E10000003,6,0,6,30,3,13,4,6,0,0,0,0,1,1,1,0,0,0,1,1,2,E01032797,3,1,0.0,1.0
2024351479645,2024,351479645,546924.0,256537.0,0.14781,52.18751,35,2,2,1,30/07/2024,3,11:18,-1,E07000008,E10000003,E10000003,6,0,6,20,-1,13,4,6,0,-1,-1,0,1,1,1,-1,-1,0,1,1,2,E01017968,5,1,1.0,0.0
2021351021893,2021,351021893,552406.0,256722.0,0.228046,52.1877,35,3,2,1,11/02/2021,5,18:15,-1,E07000012,E10000003,E10000003,6,0,6,30,0,0,-1,0,-1,0,0,0,4,8,4,0,0,0,1,1,2,E01018244,3,1,0.0,1.0
2020350916393,2020,350916393,545681.0,257451.0,0.130059,52.196065,35,3,2,1,07/01/2020,3,13:05,390,E07000008,E10000003,E10000003,6,0,6,20,9,19,4,3,1307,-1,-1,-1,1,1,-1,-1,-1,-1,1,2,2,E01018005,3,1,0.0,1.0
2020350935674,2020,350935674,550604.0,259451.0,0.20292,52.212712,35,3,2,1,03/02/2020,2,18:07,395,E07000012,E10000003,E10000003,3,1303,6,50,3,13,3,6,0,0,0,0,6,1,1,0,0,0,2,1,2,E01018297,3,1,0.0,1.0
2020351030344,2020,351030344,546633.0,258578.0,0.144465,52.205939,35,3,2,1,10/12/2020,5,17:30,390,E07000008,E10000003,E10000003,6,0,2,20,0,0,-1,0,-1,2,1,12,4,2,2,0,0,0,1,1,2,E01017990,3,1,0.0,1.0
2021351025860,2021,351025860,545202.0,256783.0,0.12277,52.19019,35,3,1,1,23/02/2021,3,12:30,-1,E07000008,E10000003,E10000003,3,1134,6,30,0,0,-1,0,-1,0,0,0,1,2,2,0,0,0,1,1,2,E01032794,3,1,0.0,1.0
2023351357326,2023,351357326,546605.0,258801.0,0.144123,52.207938,35,3,2,1,22/09/2023,6,18:29,-1,E07000008,E10000003,E10000003,6,0,6,30,0,0,-1,0,-1,0,0,0,1,1,-1,-1,-1,-1,1,3,2,E01017943,3,1,0.0,1.0
2023351389646,2023,351389646,545182.0,258301.0,0.123099,52.203822,35,3,2,1,15/12/2023,6,16:30,-1,E07000008,E10000003,E10000003,6,0,6,30,3,13,-1,6,0,-1,-1,-1,4,1,-1,-1,0,0,1,3,2,E01032797,3,1,0.0,1.0
2024351422835,2024,351422835,548234.0,259292.0,0.16816,52.21191,35,3,2,1,13/03/2024,4,08:45,-1,E07000008,E10000003,E10000003,3,1303,6,30,-1,0,-1,6,0,-1,-1,0,1,1,1,-1,-1,0,1,1,2,E01017947,3,1,0.0,1.0
2024351451217,2024,351451217,548293.0,260897.0,0.16973,52.22632,35,3,1,1,29/05/2024,4,12:56,-1,E07000012,E10000003,E10000003,6,0,6,30,-1,13,4,6,0,-1,-1,0,1,1,-1,-1,-1,99,1,3,2,E01018297,3,1,0.0,1.0
2021351064572,2021,351064572,544362.0,261483.0,0.112493,52.232637,35,3,2,1,26/04/2021,2,19:45,-1,E07000012,E10000003,E10000003,6,0,3,30,3,13,2,4,1049,0,5,15,1,1,1,0,0,0,2,1,2,E01033121,3,1,0.0,1.0
2021351051204,2021,351051204,546026.0,257290.0,0.135033,52.194528,35,3,3,1,01/06/2021,3,14:45,-1,E07000008,E10000003,E10000003,6,0,6,20,3,13,4,6,0,0,0,0,1,1,1,0,0,0,1,2,2,E01032795,3,1,0.0,1.0
2021351078524,2021,351078524,548006.0,256303.0,0.163549,52.185133,35,3,2,1,14/07/2021,4,08:44,-1,E07000008,E10000003,E10000003,6,0,6,30,0,0,-1,0,-1,0,0,0,1,1,1,0,0,0,1,1,2,E01017961,3,1,0.0,1.0
2021351117732,2021,351117732,546714.0,255230.0,0.144201,52.175838,35,3,1,1,04/12/2021,7,07:05,-1,E07000008,E10000003,E10000003,6,0,6,30,1,0,4,6,0,0,1,13,4,1,2,0,0,0,1,2,2,E01017995,3,1,0.0,1.0
2022351207008,2022,351207008,544814.0,255773.0,0.116639,52.181207,35,3,2,1,19/07/2022,3,13:34,-1,E07000008,E10000003,E10000003,3,1134,6,30,8,18,4,6,0,2,5,12,1,1,1,0,0,0,1,1,2,E01032794,3,1,0.0,1.0
2022351209239,2022,351209239,547619.0,258036.0,0.158618,52.200795,35,3,2,1,09/08/2022,3,08:15,-1,E07000008,E10000003,E10000003,3,1134,6,30,1,0,4,3,1134,0,0,0,1,1,1,0,0,0,1,3,2,E01017999,3,1,0.0,1.0
2023351287527,2023,351287527,545549.0,257704.0,0.128209,52.198362,35,2,2,1,05/03/2023,1,19:58,-1,E07000008,E10000003,E10000003,3,1307,6,30,3,13,4,6,0,0,0,0,7,1,1,0,0,0,1,3,2,E01018005,7,1,1.0,0.0
2023351369022,2023,351369022,545404.0,259161.0,0.126714,52.21149,35,3,1,1,27/10/2023,6,10:45,-1,E07000008,E10000003,E10000003,6,0,6,30,0,0,-1,0,-1,-1,-1,-1,1,1,-1,-1,-1,-1,1,3,2,E01032797,3,1,0.0,1.0
2023351372426,2023,351372426,545303.0,257673.0,0.124599,52.198148,35,3,2,1,08/11/2023,4,08:24,-1,E07000008,E10000003,E10000003,3,603,6,30,0,0,-1,0,-1,-1,-1,-1,1,2,2,-1,-1,-1,1,3,2,E01018005,3,1,0.0,1.0
2023351381275,2023,351381275,542091.0,259391.0,0.078357,52.21442,35,3,2,1,09/11/2023,5,09:15,-1,E07000008,E10000003,E10000003,1,11,3,70,0,0,-1,0,-1,0,0,0,1,1,1,0,0,0,2,1,1,E01017956,3,1,0.0,1.0
2024351405139,2024,351405139,545897.0,259742.0,0.13417,52.21658,35,3,2,1,30/01/2024,3,15:50,-1,E07000008,E10000003,E10000003,3,1134,1,30,-1,-1,4,3,1303,-1,-1,15,1,1,1,-1,-1,0,1,3,2,E01018008,3,1,0.0,1.0
2024351458321,2024,351458321,545972.0,259668.0,0.13524,52.21589,35,3,3,3,06/06/2024,5,09:09,-1,E07000008,E10000003,E10000003,3,1134,6,30,-1,0,-1,-1,-1,-1,-1,14,1,1,1,-1,-1,0,1,1,2,E01032802,3,1,0.0,1.0
2024351503437,2024,351503437,543946.0,257483.0,0.10468,52.1968,35,3,2,1,11/10/2024,6,13:45,-1,E07000008,E10000003,E10000003,3,603,6,30,-1,13,4,6,0,-1,-1,0,1,1,1,-1,-1,0,1,3,2,E01017985,3,1,0.0,1.0
2021351090539,2021,351090539,545146.0,257589.0,0.122296,52.197446,35,2,1,1,15/09/2021,4,10:30,-1,E07000008,E10000003,E10000003,3,1134,1,30,3,13,4,3,1134,0,0,0,1,1,1,0,0,0,1,1,2,E01018005,5,1,1.0,0.0
2023351265307,2023,351265307,544341.0,261488.0,0.11216,52.232675,35,3,2,2,05/01/2023,5,14:01,-1,E07000012,E10000003,E10000003,4,1049,3,40,3,13,2,6,0,0,5,15,1,1,1,0,0,0,2,1,2,E01033121,3,1,0.0,1.0
2023351278410,2023,351278410,543968.0,253419.0,0.103276,52.160279,35,2,3,3,27/01/2023,6,11:18,-1,E07000008,E10000003,E10000003,1,11,3,70,0,0,-1,0,-1,0,0,0,1,1,1,0,0,0,2,1,1,E01018003,7,1,1.0,0.0
2023351274851,2023,351274851,544609.0,259048.0,0.115039,52.210684,35,3,2,1,27/01/2023,6,18:50,-1,E07000008,E10000003,E10000003,6,0,6,30,6,16,4,3,1303,0,0,0,4,1,2,0,0,0,1,3,2,E01017958,3,1,0.0,1.0
2023351295840,2023,351295840,545666.0,257515.0,0.129839,52.196633,35,3,2,1,03/04/2023,2,09:43,-1,E07000008,E10000003,E10000003,6,0,6,30,3,13,2,3,1307,0,5,15,1,1,1,0,0,0,1,3,2,E01017987,3,1,0.0,1.0
2024351529538,2024,351529538,545656.0,260513.0,0.13098,52.22357,35,2,2,1,18/11/2024,2,17:59,-1,E07000008,E10000003,E10000003,6,0,6,20,-1,0,-1,6,0,-1,-1,0,4,2,2,-1,-1,0,1,1,2,E01018006,6,1,1.0,0.0
2020350985461,2020,350985461,546507.0,261096.0,0.143711,52.228594,35,2,2,1,29/09/2020,3,12:30,390,E07000008,E10000003,E10000003,6,0,6,20,3,13,-1,6,0,-1,-1,-1,1,2,-1,-1,-1,-1,1,2,2,E01017976,7,1,1.0,0.0
2021351037594,2021,351037594,546104.0,256717.0,0.135927,52.189359,35,3,2,1,20/04/2021,3,10:30,-1,E07000008,E10000003,E10000003,3,1307,6,30,6,16,2,6,0,0,4,14,1,1,1,0,0,0,1,3,2,E01017966,3,1,0.0,1.0
2021351100271,2021,351100271,547437.0,257512.0,0.155758,52.196147,35,3,4,2,13/10/2021,4,09:05,-1,E07000008,E10000003,E10000003,6,0,6,20,6,16,2,3,1134,0,5,15,1,1,1,0,0,0,1,1,2,E01017999,3,1,0.0,1.0
2022351253909,2022,351253909,547444.0,257512.0,0.155832,52.196134,35,3,2,1,09/12/2022,6,20:25,-1,E07000008,E10000003,E10000003,6,0,6,30,6,16,-1,3,1134,-1,-1,-1,4,8,-1,-1,-1,-1,1,3,2,E01017999,3,1,0.0,1.0
2024351499379,2024,351499379,545056.0,254087.0,0.11946,52.16599,35,3,1,2,13/09/2024,6,15:55,-1,E07000008,E10000003,E10000003,3,1301,6,30,-1,13,4,6,0,-1,-1,0,1,1,1,-1,-1,0,1,1,2,E01035530,3,1,0.0,1.0
2024351496667,2024,351496667,543826.0,259777.0,0.1039,52.21744,35,3,2,1,24/09/2024,3,08:20,-1,E07000008,E10000003,E10000003,3,1307,3,30,-1,0,-1,6,0,-1,-1,13,1,1,2,-1,-1,0,1,3,2,E01035513,3,1,0.0,1.0
2024351529275,2024,351529275,544811.0,258190.0,0.11763,52.20292,35,3,2,1,03/10/2024,5,21:11,-1,E07000008,E10000003,E10000003,6,0,6,20,-1,0,-1,6,0,-1,-1,14,4,2,2,-1,-1,0,1,1,2,E01035517,3,1,0.0,1.0
2024351516322,2024,351516322,545918.0,258464.0,0.13393,52.20509,35,3,2,1,07/11/2024,5,18:45,-1,E07000008,E10000003,E10000003,3,603,6,30,-1,13,2,6,0,-1,-1,15,4,1,1,-1,-1,0,1,3,2,E01017991,3,1,0.0,1.0
2024351525331,2024,351525331,547907.0,258814.0,0.16317,52.20771,35,3,2,1,28/11/2024,5,08:35,-1,E07000008,E10000003,E10000003,6,0,6,20,-1,0,-1,-1,-1,-1,-1,17,1,1,-1,-1,-1,99,1,3,2,E01017947,3,1,0.0,1.0
2021351121397,2021,351121397,536790.0,256020.0,-0.000514,52.185483,35,3,2,1,18/11/2021,5,19:40,-1,E07000012,E10000003,E10000003,4,1046,6,60,0,0,-1,0,-1,0,0,0,6,1,1,0,0,0,2,3,2,E01018231,3,1,0.0,1.0
2022351166527,2022,351166527,547006.0,262049.0,0.151398,52.237011,35,3,1,1,04/04/2022,2,14:30,-1,E07000012,E10000003,E10000003,3,10,1,50,1,0,2,3,14,0,0,0,1,1,1,0,0,0,2,1,2,E01018274,3,1,0.0,1.0
2024351438321,2024,351438321,547791.0,263376.0,0.16346,52.24872,35,2,1,1,13/04/2024,7,13:38,-1,E07000012,E10000003,E10000003,3,10,3,50,-1,0,-1,6,0,-1,-1,0,1,1,1,-1,-1,0,1,1,2,E01018272,6,1,1.0,0.0
2024351465661,2024,351465661,548309.0,261607.0,0.17027,52.23269,35,3,2,1,21/06/2024,6,18:30,-1,E07000012,E10000003,E10000003,3,14,3,70,-1,0,-1,-1,-1,-1,-1,0,1,1,1,-1,-1,0,2,1,1,E01018273,3,1,0.0,1.0
2021351077822,2021,351077822,547886.0,259317.0,0.16311,52.212243,35,3,2,1,17/07/2021,7,19:15,-1,E07000008,E10000003,E10000003,3,1134,1,30,1,0,4,3,1134,0,8,17,1,1,1,0,0,0,1,1,2,E01017946,3,1,0.0,1.0
2022351149581,2022,351149581,545441.0,258806.0,0.127103,52.208291,35,3,2,1,21/02/2022,2,17:23,-1,E07000008,E10000003,E10000003,6,0,6,30,0,0,-1,0,-1,0,0,0,1,1,1,0,0,0,1,1,2,E01032797,3,1,0.0,1.0
2022351156051,2022,351156051,548845.0,256132.0,0.175708,52.18336,35,3,2,1,16/03/2022,4,08:50,-1,E07000008,E10000003,E10000003,6,0,6,30,0,0,-1,0,-1,0,4,14,1,1,1,0,0,0,1,3,2,E01017960,3,1,0.0,1.0
2023351371039,2023,351371039,544043.0,253365.0,0.104349,52.159774,35,2,1,1,19/10/2023,5,12:35,-1,E07000008,E10000003,E10000003,1,11,3,70,0,0,-1,0,-1,0,0,0,1,2,5,0,0,0,2,1,1,E01018003,5,1,1.0,0.0
2023351393003,2023,351393003,546328.0,256174.0,0.138939,52.18441,35,2,1,1,24/11/2023,6,18:15,-1,E07000008,E10000003,E10000003,3,1307,6,30,3,13,4,6,0,0,4,14,4,8,2,0,0,0,1,1,2,E01017996,7,1,1.0,0.0
2023351396872,2023,351396872,547699.0,257953.0,0.159752,52.200027,35,3,2,2,11/12/2023,2,14:17,-1,E07000008,E10000003,E10000003,6,0,6,30,0,0,-1,0,-1,0,0,0,1,1,1,0,0,0,1,1,2,E01017999,3,1,0.0,1.0
2024351397222,2024,351397222,544391.0,260286.0,0.11238,52.22186,35,3,2,1,08/01/2024,2,11:40,-1,E07000008,E10000003,E10000003,6,0,6,30,-1,16,2,4,1049,-1,-1,0,1,1,1,-1,-1,0,1,1,2,E01017953,3,1,0.0,1.0
2024351454382,2024,351454382,545588.0,260939.0,0.13017,52.22741,35,3,2,1,26/05/2024,1,21:25,-1,E07000008,E10000003,E10000003,6,0,6,30,-1,13,4,6,0,-1,-1,0,1,1,1,-1,-1,0,1,3,2,E01017978,3,1,0.0,1.0
2020350992297,2020,350992297,548097.0,259341.0,0.166206,52.212402,35,3,2,1,30/07/2020,5,16:26,390,E07000008,E10000003,E10000003,4,1047,6,30,3,13,2,3,1303,0,0,0,1,1,1,0,0,0,1,1,2,E01017947,3,1,0.0,1.0
2020350975510,2020,350975510,546197.0,258840.0,0.138202,52.208408,35,3,2,1,25/08/2020,3,07:47,390,E07000008,E10000003,E10000003,3,1134,3,30,0,0,-1,0,-1,2,5,12,1,2,2,0,0,0,1,2,2,E01017989,3,1,0.0,1.0
2024351398798,2024,351398798,546746.0,256577.0,0.14522,52.18792,35,3,2,1,15/01/2024,2,09:15,-1,E07000008,E10000003,E10000003,6,0,6,20,-1,0,-1,6,0,-1,-1,-1,1,1,-1,-1,-1,99,1,3,2,E01035519,3,1,0.0,1.0
2024351463874,2024,351463874,546797.0,255285.0,0.14541,52.1763,35,3,2,1,02/07/2024,3,11:51,-1,E07000008,E10000003,E10000003,3,1307,1,30,-1,-1,4,6,0,-1,-1,0,1,1,1,-1,-1,0,1,3,2,E01035521,3,1,0.0,1.0
2020350920453,2020,350920453,547538.0,258009.0,0.157451,52.200585,35,3,2,1,16/01/2020,5,18:50,390,E07000008,E10000003,E10000003,3,1134,1,30,1,0,4,3,1134,0,0,0,7,1,1,0,0,0,1,2,2,E01017997,3,1,0.0,1.0
2020351011191,2020,351011191,545142.0,257609.0,0.122246,52.197627,35,2,1,1,22/12/2020,3,00:17,390,E07000008,E10000003,E10000003,3,603,3,30,2,0,4,3,1134,0,1,13,4,2,2,0,0,0,1,1,2,E01018005,7,1,1.0,0.0
2021351049741,2021,351049741,546041.0,258843.0,0.135922,52.208477,35,3,2,1,27/05/2021,5,12:05,-1,E07000008,E10000003,E10000003,6,0,6,30,3,13,4,6,0,0,0,0,1,1,1,0,0,0,1,2,2,E01017983,3,1,0.0,1.0
2022351164822,2022,351164822,546821.0,259990.0,0.147797,52.218562,35,3,2,1,09/03/2022,4,18:00,-1,E07000008,E10000003,E10000003,6,0,6,20,3,13,4,6,0,0,0,0,1,1,1,0,0,0,1,1,2,E01017972,3,1,0.0,1.0
2022351155136,2022,351155136,546802.0,255323.0,0.145499,52.176639,35,3,2,1,14/03/2022,2,17:30,-1,E07000008,E10000003,E10000003,3,1307,1,30,1,0,2,3,1307,0,5,15,1,8,1,0,0,0,1,3,2,E01017993,3,1,0.0,1.0
2022351173026,2022,351173026,546212.0,255585.0,0.13699,52.179149,35,3,2,1,27/04/2022,4,16:20,-1,E07000008,E10000003,E10000003,3,1134,6,40,3,13,-1,6,0,0,4,14,1,1,-1,-1,-1,-1,1,3,2,E01017993,3,1,0.0,1.0
2022351188876,2022,351188876,544631.0,259604.0,0.115598,52.215673,35,3,2,1,07/06/2022,3,09:15,-1,E07000008,E10000003,E10000003,3,1134,6,20,6,16,2,6,0,0,5,15,1,1,1,0,0,0,1,1,2,E01017949,3,1,0.0,1.0
2022351209440,2022,351209440,546037.0,257578.0,0.13529,52.197101,35,3,2,1,09/08/2022,3,14:30,-1,E07000008,E10000003,E10000003,6,0,6,20,6,16,2,6,0,0,0,0,1,1,1,0,0,0,1,3,2,E01017987,3,1,0.0,1.0
2023351360234,2023,351360234,543981.0,253340.0,0.103433,52.159565,35,2,2,1,01/10/2023,1,12:00,-1,E07000008,E10000003,E10000003,3,10,1,60,1,0,2,1,11,0,0,0,1,1,1,0,0,0,2,1,2,E01018003,7,1,1.0,0.0
2023351396660,2023,351396660,544807.0,258357.0,0.11764,52.204424,35,3,1,1,28/12/2023,5,20:00,-1,E07000008,E10000003,E10000003,6,0,6,20,0,0,-1,0,-1,-1,-1,-1,5,2,-1,-1,-1,-1,1,3,2,E01017986,3,1,0.0,1.0
2024351525247,2024,351525247,547336.0,256209.0,0.15369,52.18445,35,3,2,1,01/10/2024,3,13:03,-1,E07000008,E10000003,E10000003,6,0,6,20,-1,13,4,6,0,-1,-1,0,1,2,2,-1,-1,0,1,1,2,E01017994,3,1,0.0,1.0
2024351537117,2024,351537117,541571.0,261210.0,0.07151,52.23089,35,3,2,1,13/11/2024,4,18:27,-1,E07000012,E10000003,E10000003,3,14,3,70,-1,0,-1,-1,-1,-1,-1,0,4,1,1,-1,-1,0,2,1,1,E01035561,3,1,0.0,1.0
2020350929384,2020,350929384,546055.0,257968.0,0.13575,52.200611,35,2,1,1,06/02/2020,5,18:37,390,E07000008,E10000003,E10000003,6,0,6,20,0,0,-1,0,-1,0,0,0,4,1,1,0,0,0,1,1,2,E01017988,7,1,1.0,0.0
2020350960952,2020,350960952,546440.0,258634.0,0.141667,52.206493,35,3,2,1,29/06/2020,2,12:20,390,E07000008,E10000003,E10000003,6,0,6,20,0,0,-1,0,-1,0,0,0,1,9,1,0,0,0,1,2,2,E01017989,3,1,0.0,1.0
2020351007138,2020,351007138,545058.0,256325.0,0.120469,52.186113,35,2,1,1,24/11/2020,3,15:15,390,E07000008,E10000003,E10000003,3,1134,6,30,0,0,-1,0,-1,2,1,12,1,1,1,0,0,0,1,1,2,E01032794,7,1,1.0,0.0
2021351097177,2021,351097177,545745.0,260006.0,0.132094,52.219003,35,3,2,1,08/10/2021,6,09:10,-1,E07000008,E10000003,E10000003,3,1134,1,30,1,0,4,3,1134,0,0,0,1,1,1,0,0,0,1,3,2,E01018008,3,1,0.0,1.0
2022351139203,2022,351139203,546065.0,259491.0,0.136524,52.21428,35,3,2,2,26/01/2022,4,23:32,-1,E07000008,E10000003,E10000003,3,1134,6,30,0,0,-1,0,-1,0,0,0,4,1,1,0,0,0,1,1,2,E01018008,3,1,0.0,1.0
2023351363278,2023,351363278,546911.0,258159.0,0.14832,52.202089,35,3,3,1,06/10/2023,6,08:25,-1,E07000008,E10000003,E10000003,6,0,6,20,7,17,4,6,0,0,0,0,1,1,1,0,0,0,1,1,2,E01017997,3,1,0.0,1.0
2024351414066,2024,351414066,547314.0,256813.0,0.15363,52.18989,35,2,2,1,23/02/2024,6,08:45,-1,E07000008,E10000003,E10000003,3,1134,6,30,-1,13,4,6,0,-1,-1,0,1,1,1,-1,-1,0,1,3,2,E01017968,7,1,1.0,0.0
2024351435109,2024,351435109,547542.0,257999.0,0.15748,52.20048,35,3,2,1,09/04/2024,3,08:50,-1,E07000008,E10000003,E10000003,3,1134,1,30,-1,-1,4,3,1134,-1,-1,0,1,2,2,-1,-1,0,1,1,2,E01017997,3,1,0.0,1.0
2022351207436,2022,351207436,552097.0,260651.0,0.225264,52.22307,35,2,2,1,02/08/2022,3,13:27,-1,E07000012,E10000003,E10000003,4,1102,6,50,9,19,-1,6,0,0,0,0,1,1,1,0,0,0,2,1,2,E01018297,7,1,1.0,0.0
2023351303939,2023,351303939,547897.0,254103.0,0.160969,52.165386,35,3,2,1,25/04/2023,3,07:55,-1,E07000012,E10000003,E10000003,3,1307,1,40,1,0,4,6,0,0,0,0,1,1,1,0,0,0,2,3,2,E01018292,3,1,0.0,1.0
2023351337772,2023,351337772,534819.0,255784.0,-0.029447,52.183836,35,3,2,1,20/07/2023,5,17:00,-1,E07000012,E10000003,E10000003,4,1046,6,60,3,13,4,6,0,0,0,0,1,1,1,0,0,0,2,1,2,E01018231,3,1,0.0,1.0
2021351036244,2021,351036244,547868.0,259341.0,0.162857,52.212464,35,3,2,1,19/03/2021,6,22:00,-1,E07000008,E10000003,E10000003,3,1134,1,30,1,0,4,6,0,0,4,14,4,1,1,0,0,0,1,1,2,E01017946,3,1,0.0,1.0
2022351240357,2022,351240357,547521.0,262550.0,0.159152,52.241374,35,3,2,1,31/10/2022,2,17:25,-1,E07000012,E10000003,E10000003,6,0,6,30,3,13,4,6,0,0,0,0,1,1,-1,-1,-1,-1,1,3,2,E01018273,3,1,0.0,1.0
2023351371628,2023,351371628,547004.0,255622.0,0.14858,52.179271,35,3,2,1,05/10/2023,5,07:55,-1,E07000008,E10000003,E10000003,3,1134,1,20,1,0,4,3,1134,0,0,0,1,1,1,0,0,0,1,1,2,E01017993,3,1,0.0,1.0
2020350956903,2020,350956903,549446.0,256106.0,0.184509,52.182975,35,2,2,2,23/03/2020,2,13:11,395,E07000012,E10000003,E10000003,6,0,1,40,1,0,4,6,0,0,0,0,1,1,1,0,0,0,1,1,2,E01018243,7,1,1.0,0.0
2021351055917,2021,351055917,544590.0,255317.0,0.113199,52.177179,35,2,2,1,10/06/2021,5,15:45,-1,E07000008,E10000003,E10000003,3,1309,6,40,3,13,4,6,0,0,0,0,1,1,1,0,0,0,2,2,2,E01018002,7,1,1.0,0.0
2021351128618,2021,351128618,546313.0,257814.0,0.139455,52.19916,35,3,2,2,30/12/2021,5,11:55,-1,E07000008,E10000003,E10000003,6,0,6,30,3,13,4,6,0,0,0,0,1,1,1,0,0,0,1,3,2,E01017987,3,1,0.0,1.0
2022351180728,2022,351180728,547607.0,258026.0,0.158439,52.200708,35,3,2,1,23/03/2022,4,12:44,-1,E07000008,E10000003,E10000003,3,1134,1,30,1,0,4,6,0,0,0,0,1,1,1,0,0,0,1,1,2,E01017997,3,1,0.0,1.0
2022351245371,2022,351245371,546681.0,255048.0,0.143612,52.1742,35,3,1,1,17/11/2022,5,07:25,-1,E07000008,E10000003,E10000003,6,0,6,20,0,0,-1,0,-1,0,1,13,4,1,1,0,0,0,1,3,2,E01017995,3,1,0.0,1.0
2023351317655,2023,351317655,548659.0,259186.0,0.174329,52.210847,35,3,2,1,07/06/2023,4,16:40,-1,E07000012,E10000003,E10000003,3,1303,6,30,0,0,-1,0,-1,-1,-1,-1,1,1,-1,-1,-1,-1,1,3,2,E01018297,3,1,0.0,1.0
2020350978976,2020,350978976,542015.0,256926.0,0.076241,52.192304,35,3,2,1,25/08/2020,3,07:15,395,E07000012,E10000003,E10000003,1,11,7,60,0,0,-1,0,-1,0,0,0,1,2,2,0,0,0,2,1,1,E01018225,3,1,0.0,1.0
2020351035584,2020,351035584,551150.0,256395.0,0.209542,52.185108,35,2,2,3,20/12/2020,1,21:25,395,E07000012,E10000003,E10000003,6,0,6,30,3,13,4,6,0,0,0,0,4,1,1,0,0,0,1,1,2,E01018243,6,1,1.0,0.0
2022351214335,2022,351214335,534644.0,255861.0,-0.031974,52.184571,35,3,2,2,06/06/2022,2,09:18,-1,E07000012,E10000003,E10000003,4,1046,6,40,3,13,4,6,0,0,0,0,1,2,2,0,0,0,2,1,2,E01018231,3,1,0.0,1.0
2022351237882,2022,351237882,546721.0,260051.0,0.146361,52.219137,35,3,1,1,24/10/2022,2,20:59,-1,E07000008,E10000003,E10000003,6,0,6,30,1,0,-1,6,0,0,0,0,4,1,1,0,0,0,1,2,2,E01032802,3,1,0.0,1.0
2022351253429,2022,351253429,544888.0,258008.0,0.118675,52.201267,35,2,2,1,13/11/2022,1,11:59,-1,E07000008,E10000003,E10000003,6,0,6,30,0,0,-1,0,-1,0,0,0,1,9,1,0,0,0,1,3,2,E01032797,6,1,1.0,0.0
2022351288979,2022,351288979,545895.0,259785.0,0.134164,52.216966,35,2,1,1,16/11/2022,4,18:42,-1,E07000008,E10000003,E10000003,3,1134,6,30,0,0,-1,0,-1,0,8,17,4,1,2,0,0,0,1,1,2,E01018008,5,1,1.0,0.0
2022351248790,2022,351248790,544544.0,254620.0,0.112202,52.170918,35,3,1,2,24/11/2022,5,18:20,-1,E07000008,E10000003,E10000003,3,1309,3,30,3,13,4,6,0,0,0,0,4,1,2,0,0,0,1,3,2,E01018002,3,1,0.0,1.0
2023351367636,2023,351367636,540691.0,260765.0,0.05845,52.227124,35,3,1,1,13/10/2023,6,17:56,-1,E07000012,E10000003,E10000003,3,428,3,70,0,0,-1,0,-1,0,0,0,6,5,2,0,0,0,2,1,1,E01018224,3,1,0.0,1.0
2024351431822,2024,351431822,545241.0,258212.0,0.12392,52.20301,35,3,1,1,13/04/2024,7,16:27,-1,E07000008,E10000003,E10000003,6,0,6,20,-1,0,-1,6,0,-1,-1,0,1,1,-1,-1,-1,99,1,3,2,E01035517,3,1,0.0,1.0
2024351442765,2024,351442765,547068.0,262999.0,0.15272,52.24553,35,3,2,1,17/04/2024,4,12:49,-1,E07000012,E10000003,E10000003,6,0,6,50,-1,13,4,6,0,-1,-1,0,1,1,1,-1,-1,0,2,1,2,E01018272,3,1,0.0,1.0
2024351477657,2024,351477657,543676.0,259894.0,0.10175,52.21853,35,2,2,1,17/04/2024,4,17:21,-1,E07000008,E10000003,E10000003,3,1307,3,30,-1,13,4,6,0,-1,-1,0,1,1,1,-1,-1,0,1,1,2,E01035513,6,1,1.0,0.0
2021351118129,2021,351118129,546103.0,256695.0,0.135903,52.189162,35,2,2,1,06/10/2021,4,21:32,-1,E07000008,E10000003,E10000003,3,1307,6,30,6,16,2,6,0,0,5,15,4,1,1,0,0,0,1,1,2,E01017966,7,1,1.0,0.0
2021351131019,2021,351131019,540187.0,262575.0,0.051854,52.243526,35,3,3,1,16/12/2021,5,09:39,-1,E07000012,E10000003,E10000003,3,14,3,70,0,0,-1,0,-1,0,0,0,1,1,1,0,0,0,2,1,1,E01018237,3,1,0.0,1.0
2022351143810,2022,351143810,544614.0,261400.0,0.116117,52.231813,35,3,3,2,01/02/2022,3,09:20,-1,E07000012,E10000003,E10000003,6,0,3,30,9,19,2,6,0,0,5,15,1,1,1,0,0,0,1,1,2,E01033120,3,1,0.0,1.0
2022351218775,2022,351218775,547058.0,258494.0,0.150615,52.205059,35,3,2,1,07/09/2022,4,08:05,-1,E07000008,E10000003,E10000003,6,0,6,30,0,0,-1,0,-1,0,0,0,1,1,1,0,0,0,1,3,2,E01017997,3,1,0.0,1.0
2024351519394,2024,351519394,544602.0,259060.0,0.11494,52.21079,35,3,2,1,26/10/2024,7,16:39,-1,E07000008,E10000003,E10000003,6,0,6,30,-1,16,2,3,1303,-1,-1,17,1,1,2,-1,-1,0,1,1,2,E01017950,3,1,0.0,1.0
2020350937917,2020,350937917,544813.0,260174.0,0.118533,52.220758,35,3,2,1,27/01/2020,2,16:37,390,E07000008,E10000003,E10000003,6,0,6,30,0,0,-1,0,-1,0,0,0,4,2,2,0,0,0,1,1,2,E01017953,3,1,0.0,1.0
2022351178247,2022,351178247,545817.0,260094.0,0.133156,52.219763,35,3,2,1,29/04/2022,6,19:03,-1,E07000008,E10000003,E10000003,3,1309,6,30,0,0,-1,0,-1,0,0,0,1,1,1,0,0,0,1,3,2,E01018006,3,1,0.0,1.0
2022351200185,2022,351200185,545382.0,257972.0,0.125883,52.200814,35,3,2,1,09/07/2022,7,19:30,-1,E07000008,E10000003,E10000003,6,0,6,30,3,13,4,6,0,0,0,0,1,1,1,0,0,0,1,3,2,E01032797,3,1,0.0,1.0
2023351315998,2023,351315998,546959.0,261403.0,0.150429,52.23122,35,3,2,1,10/05/2023,4,17:10,-1,E07000008,E10000003,E10000003,6,0,6,20,3,13,4,3,1309,0,0,0,1,1,2,0,0,0,1,1,2,E01017971,3,1,0.0,1.0
2023351319085,2023,351319085,545560.0,258292.0,0.128623,52.203642,35,2,2,1,05/06/2023,2,08:10,-1,E07000008,E10000003,E10000003,6,0,6,30,3,13,4,6,0,0,0,0,1,1,1,0,0,0,1,1,2,E01032797,7,1,1.0,0.0
2023351363845,2023,351363845,544575.0,260941.0,0.11535,52.2277,35,3,2,1,08/10/2023,1,15:45,-1,E07000008,E10000003,E10000003,6,0,6,30,0,0,-1,0,-1,0,0,0,1,1,1,0,0,0,1,1,2,E01017951,3,1,0.0,1.0
2024351403801,2024,351403801,545738.0,258173.0,0.13117,52.20252,35,2,2,1,21/01/2024,1,23:12,-1,E07000008,E10000003,E10000003,3,603,6,30,-1,16,2,6,0,-1,-1,15,4,5,2,-1,-1,0,1,1,2,E01017991,5,1,1.0,0.0
2024351436053,2024,351436053,544820.0,260200.0,0.11862,52.22098,35,2,2,1,27/03/2024,4,19:15,-1,E07000008,E10000003,E10000003,6,0,6,30,-1,16,2,6,0,-1,-1,0,4,2,2,-1,-1,0,1,1,2,E01017953,7,1,1.0,0.0
2024351490662,2024,351490662,545965.0,258019.0,0.13443,52.20108,35,2,2,1,07/09/2024,7,15:02,-1,E07000008,E10000003,E10000003,6,0,6,20,-1,0,-1,6,0,-1,-1,0,1,1,1,-1,-1,-1,1,3,2,E01017988,6,1,1.0,0.0
2021351020594,2021,351020594,541996.0,256948.0,0.075973,52.192506,35,3,2,3,29/01/2021,6,11:45,-1,E07000012,E10000003,E10000003,1,11,7,60,5,0,4,3,603,0,0,0,1,1,1,0,0,0,2,1,1,E01018225,3,1,0.0,1.0
2021351020365,2021,351020365,541788.0,256320.0,0.072669,52.186917,35,3,1,1,02/02/2021,3,13:50,-1,E07000012,E10000003,E10000003,3,603,3,50,0,0,-1,0,-1,0,0,0,1,1,2,0,0,0,2,1,2,E01018225,3,1,0.0,1.0
2021351024201,2021,351024201,539448.0,259443.0,0.039747,52.215573,35,3,2,1,26/02/2021,6,08:30,-1,E07000012,E10000003,E10000003,6,0,6,60,3,13,4,3,1303,0,0,0,1,1,1,0,0,0,2,2,2,E01018224,3,1,0.0,1.0
2022351164016,2022,351164016,544298.0,261982.0,0.111741,52.237125,35,2,2,2,18/03/2022,6,11:45,-1,E07000012,E10000003,E10000003,4,1049,6,30,3,13,4,6,0,0,0,0,1,1,1,0,0,0,2,1,2,E01018259,7,1,1.0,0.0
2022351234289,2022,351234289,549294.0,262293.0,0.184985,52.238588,35,3,2,2,16/10/2022,1,14:00,-1,E07000012,E10000003,E10000003,6,0,6,30,0,0,-1,0,-1,0,0,0,1,1,1,0,0,0,2,1,2,E01018297,3,1,0.0,1.0
2024351537186,2024,351537186,536864.0,259705.0,0.00203,52.21856,35,2,2,1,20/10/2024,1,17:29,-1,E07000012,E10000003,E10000003,6,0,6,40,-1,0,-1,6,0,-1,-1,0,4,1,1,-1,-1,0,2,1,2,E01018252,7,1,1.0,0.0
2021351030767,2021,351030767,545745.0,258168.0,0.131303,52.20249,35,3,2,1,12/01/2021,3,09:08,-1,E07000008,E10000003,E10000003,6,0,6,30,6,16,2,3,603,2,5,12,1,2,2,0,0,0,1,1,2,E01017991,3,1,0.0,1.0
2021351102949,2021,351102949,544584.0,255303.0,0.113105,52.177055,35,3,2,2,14/10/2021,5,15:00,-1,E07000008,E10000003,E10000003,3,1309,6,30,3,13,4,6,0,0,0,0,1,1,1,0,0,0,2,1,2,E01018002,3,1,0.0,1.0
2021351124704,2021,351124704,546443.0,255560.0,0.140383,52.178874,35,3,2,1,17/12/2021,6,18:55,-1,E07000008,E10000003,E10000003,6,0,7,30,3,13,4,3,1134,0,0,0,4,2,2,0,0,0,1,3,2,E01017993,3,1,0.0,1.0
2022351162572,2022,351162572,544525.0,257647.0,0.113213,52.198119,35,3,2,1,29/03/2022,3,08:52,-1,E07000008,E10000003,E10000003,3,1134,1,40,0,0,-1,0,-1,0,0,0,1,1,-1,-1,-1,-1,1,3,2,E01017985,3,1,0.0,1.0
2022351188309,2022,351188309,544308.0,254243.0,0.108593,52.167593,35,3,2,1,12/06/2022,1,06:03,-1,E07000008,E10000003,E10000003,6,0,7,20,0,0,-1,0,-1,0,0,0,1,1,1,0,0,0,2,3,2,E01018003,3,1,0.0,1.0
2020350955396,2020,350955396,546515.0,257716.0,0.142366,52.198226,35,2,2,2,31/05/2020,1,19:58,390,E07000008,E10000003,E10000003,6,0,6,20,0,0,-1,0,-1,0,0,0,1,1,1,0,0,0,1,1,2,E01018000,6,1,1.0,0.0
2020350975361,2020,350975361,545129.0,257665.0,0.12208,52.198133,35,2,2,1,16/07/2020,5,12:23,390,E07000008,E10000003,E10000003,6,0,6,30,3,13,4,3,603,0,0,0,1,1,1,0,0,0,1,1,2,E01032797,7,1,1.0,0.0
2020350973772,2020,350973772,545115.0,257701.0,0.121891,52.19846,35,3,2,1,19/08/2020,4,11:30,390,E07000008,E10000003,E10000003,6,0,6,30,0,0,-1,0,-1,0,0,0,1,1,1,0,0,0,1,2,2,E01032797,3,1,0.0,1.0
2020350990550,2020,350990550,544282.0,259424.0,0.110446,52.214159,35,3,6,2,20/09/2020,1,16:20,390,E07000008,E10000003,E10000003,3,1307,3,30,3,13,2,3,1134,0,5,15,1,1,1,4,0,13,1,1,2,E01017957,3,1,0.0,1.0
2020350986119,2020,350986119,545759.0,260020.0,0.132304,52.219125,35,3,2,1,30/09/2020,4,17:45,390,E07000008,E10000003,E10000003,3,1134,1,30,1,0,4,3,1134,0,0,0,1,1,-1,0,0,0,1,2,2,E01018008,3,1,0.0,1.0
2020350944684,2020,350944684,544337.0,259111.0,0.111117,52.211333,35,3,1,1,27/03/2020,6,17:00,390,E07000008,E10000003,E10000003,3,1134,6,30,0,0,-1,0,-1,0,0,0,1,9,-1,0,0,0,1,2,2,E01017958,3,1,0.0,1.0
2020350955333,2020,350955333,539483.0,256256.0,0.038949,52.186929,35,3,2,1,18/05/2020,2,13:58,395,E07000012,E10000003,E10000003,4,1046,6,30,1,0,4,6,0,0,0,0,1,1,1,0,0,0,2,1,2,E01018232,3,1,0.0,1.0
2020350960865,2020,350960865,544370.0,260299.0,0.112106,52.221997,35,3,2,1,30/06/2020,3,09:24,390,E07000008,E10000003,E10000003,4,1049,6,30,6,16,2,6,0,0,5,15,1,1,1,0,0,0,1,2,2,E01017955,3,1,0.0,1.0
2021351030734,2021,351030734,536765.0,259959.0,0.000709,52.220881,35,3,1,3,10/01/2021,1,21:25,-1,E07000012,E10000003,E10000003,3,428,7,30,1,0,4,6,0,0,0,0,4,1,1,0,0,0,2,1,1,E01018223,3,1,0.0,1.0
2022351193830,2022,351193830,541325.0,261157.0,0.06789,52.230483,35,2,1,1,12/06/2022,1,15:53,-1,E07000012,E10000003,E10000003,1,11,7,60,0,0,-1,0,-1,0,0,0,1,1,1,0,0,0,2,1,1,E01018224,6,1,1.0,0.0
2022351239253,2022,351239253,551859.0,260303.0,0.221627,52.22001,35,3,1,1,20/10/2022,5,12:04,-1,E07000012,E10000003,E10000003,4,1102,6,30,0,0,-1,0,-1,0,0,0,1,2,2,0,0,0,2,1,2,E01018297,3,1,0.0,1.0
2022351251249,2022,351251249,546176.0,258413.0,0.137682,52.204566,35,3,2,1,02/12/2022,6,17:40,-1,E07000008,E10000003,E10000003,6,0,6,30,3,13,4,6,0,0,0,0,4,1,1,0,0,0,1,3,2,E01017989,3,1,0.0,1.0
2024351401581,2024,351401581,546654.0,261005.0,0.14579,52.22772,35,2,1,1,13/01/2024,7,00:17,-1,E07000008,E10000003,E10000003,3,1309,6,20,-1,0,-1,6,0,-1,-1,15,4,1,1,-1,-1,13,1,1,2,E01017976,5,1,1.0,0.0
2024351535073,2024,351535073,546787.0,255979.0,0.14556,52.18253,35,3,2,1,06/12/2024,6,21:00,-1,E07000008,E10000003,E10000003,6,0,6,30,-1,13,4,6,0,-1,-1,0,4,2,2,-1,-1,0,1,3,2,E01035520,3,1,0.0,1.0
2022351209642,2022,351209642,544377.0,258979.0,0.111617,52.210125,35,3,2,1,11/08/2022,5,16:56,-1,E07000008,E10000003,E10000003,3,1303,6,30,1,0,4,3,1134,0,0,0,1,1,1,0,0,0,1,1,2,E01017958,3,1,0.0,1.0
2023351378517,2023,351378517,539317.0,259527.0,0.037838,52.216349,35,3,2,1,15/11/2023,4,09:54,-1,E07000012,E10000003,E10000003,3,1303,1,40,1,0,4,3,428,0,0,0,1,8,2,0,0,0,2,1,2,E01018224,3,1,0.0,1.0
2024351432609,2024,351432609,547481.0,257791.0,0.15649,52.19863,35,3,2,2,03/04/2024,4,15:50,-1,E07000008,E10000003,E10000003,3,1134,6,30,-1,13,2,6,0,-1,-1,0,1,1,1,-1,-1,0,1,3,2,E01017999,3,1,0.0,1.0
2024351479603,2024,351479603,544142.0,253197.0,0.10572,52.15824,35,3,2,1,23/05/2024,5,17:43,-1,E07000012,E10000003,E10000003,1,11,3,70,-1,0,-1,1,11,-1,-1,0,1,1,1,-1,-1,0,2,1,1,E01018292,3,1,0.0,1.0
2024351455682,2024,351455682,545032.0,259362.0,0.12136,52.21339,35,3,2,1,10/06/2024,2,14:45,-1,E07000008,E10000003,E10000003,3,1303,6,30,-1,0,-1,6,0,-1,-1,-1,1,1,1,-1,-1,0,1,3,2,E01018009,3,1,0.0,1.0
2021351063821,2021,351063821,545195.0,253877.0,0.121425,52.164083,35,2,2,1,18/04/2021,1,09:12,-1,E07000012,E10000003,E10000003,3,1301,6,30,3,13,4,6,0,0,0,0,1,1,1,0,0,0,1,1,2,E01018292,7,1,1.0,0.0
2021351075516,2021,351075516,546054.0,259343.0,0.136328,52.212965,35,3,2,1,03/08/2021,3,16:40,-1,E07000008,E10000003,E10000003,3,1134,3,30,0,0,-1,0,-1,0,0,0,1,1,1,0,0,0,1,1,2,E01018010,3,1,0.0,1.0
2023351309227,2023,351309227,547500.0,263281.0,0.159164,52.247947,35,2,2,4,06/04/2023,5,10:36,-1,E07000012,E10000003,E10000003,3,10,6,50,0,0,-1,0,-1,0,0,0,1,1,2,0,0,0,2,1,2,E01018272,6,1,1.0,0.0
2023351314170,2023,351314170,546964.0,258615.0,0.149293,52.206171,35,3,2,1,31/05/2023,4,17:30,-1,E07000008,E10000003,E10000003,6,0,6,20,3,13,4,6,0,0,5,15,1,1,-1,-1,-1,-1,1,3,2,E01017997,3,1,0.0,1.0
2024351403673,2024,351403673,547424.0,257513.0,0.15554,52.19615,35,2,2,1,24/01/2024,4,19:40,-1,E07000008,E10000003,E10000003,6,0,6,30,-1,16,2,6,0,-1,-1,15,4,1,1,-1,-1,0,1,3,2,E01017999,7,1,1.0,0.0
2024351542803,2024,351542803,545684.0,255627.0,0.12929,52.17966,35,3,1,1,11/12/2024,4,14:47,-1,E07000008,E10000003,E10000003,3,1134,6,30,-1,0,-1,-1,-1,-1,-1,0,1,1,1,-1,-1,0,2,3,2,E01035527,3,1,0.0,1.0
2020350927887,2020,350927887,545561.0,257900.0,0.128497,52.200131,35,3,2,1,06/02/2020,5,16:00,390,E07000008,E10000003,E10000003,3,603,6,30,0,0,-1,0,-1,0,4,14,1,1,1,0,0,0,1,2,2,E01018005,3,1,0.0,1.0
2021351108725,2021,351108725,547911.0,254161.0,0.161227,52.165914,35,3,2,1,13/10/2021,4,17:30,-1,E07000012,E10000003,E10000003,6,0,1,40,1,0,4,3,1307,0,8,17,1,1,1,0,0,0,2,1,2,E01018292,3,1,0.0,1.0
2022351231571,2022,351231571,545697.0,258201.0,0.130587,52.202788,35,2,2,1,14/10/2022,6,15:20,-1,E07000008,E10000003,E10000003,6,0,6,20,0,0,-1,0,-1,0,-1,0,1,1,-1,-1,-1,-1,1,3,2,E01032797,7,1,1.0,0.0
2022351272833,2022,351272833,545857.0,258374.0,0.133001,52.2043,35,3,2,1,28/11/2022,2,12:35,-1,E07000008,E10000003,E10000003,3,603,6,30,3,13,4,6,0,0,0,0,1,1,1,0,0,0,1,1,2,E01032797,3,1,0.0,1.0
2023351364700,2023,351364700,545177.0,259409.0,0.123501,52.213778,35,3,2,1,14/10/2023,7,12:55,-1,E07000008,E10000003,E10000003,3,1303,6,30,3,13,2,3,1303,0,0,0,1,1,-1,-1,-1,-1,1,3,2,E01018009,3,1,0.0,1.0
2022351131186,2022,351131186,545900.0,258442.0,0.133659,52.204899,35,2,1,1,07/01/2022,6,23:02,-1,E07000008,E10000003,E10000003,3,603,6,30,0,0,-1,0,-1,0,0,0,4,1,2,0,0,0,1,1,2,E01032797,7,1,1.0,0.0
2023351346798,2023,351346798,547534.0,261929.0,0.159072,52.235792,35,2,1,1,10/08/2023,5,20:25,-1,E07000008,E10000003,E10000003,3,14,3,70,0,0,-1,0,-1,0,0,0,1,1,1,0,0,0,2,1,1,E01017971,7,1,1.0,0.0
2024351430745,2024,351430745,544602.0,259063.0,0.11494,52.21082,35,3,2,1,05/01/2024,6,07:49,-1,E07000008,E10000003,E10000003,6,0,6,30,-1,16,2,3,1303,-1,-1,14,1,2,2,-1,-1,0,1,1,2,E01017950,3,1,0.0,1.0
2024351504928,2024,351504928,544840.0,258819.0,0.11832,52.20856,35,3,1,2,01/10/2024,3,19:24,-1,E07000008,E10000003,E10000003,6,0,6,30,-1,13,4,6,0,-1,-1,0,4,2,2,-1,-1,0,1,1,2,E01035515,3,1,0.0,1.0
2024351550265,2024,351550265,545071.0,256361.0,0.12065,52.18642,35,2,2,1,31/12/2024,3,19:10,-1,E07000008,E10000003,E10000003,3,1134,6,30,-1,13,4,6,0,-1,-1,0,4,1,1,-1,-1,0,1,1,2,E01032794,7,1,1.0,0.0
2020350926172,2020,350926172,544576.0,255261.0,0.112971,52.17668,35,3,2,1,24/01/2020,6,17:40,390,E07000008,E10000003,E10000003,3,1309,6,30,8,18,-1,6,0,0,0,0,4,1,1,0,0,0,1,2,2,E01018002,3,1,0.0,1.0
2020350935617,2020,350935617,546310.0,258890.0,0.139876,52.208828,35,3,2,1,01/03/2020,1,08:20,390,E07000008,E10000003,E10000003,3,1134,3,30,0,0,-1,0,-1,0,0,0,1,4,1,0,0,0,1,2,2,E01017943,3,1,0.0,1.0
2020351001892,2020,351001892,546804.0,260743.0,0.147904,52.225344,35,2,1,1,02/03/2020,2,15:09,390,E07000008,E10000003,E10000003,6,0,6,30,0,0,-1,0,-1,0,1,13,1,1,1,0,0,0,1,1,2,E01017971,6,1,1.0,0.0
2020350966724,2020,350966724,542903.0,260475.0,0.090719,52.22396,35,3,2,1,23/07/2020,5,08:45,395,E07000012,E10000003,E10000003,6,0,6,30,9,19,4,3,1307,0,0,0,1,1,1,0,0,0,1,2,2,E01018248,3,1,0.0,1.0
2020351008280,2020,351008280,548218.0,256259.0,0.166628,52.184681,35,2,2,1,24/11/2020,3,08:20,390,E07000008,E10000003,E10000003,6,0,6,30,3,13,4,6,0,0,0,0,1,1,1,0,0,0,1,1,2,E01017961,6,1,1.0,0.0
2021351068876,2021,351068876,546249.0,259467.0,0.139233,52.214028,35,3,2,2,12/07/2021,2,02:41,-1,E07000008,E10000003,E10000003,6,0,6,20,0,0,-1,0,-1,0,0,0,4,2,2,0,0,0,1,1,2,E01032792,3,1,0.0,1.0
2021351097679,2021,351097679,546812.0,255297.0,0.145662,52.176414,35,1,2,1,07/10/2021,5,07:57,-1,E07000008,E10000003,E10000003,3,1307,1,30,1,0,4,3,1307,0,4,14,1,1,1,0,0,0,1,1,2,E01017993,1,1,0.0,0.0
2021351104760,2021,351104760,544572.0,259093.0,0.114546,52.211109,35,2,2,1,30/10/2021,7,12:15,-1,E07000008,E10000003,E10000003,6,0,6,30,0,0,-1,0,-1,-1,5,15,1,1,1,0,0,0,1,3,2,E01017950,7,1,1.0,0.0
2022351171048,2022,351171048,542850.0,260528.0,0.089938,52.224439,35,3,2,1,13/04/2022,4,10:10,-1,E07000012,E10000003,E10000003,3,1307,6,30,8,18,4,6,0,0,0,0,1,1,1,0,0,0,1,1,2,E01018248,3,1,0.0,1.0
2022351190517,2022,351190517,546922.0,257605.0,0.148241,52.197108,35,2,2,1,09/06/2022,5,17:30,-1,E07000008,E10000003,E10000003,6,0,6,20,3,13,4,6,0,0,0,0,1,1,1,4,0,13,1,2,2,E01018000,7,1,1.0,0.0
2022351203015,2022,351203015,533554.0,259945.0,-0.046299,52.221531,35,2,2,6,09/07/2022,7,15:49,-1,E07000012,E10000003,E10000003,6,0,6,40,0,0,-1,0,-1,0,0,0,1,1,1,0,0,0,2,1,2,E01018277,6,1,1.0,0.0
2022351231962,2022,351231962,546304.0,257815.0,0.139296,52.199159,35,2,1,1,09/10/2022,1,21:10,-1,E07000008,E10000003,E10000003,6,0,6,30,6,16,4,6,0,0,0,0,4,1,1,0,0,0,1,3,2,E01017987,7,1,1.0,0.0
2022351241171,2022,351241171,541091.0,255295.0,0.062026,52.177876,35,3,2,1,07/11/2022,2,08:15,-1,E07000012,E10000003,E10000003,6,0,9,20,0,0,-1,0,-1,0,0,0,1,2,2,0,0,0,2,3,2,E01018224,3,1,0.0,1.0
2022351266887,2022,351266887,553434.0,254362.0,0.241976,52.166203,35,2,2,1,15/12/2022,5,17:03,-1,E07000012,E10000003,E10000003,6,0,6,50,3,13,4,6,0,0,0,0,7,2,3,0,0,0,2,1,2,E01018244,6,1,1.0,0.0
2023351316351,2023,351316351,547758.0,259014.0,0.161077,52.209544,35,3,1,1,26/05/2023,6,16:16,-1,E07000008,E10000003,E10000003,6,0,6,20,0,0,-1,0,-1,0,0,0,1,1,1,0,0,0,1,1,2,E01017947,3,1,0.0,1.0
2024351398371,2024,351398371,543989.0,258302.0,0.10565,52.20414,35,3,2,1,13/01/2024,7,12:52,-1,E07000008,E10000003,E10000003,6,0,6,20,-1,13,4,6,0,-1,-1,0,1,1,1,-1,-1,0,1,3,2,E01035516,3,1,0.0,1.0
2024351451977,2024,351451977,542111.0,255803.0,0.07715,52.18218,35,3,2,1,30/05/2024,5,12:47,-1,E07000012,E10000003,E10000003,1,11,3,70,-1,0,-1,-1,-1,-1,-1,0,1,1,1,-1,-1,0,2,1,1,E01018225,3,1,0.0,1.0
2024351510976,2024,351510976,547789.0,263364.0,0.16343,52.24861,35,3,2,1,02/10/2024,4,14:56,-1,E07000012,E10000003,E10000003,6,0,6,50,-1,16,4,6,0,-1,-1,0,1,1,1,-1,-1,0,1,1,2,E01018272,3,1,0.0,1.0
2021351105993,2021,351105993,545976.0,258532.0,0.134837,52.2057,35,3,2,1,22/10/2021,6,19:00,-1,E07000008,E10000003,E10000003,3,603,3,30,3,13,4,6,0,0,0,0,4,1,1,0,0,0,1,1,2,E01017991,3,1,0.0,1.0
2023351311382,2023,351311382,545634.0,258628.0,0.129849,52.206641,35,3,1,2,18/05/2023,5,14:59,-1,E07000008,E10000003,E10000003,6,0,2,20,0,0,-1,0,-1,0,0,0,1,1,1,0,0,0,1,1,2,E01017983,3,1,0.0,1.0
2021351063101,2021,351063101,553952.0,253168.0,0.249031,52.155343,35,3,2,1,04/07/2021,1,14:20,-1,E07000012,E10000003,E10000003,3,11,3,70,0,0,-1,0,-1,0,0,0,1,1,1,0,0,0,2,1,1,E01018219,3,1,0.0,1.0
2023351366343,2023,351366343,541280.0,259393.0,0.066496,52.214646,35,3,2,1,14/09/2023,5,09:55,-1,E07000012,E10000003,E10000003,6,0,6,40,6,16,4,3,1303,0,0,0,1,1,1,0,0,0,2,1,2,E01018224,3,1,0.0,1.0
2020350965549,2020,350965549,546073.0,258658.0,0.13631,52.206806,35,3,3,2,18/07/2020,7,10:40,390,E07000008,E10000003,E10000003,3,603,3,30,3,13,2,6,0,0,5,15,1,8,1,0,0,0,1,1,2,E01017989,3,1,0.0,1.0
2023351270922,2023,351270922,544072.0,263036.0,0.108883,52.246653,35,2,1,1,09/01/2023,2,18:08,-1,E07000012,E10000003,E10000003,6,0,6,30,0,0,-1,0,-1,0,0,0,7,1,1,0,0,0,1,3,2,E01018260,7,1,1.0,0.0
2024351404862,2024,351404862,544311.0,261796.0,0.11185,52.23545,35,3,2,1,25/01/2024,5,17:40,-1,E07000012,E10000003,E10000003,3,14,7,20,-1,-1,2,4,1049,-1,-1,0,4,1,1,-1,-1,0,2,3,1,E01033120,3,1,0.0,1.0
2024351438217,2024,351438217,544568.0,255013.0,0.11272,52.17444,35,3,1,2,18/04/2024,5,14:33,-1,E07000008,E10000003,E10000003,3,1309,6,30,-1,18,4,6,0,-1,-1,0,1,1,1,-1,-1,0,1,1,2,E01035526,3,1,0.0,1.0
2024351534060,2024,351534060,547674.0,257966.0,0.15939,52.20015,35,3,2,1,07/12/2024,7,21:22,-1,E07000008,E10000003,E10000003,6,0,6,30,-1,13,4,3,1134,-1,-1,0,4,2,2,-1,-1,11,1,1,2,E01017999,3,1,0.0,1.0
2020351020592,2020,351020592,545235.0,256829.0,0.123272,52.190595,35,3,2,1,22/12/2020,3,12:20,390,E07000008,E10000003,E10000003,6,0,6,30,3,13,4,3,1134,0,0,0,1,1,2,0,0,0,1,1,2,E01032794,3,1,0.0,1.0
2021351022446,2021,351022446,538099.0,259554.0,0.02006,52.21691,35,3,2,1,06/02/2021,7,11:06,-1,E07000012,E10000003,E10000003,3,428,3,70,0,0,-1,0,-1,0,0,0,1,1,2,0,0,0,2,1,1,E01018224,3,1,0.0,1.0
2022351248791,2022,351248791,545754.0,258169.0,0.131407,52.202485,35,3,2,1,15/11/2022,3,22:55,-1,E07000008,E10000003,E10000003,6,0,7,30,0,0,-1,0,-1,0,0,0,4,1,1,0,-1,0,1,3,2,E01017991,3,1,0.0,1.0
2023351271054,2023,351271054,549487.0,256396.0,0.185208,52.185558,35,3,2,1,25/01/2023,4,10:30,-1,E07000012,E10000003,E10000003,6,0,6,30,0,0,-1,0,-1,0,4,14,1,7,2,0,0,0,1,3,2,E01018243,3,1,0.0,1.0
2023351273282,2023,351273282,544327.0,261813.0,0.112094,52.235599,35,3,2,2,03/02/2023,6,11:18,-1,E07000012,E10000003,E10000003,4,1049,1,60,1,0,2,3,14,0,0,0,1,1,1,0,0,0,2,3,2,E01033121,3,1,0.0,1.0
2023351358871,2023,351358871,547026.0,255638.0,0.148909,52.179409,35,3,2,1,28/09/2023,5,14:27,-1,E07000008,E10000003,E10000003,6,0,1,30,1,0,4,3,1134,0,0,0,1,1,1,0,0,0,1,3,2,E01017992,3,1,0.0,1.0
2021351042236,2021,351042236,546897.0,257801.0,0.147988,52.198888,35,3,2,1,22/03/2021,2,17:19,-1,E07000008,E10000003,E10000003,6,0,2,20,6,16,4,6,0,0,0,0,1,1,1,0,0,0,1,1,2,E01017997,3,1,0.0,1.0
2021351134382,2021,351134382,545001.0,261531.0,0.121864,52.2329,35,2,2,1,09/11/2021,3,17:46,-1,E07000012,E10000003,E10000003,6,0,9,30,0,0,-1,0,-1,0,0,0,4,1,1,0,0,0,1,1,2,E01033121,5,1,1.0,0.0
2022351185880,2022,351185880,543444.0,253892.0,0.095821,52.164664,35,1,1,1,08/04/2022,6,20:30,-1,E07000012,E10000003,E10000003,1,11,3,70,0,0,-1,0,-1,0,0,0,6,1,1,0,0,0,2,1,1,E01018256,1,1,0.0,0.0
2023351282374,2023,351282374,545030.0,258501.0,0.120962,52.205659,35,3,2,1,23/02/2023,5,11:00,-1,E07000008,E10000003,E10000003,6,0,6,30,0,0,-1,0,-1,0,0,0,1,1,2,0,0,0,1,3,2,E01032797,3,1,0.0,1.0
2023351291993,2023,351291993,548018.0,254692.0,0.162994,52.170645,35,3,2,1,18/03/2023,7,14:27,-1,E07000012,E10000003,E10000003,6,0,6,60,0,0,-1,0,-1,0,0,0,1,1,1,0,0,0,2,1,2,E01018292,3,1,0.0,1.0
2023351339568,2023,351339568,548749.0,257263.0,0.174801,52.193547,35,3,2,1,20/07/2023,5,13:53,-1,E07000008,E10000003,E10000003,6,0,6,20,8,18,4,6,0,0,0,0,1,1,1,0,0,0,1,1,2,E01017962,3,1,0.0,1.0
2024351488861,2024,351488861,544760.0,261828.0,0.11844,52.23562,35,3,3,2,12/08/2024,2,12:22,-1,E07000012,E10000003,E10000003,3,14,3,70,-1,0,-1,4,1049,-1,-1,0,1,1,1,-1,-1,0,2,1,1,E01018259,3,1,0.0,1.0
2020350927669,2020,350927669,547862.0,259318.0,0.162759,52.212259,35,3,2,1,28/01/2020,3,07:00,390,E07000008,E10000003,E10000003,3,1134,1,30,1,0,4,3,1134,0,0,0,1,1,-1,0,0,0,1,2,2,E01017946,3,1,0.0,1.0
2022351171092,2022,351171092,546082.0,257515.0,0.135921,52.196523,35,3,2,1,21/04/2022,5,16:10,-1,E07000008,E10000003,E10000003,6,0,6,20,0,0,-1,0,-1,0,0,0,1,1,1,0,0,0,1,3,2,E01017987,3,1,0.0,1.0
2022351195296,2022,351195296,547540.0,258000.0,0.157448,52.200492,35,3,2,1,24/04/2022,1,19:53,-1,E07000008,E10000003,E10000003,3,1134,1,30,1,0,4,3,1134,0,0,0,1,1,1,0,0,0,1,1,2,E01017997,3,1,0.0,1.0
2022351251387,2022,351251387,544371.0,258468.0,0.111311,52.205535,35,3,2,1,04/12/2022,1,16:15,-1,E07000008,E10000003,E10000003,3,1134,6,30,0,0,-1,0,-1,0,5,15,1,1,-1,-1,-1,-1,1,3,2,E01017986,3,1,0.0,1.0
2023351277542,2023,351277542,546223.0,258853.0,0.138559,52.208506,35,3,2,1,02/02/2023,5,10:45,-1,E07000008,E10000003,E10000003,3,1134,3,30,0,0,-1,0,-1,0,5,15,1,1,1,0,0,0,1,3,2,E01017943,3,1,0.0,1.0
2023351280912,2023,351280912,545527.0,257867.0,0.127958,52.199832,35,3,2,1,18/02/2023,7,12:35,-1,E07000008,E10000003,E10000003,3,603,6,30,3,13,4,6,0,0,0,0,1,1,1,0,0,0,1,3,2,E01032797,3,1,0.0,1.0
2020350938102,2020,350938102,544867.0,261415.0,0.119854,52.231893,35,3,2,1,06/03/2020,6,22:00,395,E07000012,E10000003,E10000003,6,0,3,30,0,0,-1,0,-1,0,0,0,4,1,1,0,0,0,1,2,2,E01033121,3,1,0.0,1.0
2021351070571,2021,351070571,545518.0,253438.0,0.125956,52.160054,35,3,2,2,18/06/2021,6,14:26,-1,E07000012,E10000003,E10000003,3,1301,6,60,3,13,4,6,0,0,0,0,1,2,2,0,0,0,1,1,2,E01018292,3,1,0.0,1.0
2022351246298,2022,351246298,537398.0,259699.0,0.009837,52.218376,35,3,1,1,18/11/2022,6,21:20,-1,E07000012,E10000003,E10000003,3,428,3,70,0,0,-1,0,-1,0,0,0,1,1,1,0,0,0,2,1,1,E01018223,3,1,0.0,1.0
2021351018227,2021,351018227,548275.0,259706.0,0.168969,52.215633,35,2,2,2,31/01/2021,1,12:53,-1,E07000008,E10000003,E10000003,4,1047,6,30,3,13,4,6,0,0,4,14,1,1,1,0,0,0,1,2,2,E01017948,7,1,1.0,0.0
2021351065141,2021,351065141,545299.0,259535.0,0.125368,52.214889,35,2,2,2,10/07/2021,7,12:45,-1,E07000008,E10000003,E10000003,3,1134,6,30,0,0,-1,0,-1,0,1,13,1,1,1,0,0,0,1,2,2,E01018009,7,1,1.0,0.0
2023351365859,2023,351365859,544255.0,260104.0,0.110312,52.220264,35,3,1,1,12/10/2023,5,14:31,-1,E07000008,E10000003,E10000003,6,0,6,20,0,0,-1,0,-1,0,0,0,1,1,1,0,0,0,1,1,2,E01017955,3,1,0.0,1.0
2023351379948,2023,351379948,547471.0,262402.0,0.158356,52.240058,35,3,1,1,25/11/2023,7,10:50,-1,E07000012,E10000003,E10000003,6,0,6,30,3,13,4,6,0,0,0,0,1,1,1,0,0,0,1,1,2,E01018273,3,1,0.0,1.0
2023351387807,2023,351387807,545713.0,257798.0,0.130648,52.199163,35,3,2,1,12/12/2023,3,19:40,-1,E07000008,E10000003,E10000003,6,0,6,20,3,13,4,6,0,0,0,0,4,2,-1,-1,-1,-1,1,3,2,E01018005,3,1,0.0,1.0
2024351471192,2024,351471192,546442.0,255908.0,0.14049,52.18199,35,3,2,1,17/07/2024,4,08:57,-1,E07000008,E10000003,E10000003,3,1307,6,30,-1,13,4,6,0,-1,-1,14,1,1,1,-1,-1,0,1,1,2,E01035520,3,1,0.0,1.0
2024351487662,2024,351487662,544366.0,258483.0,0.11124,52.20567,35,3,2,1,03/09/2024,3,14:42,-1,E07000008,E10000003,E10000003,3,1134,6,20,-1,0,-1,6,0,-1,-1,14,1,2,-1,-1,-1,99,1,3,2,E01035516,3,1,0.0,1.0
2020350950522,2020,350950522,544805.0,255710.0,0.116509,52.180654,35,3,1,2,15/03/2020,1,19:00,390,E07000008,E10000003,E10000003,3,1134,6,40,3,13,2,3,1309,0,5,15,4,1,2,0,0,0,1,1,2,E01032794,3,1,0.0,1.0
2021351022215,2021,351022215,544385.0,258975.0,0.111761,52.210098,35,2,2,1,04/02/2021,5,12:00,-1,E07000008,E10000003,E10000003,3,1303,6,30,1,0,4,3,1134,0,0,0,1,1,1,0,0,0,1,1,2,E01017958,6,1,1.0,0.0
2021351059231,2021,351059231,546063.0,259206.0,0.1364,52.211732,35,3,2,1,16/06/2021,4,17:20,-1,E07000008,E10000003,E10000003,3,1134,3,30,0,0,-1,0,-1,0,0,0,1,1,1,0,0,0,1,2,2,E01018010,3,1,0.0,1.0
2022351140977,2022,351140977,547791.0,256349.0,0.160398,52.185593,35,3,2,1,13/01/2022,5,16:15,-1,E07000008,E10000003,E10000003,6,0,6,30,0,0,-1,0,-1,-1,-1,-1,1,1,1,-1,-1,-1,1,3,2,E01017961,3,1,0.0,1.0
2022351194016,2022,351194016,544306.0,252966.0,0.108022,52.15612,35,3,3,2,09/06/2022,5,15:30,-1,E07000012,E10000003,E10000003,1,11,3,70,0,0,-1,0,-1,0,0,0,1,1,1,0,0,0,2,1,1,E01018292,3,1,0.0,1.0
2023351377550,2023,351377550,549199.0,253216.0,0.179601,52.157067,35,2,2,1,10/11/2023,6,11:49,-1,E07000012,E10000003,E10000003,3,1307,6,60,8,18,-1,6,0,0,0,0,1,1,1,0,0,0,2,1,2,E01018295,6,1,1.0,0.0
2023351381230,2023,351381230,545446.0,259060.0,0.127285,52.210571,35,3,2,2,20/11/2023,2,19:20,-1,E07000008,E10000003,E10000003,6,0,6,30,0,0,-1,0,-1,0,4,14,4,2,2,0,0,0,1,1,2,E01032797,3,1,0.0,1.0
2024351412398,2024,351412398,547015.0,255607.0,0.14873,52.17913,35,3,2,1,17/02/2024,7,23:11,-1,E07000008,E10000003,E10000003,3,1307,1,20,-1,-1,-1,3,1307,-1,-1,13,4,2,-1,-1,-1,99,1,3,2,E01035521,3,1,0.0,1.0
2024351430716,2024,351430716,544796.0,255732.0,0.11636,52.18084,35,3,1,1,02/04/2024,3,08:40,-1,E07000008,E10000003,E10000003,3,1134,3,30,-1,13,4,3,113,-1,-1,15,1,2,2,-1,-1,0,2,1,2,E01032794,3,1,0.0,1.0
2024351463068,2024,351463068,547251.0,254727.0,0.1518,52.17116,35,3,2,1,30/06/2024,1,08:40,-1,E07000008,E10000003,E10000003,3,1307,6,30,-1,13,4,6,0,-1,-1,0,1,1,2,-1,-1,-1,2,3,2,E01017995,3,1,0.0,1.0
2021351072523,2021,351072523,549087.0,259221.0,0.180632,52.211057,35,2,2,2,02/07/2021,6,15:50,-1,E07000012,E10000003,E10000003,3,1303,6,40,9,19,-1,6,0,0,0,0,1,1,1,4,0,13,1,1,2,E01018297,7,1,1.0,0.0
2021351108112,2021,351108112,546300.0,257795.0,0.139257,52.198992,35,3,2,1,22/08/2021,1,17:30,-1,E07000008,E10000003,E10000003,6,0,6,30,3,13,4,6,0,0,0,0,1,1,1,0,0,0,1,1,2,E01017987,3,1,0.0,1.0
2023351301191,2023,351301191,544563.0,254671.0,0.112501,52.171372,35,3,2,1,19/04/2023,4,16:10,-1,E07000008,E10000003,E10000003,3,1309,3,30,6,16,2,3,1301,0,5,15,1,1,1,0,0,0,1,1,2,E01018002,3,1,0.0,1.0
2023351325835,2023,351325835,544897.0,254292.0,0.11722,52.167879,35,3,2,1,30/06/2023,6,19:40,-1,E07000008,E10000003,E10000003,3,1301,6,30,3,13,4,6,0,-1,-1,-1,1,1,-1,-1,-1,-1,1,3,2,E01018003,3,1,0.0,1.0
2024351413184,2024,351413184,545140.0,257596.0,0.12218,52.1975,35,3,2,1,22/02/2024,5,17:50,-1,E07000008,E10000003,E10000003,3,603,1,30,-1,-1,4,3,1134,-1,-1,0,4,8,2,-1,-1,0,1,3,2,E01018005,3,1,0.0,1.0
2024351443246,2024,351443246,545913.0,259781.0,0.13443,52.21692,35,3,2,1,14/05/2024,3,15:05,-1,E07000008,E10000003,E10000003,3,1134,1,30,-1,-1,-1,6,0,-1,-1,0,1,1,-1,-1,-1,99,1,3,2,E01017973,3,1,0.0,1.0
2020350952888,2020,350952888,549143.0,259238.0,0.181459,52.211195,35,3,2,1,22/05/2020,6,12:10,395,E07000012,E10000003,E10000003,6,0,6,40,3,13,4,3,1303,0,0,0,1,1,1,0,0,0,1,2,2,E01018297,3,1,0.0,1.0
2020351007969,2020,351007969,547167.0,259450.0,0.152652,52.213631,35,2,2,1,10/12/2020,5,20:57,390,E07000008,E10000003,E10000003,3,1134,6,30,0,0,-1,0,-1,0,0,0,4,1,1,0,0,0,1,1,2,E01017945,7,1,1.0,0.0
2021351039050,2021,351039050,544573.0,254699.0,0.112687,52.171631,35,2,2,1,09/04/2021,6,16:45,-1,E07000008,E10000003,E10000003,3,1309,3,30,3,13,2,3,1301,0,0,0,1,1,1,0,0,0,1,1,2,E01018003,6,1,1.0,0.0
2022351143686,2022,351143686,547190.0,256739.0,0.151783,52.189257,35,3,2,1,31/01/2022,2,09:25,-1,E07000008,E10000003,E10000003,6,0,6,30,8,18,4,6,0,0,0,0,1,1,2,0,0,0,1,1,2,E01017965,3,1,0.0,1.0
2022351176879,2022,351176879,547347.0,262151.0,0.156432,52.237836,35,3,2,1,11/05/2022,4,16:00,-1,E07000012,E10000003,E10000003,6,0,1,30,1,0,4,6,0,0,0,0,1,2,2,0,0,0,2,3,2,E01018274,3,1,0.0,1.0
2023351364498,2023,351364498,544951.0,254219.0,0.117978,52.167209,35,3,2,1,09/10/2023,2,13:15,-1,E07000008,E10000003,E10000003,3,1301,3,30,6,16,2,6,0,0,0,0,1,1,-1,-1,-1,-1,1,3,2,E01018003,3,1,0.0,1.0
2024351531120,2024,351531120,543800.0,259801.0,0.10353,52.21766,35,3,2,1,11/09/2024,4,08:35,-1,E07000008,E10000003,E10000003,3,1307,3,30,-1,13,4,6,0,-1,-1,13,1,1,1,-1,-1,0,1,1,2,E01035513,3,1,0.0,1.0
2020350977946,2020,350977946,549946.0,252519.0,0.190234,52.150614,35,2,2,1,02/09/2020,4,09:17,395,E07000012,E10000003,E10000003,3,1307,6,50,3,13,4,6,0,0,0,0,1,1,1,0,0,0,2,1,2,E01018289,5,1,1.0,0.0
2020350981887,2020,350981887,544936.0,258525.0,0.119626,52.205911,35,3,1,1,14/09/2020,2,15:00,390,E07000008,E10000003,E10000003,6,0,6,20,0,0,-1,0,-1,0,0,0,1,1,1,0,6,19,1,1,2,E01032797,3,1,0.0,1.0
2021351044911,2021,351044911,546097.0,255405.0,0.13526,52.177573,35,2,2,2,19/03/2021,6,08:00,-1,E07000008,E10000003,E10000003,6,0,6,20,3,13,4,6,0,0,0,0,1,1,1,0,0,0,2,1,2,E01017995,7,1,1.0,0.0
2022351224919,2022,351224919,544329.0,260962.0,0.11176,52.227953,35,3,2,1,21/09/2022,4,08:30,-1,E07000008,E10000003,E10000003,4,1049,6,30,0,0,-1,0,-1,0,0,0,1,1,1,0,0,0,1,3,2,E01017951,3,1,0.0,1.0
2023351319447,2023,351319447,544426.0,261816.0,0.113544,52.2356,35,3,1,1,07/06/2023,4,23:03,-1,E07000012,E10000003,E10000003,3,14,7,70,5,0,4,4,1049,0,0,0,4,1,1,0,0,0,2,1,1,E01018259,3,1,0.0,1.0
2023351383331,2023,351383331,549433.0,262727.0,0.187211,52.242449,35,2,2,1,23/11/2023,5,05:01,-1,E07000012,E10000003,E10000003,6,0,6,30,0,0,-1,0,-1,0,0,0,7,1,1,0,0,0,2,1,2,E01018297,7,1,1.0,0.0
2024351472104,2024,351472104,543232.0,255658.0,0.09347,52.18058,35,3,2,1,24/07/2024,4,17:50,-1,E07000012,E10000003,E10000003,6,0,6,30,-1,0,-1,-1,-1,-1,-1,0,1,1,1,-1,-1,0,2,3,2,E01018225,3,1,0.0,1.0
2020350933530,2020,350933530,545067.0,254074.0,0.119639,52.165887,35,3,2,1,09/01/2020,5,07:46,390,E07000008,E10000003,E10000003,3,1301,6,30,0,0,-1,0,-1,0,0,0,1,1,1,0,0,0,1,1,2,E01018003,3,1,0.0,1.0
2020350931198,2020,350931198,545953.0,257026.0,0.133853,52.192175,35,3,1,3,17/02/2020,2,17:40,390,E07000008,E10000003,E10000003,3,1307,6,30,9,19,2,6,0,2,5,12,4,1,1,0,0,0,1,2,2,E01032795,3,1,0.0,1.0
2020350972183,2020,350972183,549523.0,258817.0,0.18683,52.20731,35,3,1,1,29/05/2020,6,07:25,395,E07000012,E10000003,E10000003,6,0,6,60,3,13,4,6,0,0,0,0,1,1,1,0,0,0,2,1,2,E01018286,3,1,0.0,1.0
2021351073651,2021,351073651,548929.0,261183.0,0.179185,52.228726,35,3,1,2,15/07/2021,5,21:05,-1,E07000012,E10000003,E10000003,3,14,7,60,5,0,4,4,1047,0,0,0,1,1,1,0,0,0,2,1,1,E01018297,3,1,0.0,1.0
2021351095378,2021,351095378,541945.0,261233.0,0.077021,52.231018,35,3,2,1,05/10/2021,3,08:25,-1,E07000012,E10000003,E10000003,3,1307,3,30,0,0,-1,0,-1,0,0,0,1,1,-1,-1,-1,-1,2,3,2,E01018248,3,1,0.0,1.0
2022351181859,2022,351181859,545981.0,259634.0,0.135357,52.215587,35,3,1,1,21/05/2022,7,10:40,-1,E07000008,E10000003,E10000003,3,1134,6,30,0,0,-1,0,-1,0,0,0,1,1,1,0,0,0,1,3,2,E01018008,3,1,0.0,1.0
2023351301518,2023,351301518,544081.0,259066.0,0.107325,52.210984,35,3,2,1,18/04/2023,3,17:40,-1,E07000008,E10000003,E10000003,3,1303,6,30,0,0,-1,0,-1,0,0,0,1,1,-1,-1,-1,-1,1,3,2,E01017986,3,1,0.0,1.0
2023351356026,2023,351356026,539612.0,263053.0,0.043608,52.247955,35,3,3,1,17/08/2023,5,07:35,-1,E07000012,E10000003,E10000003,3,14,3,70,0,0,-1,0,-1,0,0,0,1,1,1,0,0,0,2,1,1,E01018237,3,1,0.0,1.0
2020350968305,2020,350968305,551498.0,259822.0,0.21616,52.2158,35,2,1,1,25/07/2020,7,17:53,395,E07000012,E10000003,E10000003,6,0,6,30,0,0,-1,0,-1,0,0,0,1,2,2,0,0,0,2,1,2,E01018297,7,1,1.0,0.0
2022351130929,2022,351130929,547497.0,257768.0,0.156718,52.198419,35,3,2,1,05/01/2022,4,11:30,-1,E07000008,E10000003,E10000003,6,0,6,30,0,0,-1,0,-1,0,0,0,1,1,1,0,0,0,1,3,2,E01017999,3,1,0.0,1.0
2022351186141,2022,351186141,547456.0,257498.0,0.156001,52.196005,35,2,1,1,26/01/2022,4,10:39,-1,E07000008,E10000003,E10000003,3,1134,6,30,0,0,-1,0,-1,0,1,13,1,1,1,0,0,0,1,1,2,E01017999,5,1,1.0,0.0
2023351337418,2023,351337418,545324.0,254768.0,0.123662,52.172043,35,3,1,1,29/07/2023,7,15:49,-1,E07000008,E10000003,E10000003,6,0,6,30,0,0,-1,0,-1,0,0,0,1,1,1,0,0,0,2,1,2,E01018003,3,1,0.0,1.0
2024351491022,2024,351491022,535518.0,259647.0,-0.01769,52.21837,35,3,2,1,23/07/2024,3,08:46,-1,E07000012,E10000003,E10000003,6,0,6,60,-1,0,-1,6,0,-1,-1,0,1,1,1,-1,-1,0,2,1,2,E01018231,3,1,0.0,1.0
2020350950098,2020,350950098,545269.0,259827.0,0.125054,52.217521,35,3,1,1,02/03/2020,2,08:50,390,E07000008,E10000003,E10000003,6,0,6,30,3,13,4,6,0,0,0,0,1,9,1,0,0,0,1,2,2,E01018007,3,1,0.0,1.0
2022351234423,2022,351234423,546081.0,256775.0,0.135588,52.189875,35,3,2,1,12/10/2022,4,13:08,-1,E07000008,E10000003,E10000003,3,1307,6,30,0,0,-1,0,-1,0,0,0,1,1,1,0,0,0,1,3,2,E01017966,3,1,0.0,1.0
2022351264286,2022,351264286,547872.0,259230.0,0.162839,52.211454,35,2,2,1,11/11/2022,6,03:36,-1,E07000008,E10000003,E10000003,3,1134,6,30,1,0,2,6,0,0,5,15,4,1,1,0,0,0,1,1,2,E01017946,6,1,1.0,0.0
2023351290736,2023,351290736,547495.0,257887.0,0.156741,52.199489,35,3,1,1,14/03/2023,3,15:30,-1,E07000008,E10000003,E10000003,6,0,6,30,0,0,-1,0,-1,0,5,15,1,1,1,0,-1,0,1,3,2,E01017999,3,1,0.0,1.0
2023351301533,2023,351301533,545435.0,258807.0,0.127016,52.208301,35,3,1,1,13/04/2023,5,16:00,-1,E07000008,E10000003,E10000003,6,0,6,30,0,0,-1,0,-1,0,0,0,1,1,1,0,0,0,1,1,2,E01032797,3,1,0.0,1.0
2021351042253,2021,351042253,547770.0,263356.0,0.163178,52.248561,35,2,2,2,20/04/2021,3,17:55,-1,E07000012,E10000003,E10000003,3,10,3,50,3,13,4,6,0,0,0,0,1,1,1,0,0,0,1,1,2,E01018272,5,1,1.0,0.0
2021351039328,2021,351039328,542412.0,262107.0,0.084222,52.23875,35,3,2,1,25/04/2021,1,18:50,-1,E07000012,E10000003,E10000003,6,0,6,20,3,13,4,6,0,0,0,0,1,1,1,0,0,0,1,2,2,E01018249,3,1,0.0,1.0
2022351152398,2022,351152398,544286.0,262707.0,0.111875,52.243642,35,2,2,1,25/02/2022,6,07:30,-1,E07000012,E10000003,E10000003,4,1049,6,30,9,19,2,6,0,0,4,14,1,1,1,0,0,0,1,1,2,E01018259,6,1,1.0,0.0
2022351221298,2022,351221298,541360.0,259416.0,0.067675,52.214832,35,2,2,1,14/09/2022,4,07:20,-1,E07000012,E10000003,E10000003,3,1303,6,40,0,0,-1,0,-1,0,0,0,1,1,1,0,0,0,2,1,2,E01018224,5,1,1.0,0.0
2023351320771,2023,351320771,545283.0,261935.0,0.126135,52.236444,35,2,2,2,05/06/2023,2,16:37,-1,E07000012,E10000003,E10000003,3,14,3,70,0,0,-1,0,-1,0,0,0,1,1,1,0,0,0,2,1,1,E01018259,6,1,1.0,0.0
2024351463130,2024,351463130,544750.0,261391.0,0.1181,52.2317,35,3,2,1,02/07/2024,3,19:05,-1,E07000012,E10000003,E10000003,6,0,3,30,-1,0,-1,-1,-1,-1,-1,0,1,1,1,-1,-1,0,1,3,2,E01033120,3,1,0.0,1.0
2021351048743,2021,351048743,545694.0,258093.0,0.130525,52.20183,35,3,3,2,19/05/2021,4,15:20,-1,E07000008,E10000003,E10000003,3,603,6,30,9,19,4,6,0,0,0,0,1,1,-1,-1,-1,-1,1,3,2,E01017988,3,1,0.0,1.0
2022351146535,2022,351146535,548612.0,256169.0,0.172319,52.183755,35,3,1,1,08/02/2022,3,18:15,-1,E07000008,E10000003,E10000003,6,0,6,30,0,0,-1,0,-1,0,4,14,4,1,1,0,0,0,1,1,2,E01017959,3,1,0.0,1.0
2022351250487,2022,351250487,546112.0,256714.0,0.136014,52.189319,35,2,2,2,04/12/2022,1,17:15,-1,E07000008,E10000003,E10000003,6,0,6,20,3,13,-1,3,1307,0,5,15,4,2,2,0,0,0,1,3,2,E01017966,7,1,1.0,0.0
2023351311737,2023,351311737,545625.0,258243.0,0.129552,52.203184,35,2,2,1,08/05/2023,2,23:23,-1,E07000008,E10000003,E10000003,6,0,6,30,3,13,4,6,0,0,0,0,4,2,2,0,0,0,1,1,2,E01032797,7,1,1.0,0.0
2023351361295,2023,351361295,544388.0,258967.0,0.111773,52.210014,35,2,2,1,05/10/2023,5,18:30,-1,E07000008,E10000003,E10000003,3,1134,6,30,1,0,4,3,1303,0,0,0,1,1,1,0,0,0,1,3,2,E01017958,7,1,1.0,0.0
2024351460261,2024,351460261,546122.0,257276.0,0.1364,52.19436,35,3,1,1,23/06/2024,1,17:10,-1,E07000008,E10000003,E10000003,6,0,6,20,-1,0,-1,-1,-1,-1,-1,-1,1,9,-1,-1,-1,99,1,3,2,E01017987,3,1,0.0,1.0
2020351001323,2020,351001323,540283.0,260406.0,0.05236,52.224013,35,3,2,1,26/05/2020,3,14:32,395,E07000012,E10000003,E10000003,3,428,3,70,0,0,-1,0,-1,0,0,0,1,1,1,0,0,0,2,1,1,E01018224,3,1,0.0,1.0
2021351052880,2021,351052880,549191.0,261926.0,0.183346,52.235331,35,2,1,1,09/05/2021,1,21:44,-1,E07000012,E10000003,E10000003,6,0,6,30,0,0,-1,0,-1,0,0,0,6,1,1,0,0,0,2,1,2,E01018297,7,1,1.0,0.0
2021351068398,2021,351068398,545474.0,257795.0,0.12718,52.199211,35,3,2,1,16/07/2021,6,18:15,-1,E07000008,E10000003,E10000003,3,603,3,30,6,16,2,3,1307,0,0,0,1,1,1,0,0,0,1,3,2,E01018005,3,1,0.0,1.0
2021351100997,2021,351100997,542144.0,255747.0,0.077633,52.181678,35,3,3,1,09/10/2021,7,20:40,-1,E07000012,E10000003,E10000003,1,11,3,70,0,0,-1,0,-1,0,0,0,6,1,1,0,0,0,2,1,1,E01018225,3,1,0.0,1.0
2021351100280,2021,351100280,543721.0,259844.0,0.102418,52.218079,35,3,2,1,13/10/2021,4,09:35,-1,E07000008,E10000003,E10000003,6,0,6,30,3,13,4,3,1307,0,0,0,1,1,1,0,0,0,1,1,2,E01017956,3,1,0.0,1.0
2023351328969,2023,351328969,547351.0,257018.0,0.154258,52.19172,35,3,2,1,07/07/2023,6,09:45,-1,E07000008,E10000003,E10000003,3,1134,1,30,1,0,4,6,0,0,0,0,1,1,-1,-1,-1,-1,1,3,2,E01017968,3,1,0.0,1.0
2023351330505,2023,351330505,547987.0,259219.0,0.164516,52.211324,35,2,1,1,13/07/2023,5,19:12,-1,E07000008,E10000003,E10000003,6,0,6,20,8,18,4,6,0,0,0,0,7,1,1,0,0,0,1,2,2,E01017947,5,1,1.0,0.0
2023351345219,2023,351345219,545786.0,257308.0,0.131504,52.194741,35,3,2,1,23/08/2023,4,18:20,-1,E07000008,E10000003,E10000003,3,1307,6,30,3,13,2,6,0,0,5,15,1,1,1,0,0,0,1,3,2,E01032795,3,1,0.0,1.0
2020350935422,2020,350935422,544339.0,258791.0,0.11101,52.208457,35,2,1,1,29/02/2020,7,13:00,390,E07000008,E10000003,E10000003,3,1134,6,30,0,0,-1,0,-1,0,1,13,1,1,1,0,0,0,1,2,2,E01017958,7,1,1.0,0.0
2021351037259,2021,351037259,546781.0,255255.0,0.145191,52.176044,35,3,1,1,22/03/2021,2,15:35,-1,E07000008,E10000003,E10000003,6,0,7,30,0,0,-1,0,-1,0,0,0,1,1,1,0,0,0,1,3,2,E01017995,3,1,0.0,1.0
2021351037600,2021,351037600,551856.0,255748.0,0.219571,52.179102,35,3,1,1,11/04/2021,1,21:00,-1,E07000012,E10000003,E10000003,6,0,6,30,0,0,-1,0,-1,0,0,0,7,2,2,0,0,0,1,1,2,E01018242,3,1,0.0,1.0
2023351272023,2023,351272023,545760.0,258151.0,0.131487,52.202322,35,3,2,1,26/01/2023,5,09:50,-1,E07000008,E10000003,E10000003,6,0,6,30,0,0,-1,0,-1,0,0,0,1,1,1,0,0,0,1,3,2,E01017988,3,1,0.0,1.0
2023351400301,2023,351400301,544217.0,253916.0,0.107125,52.164679,35,3,2,2,28/12/2023,5,10:45,-1,E07000008,E10000003,E10000003,3,1301,3,40,6,16,2,3,1309,0,0,0,1,1,1,0,0,0,2,1,2,E01018003,3,1,0.0,1.0
2024351515775,2024,351515775,542138.0,256867.0,0.07799,52.19173,35,3,2,1,06/11/2024,4,08:00,-1,E07000012,E10000003,E10000003,3,603,1,50,-1,-1,4,6,0,-1,-1,0,1,1,1,-1,-1,0,2,3,2,E01018225,3,1,0.0,1.0
2024351534057,2024,351534057,544361.0,260554.0,0.11205,52.22428,35,3,2,1,29/11/2024,6,15:10,-1,E07000008,E10000003,E10000003,4,1049,6,30,-1,0,-1,6,0,-1,-1,0,1,1,1,-1,-1,-1,1,3,2,E01017953,3,1,0.0,1.0
2021351076507,2021,351076507,545723.0,257407.0,0.130654,52.195659,35,3,2,1,07/08/2021,7,13:20,-1,E07000008,E10000003,E10000003,3,1307,6,30,0,0,-1,0,-1,0,4,14,1,1,1,0,0,0,1,1,2,E01018005,3,1,0.0,1.0
2021351120411,2021,351120411,547241.0,256464.0,0.152437,52.186784,35,3,2,1,02/11/2021,3,10:58,-1,E07000008,E10000003,E10000003,3,1134,1,30,1,0,4,6,0,0,0,0,1,1,1,0,0,0,1,1,2,E01017968,3,1,0.0,1.0
2022351174829,2022,351174829,543033.0,259232.0,0.092068,52.212748,35,2,2,1,27/04/2022,4,09:01,-1,E07000008,E10000003,E10000003,3,1303,3,30,9,19,2,6,0,0,4,14,1,1,1,0,0,0,1,1,2,E01017956,7,1,1.0,0.0
2020350980771,2020,350980771,542652.0,260667.0,0.087128,52.22575,35,2,2,1,10/09/2020,5,07:30,395,E07000012,E10000003,E10000003,3,1307,3,30,9,19,2,6,0,0,0,0,1,1,1,0,0,0,1,1,2,E01018248,5,1,1.0,0.0
2020350988120,2020,350988120,545133.0,258232.0,0.122382,52.203227,35,3,2,1,01/10/2020,5,18:00,390,E07000008,E10000003,E10000003,6,0,6,30,3,13,4,6,0,0,0,0,5,1,1,0,0,0,1,1,2,E01032797,3,1,0.0,1.0
2021351074267,2021,351074267,545986.0,258008.0,0.134758,52.200989,35,3,2,1,17/06/2021,5,09:56,-1,E07000008,E10000003,E10000003,6,0,6,30,6,16,4,6,0,0,4,14,1,1,2,4,0,13,1,1,2,E01017988,3,1,0.0,1.0
2021351108979,2021,351108979,545773.0,256094.0,0.130821,52.183849,35,1,1,1,26/10/2021,3,18:00,-1,E07000008,E10000003,E10000003,6,0,6,30,0,0,-1,0,-1,0,0,0,4,1,1,0,0,0,2,1,2,E01032794,1,1,0.0,0.0
2021351116142,2021,351116142,547895.0,254158.0,0.160992,52.165891,35,3,1,1,30/10/2021,7,01:12,-1,E07000012,E10000003,E10000003,3,1307,1,50,1,0,4,6,0,0,0,0,4,1,1,0,0,0,2,1,2,E01018292,3,1,0.0,1.0
2021351121031,2021,351121031,550014.0,258128.0,0.193705,52.200987,35,3,2,2,30/11/2021,3,09:50,-1,E07000012,E10000003,E10000003,6,0,6,30,3,13,4,6,0,0,0,0,1,1,2,0,0,0,1,1,2,E01018286,3,1,0.0,1.0
2023351328463,2023,351328463,544973.0,261180.0,0.121275,52.229742,35,3,1,1,04/07/2023,3,11:16,-1,E07000008,E10000003,E10000003,6,0,6,30,0,0,-1,0,-1,0,0,0,1,1,1,0,0,0,1,3,2,E01017952,3,1,0.0,1.0
2024351409301,2024,351409301,545131.0,257596.0,0.12205,52.1975,35,2,2,1,18/01/2024,5,09:16,-1,E07000008,E10000003,E10000003,3,1134,6,30,-1,19,4,3,603,-1,-1,0,1,1,1,-1,-1,0,1,1,2,E01035517,7,1,1.0,0.0
2020350926917,2020,350926917,545861.0,258799.0,0.133271,52.208129,35,3,2,1,17/01/2020,6,19:30,390,E07000008,E10000003,E10000003,6,0,6,20,0,0,-1,0,-1,0,0,0,4,1,1,0,0,0,1,2,2,E01017983,3,1,0.0,1.0
2021351038762,2021,351038762,546635.0,260964.0,0.145527,52.227374,35,2,2,1,13/04/2021,3,17:07,-1,E07000008,E10000003,E10000003,6,0,6,30,6,16,-1,3,1309,0,0,0,1,1,1,0,0,0,1,2,2,E01017976,7,1,1.0,0.0
2021351111122,2021,351111122,544845.0,258078.0,0.118105,52.201919,35,3,2,1,08/11/2021,2,06:59,-1,E07000008,E10000003,E10000003,6,0,6,20,6,16,4,6,0,0,8,17,4,1,1,0,0,0,1,1,2,E01032797,3,1,0.0,1.0
2021351170228,2021,351170228,545936.0,258463.0,0.134223,52.20509,35,3,2,1,09/12/2021,5,07:00,-1,E07000008,E10000003,E10000003,6,0,6,30,0,0,-1,0,-1,0,4,14,1,1,1,0,0,0,1,1,2,E01017991,3,1,0.0,1.0
2023351307759,2023,351307759,546731.0,259100.0,0.146095,52.21059,35,3,2,1,30/04/2023,1,16:15,-1,E07000008,E10000003,E10000003,3,1134,3,30,0,0,-1,0,-1,-1,-1,-1,1,1,-1,-1,-1,-1,1,3,2,E01017943,3,1,0.0,1.0
2023351363430,2023,351363430,545990.0,257301.0,0.134484,52.194625,35,3,2,1,12/10/2023,5,16:50,-1,E07000008,E10000003,E10000003,6,0,6,30,3,13,4,6,0,0,0,0,1,2,2,0,0,0,1,3,2,E01032795,3,1,0.0,1.0
2021351101155,2021,351101155,545819.0,258309.0,0.132446,52.203738,35,3,2,1,01/09/2021,4,13:12,-1,E07000008,E10000003,E10000003,3,603,6,30,3,13,4,6,0,0,0,0,1,1,1,0,0,0,1,1,2,E01032797,3,1,0.0,1.0
2021351131404,2021,351131404,537992.0,263189.0,0.019976,52.249597,35,3,2,3,11/12/2021,7,18:30,-1,E07000012,E10000003,E10000003,6,0,6,40,0,0,-1,0,-1,0,0,0,6,2,2,0,0,0,2,1,2,E01018221,3,1,0.0,1.0
2023351287842,2023,351287842,547018.0,255639.0,0.148792,52.17942,35,2,2,1,07/01/2023,7,20:20,-1,E07000008,E10000003,E10000003,3,1134,1,30,0,0,-1,0,-1,0,4,14,4,1,2,0,0,0,1,1,2,E01017993,7,1,1.0,0.0
2023351283974,2023,351283974,544865.0,263265.0,0.120588,52.248503,35,2,2,1,17/02/2023,6,19:17,-1,E07000012,E10000003,E10000003,6,0,6,30,3,13,4,6,0,0,0,0,4,1,2,0,0,0,1,1,2,E01018259,6,1,1.0,0.0
2020351011158,2020,351011158,544051.0,253329.0,0.104479,52.159459,35,3,1,1,23/12/2020,4,14:05,390,E07000008,E10000003,E10000003,1,11,3,70,0,0,-1,0,-1,0,0,0,1,5,5,0,0,0,2,1,1,E01018003,3,1,0.0,1.0
2021351090339,2021,351090339,548093.0,259332.0,0.166144,52.212322,35,3,2,1,13/09/2021,2,17:40,-1,E07000008,E10000003,E10000003,3,1303,6,30,3,13,4,4,1047,0,0,0,1,1,1,0,0,0,1,1,2,E01017947,3,1,0.0,1.0
2021351094983,2021,351094983,547869.0,258340.0,0.162435,52.20347,35,3,2,1,29/09/2021,4,12:46,-1,E07000008,E10000003,E10000003,3,1134,6,30,0,0,-1,0,-1,0,0,0,1,1,1,0,0,0,1,1,2,E01017947,3,1,0.0,1.0
2022351172769,2022,351172769,545399.0,253567.0,0.124244,52.161234,35,3,2,1,14/04/2022,5,13:15,-1,E07000012,E10000003,E10000003,3,1301,6,30,3,13,4,6,0,0,0,0,1,1,-1,-1,-1,-1,1,3,2,E01018292,3,1,0.0,1.0
2023351289917,2023,351289917,544287.0,257467.0,0.109657,52.196564,35,2,2,1,24/02/2023,6,22:40,-1,E07000008,E10000003,E10000003,3,603,6,30,3,13,4,6,0,0,0,0,4,1,2,0,0,0,2,1,2,E01017985,7,1,1.0,0.0
2023351341980,2023,351341980,545422.0,258770.0,0.12681,52.207972,35,3,2,1,10/05/2023,4,14:35,-1,E07000008,E10000003,E10000003,6,0,1,30,1,0,4,6,0,0,8,17,1,8,2,0,0,0,1,1,2,E01032797,3,1,0.0,1.0
2023351355919,2023,351355919,542008.0,258776.0,0.076885,52.208916,35,3,2,1,14/09/2023,5,07:40,-1,E07000008,E10000003,E10000003,1,11,3,70,0,0,-1,0,-1,0,0,0,1,1,1,0,0,0,2,1,1,E01017984,3,1,0.0,1.0
2024351408776,2024,351408776,545586.0,256974.0,0.12844,52.19179,35,3,2,1,01/02/2024,5,08:00,-1,E07000008,E10000003,E10000003,6,0,6,30,-1,13,4,6,0,-1,-1,14,1,1,1,-1,-1,0,1,3,2,E01035523,3,1,0.0,1.0
2024351519842,2024,351519842,545757.0,257358.0,0.1311,52.1952,35,3,2,1,19/11/2024,3,16:56,-1,E07000008,E10000003,E10000003,3,1307,6,40,-1,13,4,6,0,-1,-1,0,4,1,2,-1,-1,0,1,3,2,E01017987,3,1,0.0,1.0
2021351058918,2021,351058918,546023.0,257989.0,0.135291,52.200809,35,3,2,1,23/06/2021,4,12:00,-1,E07000008,E10000003,E10000003,6,0,6,20,3,13,4,6,0,0,0,0,1,1,1,0,0,0,1,2,2,E01017988,3,1,0.0,1.0
2021351094667,2021,351094667,545959.0,255605.0,0.133329,52.179407,35,3,2,1,29/09/2021,4,16:10,-1,E07000008,E10000003,E10000003,3,1134,6,40,3,13,4,6,0,0,0,0,1,1,1,0,0,0,1,3,2,E01017995,3,1,0.0,1.0
2021351167495,2021,351167495,547168.0,258330.0,0.15218,52.203568,35,3,2,1,17/12/2021,6,16:00,-1,E07000008,E10000003,E10000003,6,0,6,30,3,13,4,6,0,0,0,0,4,1,2,0,0,0,1,1,2,E01017997,3,1,0.0,1.0
2022351182073,2022,351182073,546246.0,258720.0,0.138838,52.207305,35,3,2,1,03/05/2022,3,13:50,-1,E07000008,E10000003,E10000003,6,0,6,20,2,0,4,6,0,0,0,0,1,1,1,0,0,0,1,1,2,E01017989,3,1,0.0,1.0
2023351261934,2023,351261934,545138.0,257643.0,0.122174,52.197922,35,3,2,1,07/01/2023,7,10:42,-1,E07000008,E10000003,E10000003,3,603,3,30,3,13,4,6,0,0,0,0,1,1,2,0,0,0,1,1,2,E01018005,3,1,0.0,1.0
2023351402864,2023,351402864,545136.0,257594.0,0.122124,52.197482,35,3,2,1,30/11/2023,5,20:00,-1,E07000008,E10000003,E10000003,3,1134,6,30,1,0,4,3,603,0,0,0,4,1,4,0,0,0,1,1,2,E01032797,3,1,0.0,1.0
2024351514799,2024,351514799,545485.0,259532.0,0.12806,52.2148,35,3,2,1,05/10/2024,7,17:26,-1,E07000008,E10000003,E10000003,3,1303,6,20,-1,13,4,6,0,-1,-1,0,1,1,1,-1,-1,0,1,1,2,E01018010,3,1,0.0,1.0
2020350942191,2020,350942191,544362.0,261533.0,0.112515,52.233086,35,2,2,1,23/02/2020,1,16:47,395,E07000012,E10000003,E10000003,4,1049,3,40,3,13,2,6,0,0,5,15,1,1,1,0,0,0,2,1,2,E01033121,7,1,1.0,0.0
2024351533944,2024,351533944,547815.0,263383.0,0.16382,52.24878,35,3,2,1,10/12/2024,3,08:50,-1,E07000012,E10000003,E10000003,3,10,3,60,-1,0,-1,6,0,-1,-1,0,1,1,1,-1,-1,0,2,3,2,E01018272,3,1,0.0,1.0
2020350927163,2020,350927163,544556.0,259038.0,0.114288,52.210619,35,3,2,1,03/02/2020,2,17:42,390,E07000008,E10000003,E10000003,3,1303,6,30,0,0,-1,0,-1,2,5,12,4,1,-1,0,0,0,1,2,2,E01017958,3,1,0.0,1.0
2021351097534,2021,351097534,545141.0,257542.0,0.122203,52.197025,35,3,2,1,10/10/2021,1,18:25,-1,E07000008,E10000003,E10000003,3,1134,6,30,0,0,-1,0,-1,0,4,14,1,1,1,0,0,0,1,3,2,E01018005,3,1,0.0,1.0
2022351240020,2022,351240020,544349.0,260080.0,0.111677,52.220024,35,3,2,1,04/11/2022,6,18:50,-1,E07000008,E10000003,E10000003,4,1049,6,30,3,13,4,6,0,0,0,0,4,1,1,0,0,0,1,3,2,E01017949,3,1,0.0,1.0
2023351386620,2023,351386620,548622.0,256293.0,0.17252,52.184866,35,3,2,1,08/12/2023,6,07:10,-1,E07000008,E10000003,E10000003,6,0,6,20,3,13,4,6,0,0,0,0,4,1,1,0,0,0,1,3,2,E01017959,3,1,0.0,1.0
2024351473771,2024,351473771,547344.0,257033.0,0.15416,52.19186,35,2,2,1,26/06/2024,4,11:50,-1,E07000008,E10000003,E10000003,3,1134,1,30,-1,-1,4,6,0,-1,-1,0,1,1,1,-1,-1,0,1,1,2,E01017968,7,1,1.0,0.0
2024351479648,2024,351479648,545085.0,258468.0,0.12175,52.20535,35,2,1,1,10/08/2024,7,15:48,-1,E07000008,E10000003,E10000003,6,0,6,20,-1,19,4,6,0,-1,-1,0,1,1,1,-1,-1,0,1,1,2,E01035515,7,1,1.0,0.0
2020350994549,2020,350994549,545130.0,257594.0,0.122065,52.197495,35,3,2,1,30/10/2020,6,12:15,390,E07000008,E10000003,E10000003,3,1134,6,30,1,0,4,3,603,0,0,0,1,1,1,0,0,0,1,2,2,E01032797,3,1,0.0,1.0
2022351215630,2022,351215630,546284.0,261335.0,0.140524,52.230789,35,3,2,2,02/07/2022,7,20:01,-1,E07000008,E10000003,E10000003,6,0,6,30,3,13,4,6,0,0,0,0,4,1,1,0,0,0,1,1,2,E01017980,3,1,0.0,1.0
2023351303887,2023,351303887,536208.0,256135.0,-0.009003,52.186649,35,2,1,1,21/04/2023,6,21:35,-1,E07000012,E10000003,E10000003,4,1046,6,50,0,0,-1,0,-1,0,0,0,6,1,1,0,0,0,2,1,2,E01018231,6,1,1.0,0.0
2023351307988,2023,351307988,544934.0,257947.0,0.119322,52.200707,35,3,1,1,09/05/2023,3,11:40,-1,E07000008,E10000003,E10000003,6,0,6,20,0,0,-1,0,-1,0,1,13,1,1,2,0,0,0,1,3,2,E01032797,3,1,0.0,1.0
2023351405470,2023,351405470,545265.0,259826.0,0.124967,52.217501,35,3,2,1,28/11/2023,3,09:07,-1,E07000008,E10000003,E10000003,6,0,6,30,3,13,4,6,0,-1,-1,-1,1,1,1,-1,-1,-1,1,1,2,E01018007,3,1,0.0,1.0
2024351495357,2024,351495357,547039.0,255626.0,0.14909,52.1793,35,2,2,1,23/09/2024,2,07:42,-1,E07000008,E10000003,E10000003,6,0,1,20,-1,-1,4,3,1134,-1,-1,14,1,2,2,-1,-1,0,1,3,2,E01017992,7,1,1.0,0.0
2024351500626,2024,351500626,546499.0,256630.0,0.14164,52.18846,35,3,2,1,01/10/2024,3,18:32,-1,E07000008,E10000003,E10000003,6,0,6,20,-1,0,-1,-1,-1,-1,-1,15,1,2,2,-1,-1,0,1,3,2,E01035519,3,1,0.0,1.0
2024351541658,2024,351541658,546242.0,256688.0,0.1379,52.18905,35,2,2,1,20/11/2024,4,19:53,-1,E07000008,E10000003,E10000003,6,0,6,30,-1,13,2,6,0,-1,-1,15,4,1,1,-1,-1,0,1,1,2,E01035518,7,1,1.0,0.0
2020350950813,2020,350950813,545952.0,257019.0,0.133835,52.192113,35,3,2,1,10/04/2020,6,11:45,390,E07000008,E10000003,E10000003,3,1307,6,30,0,0,-1,0,-1,0,0,0,1,1,1,0,0,0,1,1,2,E01032795,3,1,0.0,1.0
2020350976134,2020,350976134,552974.0,260243.0,0.237938,52.219175,35,2,2,1,12/07/2020,1,13:59,395,E07000012,E10000003,E10000003,3,1303,6,60,0,0,-1,0,-1,0,0,0,1,1,1,0,0,0,2,1,2,E01018297,7,1,1.0,0.0
2020350973184,2020,350973184,545256.0,253902.0,0.122327,52.164292,35,2,1,1,25/07/2020,7,15:30,395,E07000012,E10000003,E10000003,6,0,6,20,0,0,-1,0,-1,0,0,0,1,2,2,0,0,0,1,1,2,E01018292,7,1,1.0,0.0
2021351092096,2021,351092096,547026.0,259394.0,0.150566,52.213165,35,3,2,1,09/09/2021,5,15:20,-1,E07000008,E10000003,E10000003,3,1134,3,30,0,0,-1,0,-1,0,0,0,1,1,1,0,0,0,1,1,2,E01017943,3,1,0.0,1.0
2021351092486,2021,351092486,545919.0,257038.0,0.133361,52.192292,35,3,2,1,24/09/2021,6,17:05,-1,E07000008,E10000003,E10000003,6,0,6,30,6,16,2,6,0,0,5,15,1,1,1,0,0,0,1,3,2,E01032795,3,1,0.0,1.0
2022351137656,2022,351137656,544968.0,259333.0,0.120412,52.21315,35,2,2,1,14/01/2022,6,14:28,-1,E07000008,E10000003,E10000003,3,1303,6,30,3,13,4,6,0,0,1,13,1,1,1,0,0,0,1,1,2,E01017950,6,1,1.0,0.0
2022351162426,2022,351162426,545297.0,259533.0,0.125309,52.21486,35,3,2,1,26/03/2022,7,09:30,-1,E07000008,E10000003,E10000003,3,1134,6,30,0,0,-1,0,-1,0,1,13,1,1,1,0,0,0,1,3,2,E01018009,3,1,0.0,1.0
2022351251276,2022,351251276,547562.0,256400.0,0.157073,52.186112,35,3,2,1,28/11/2022,2,17:55,-1,E07000008,E10000003,E10000003,6,0,6,30,3,13,4,6,0,0,0,0,4,1,1,0,0,0,1,3,2,E01017969,3,1,0.0,1.0
2024351534081,2024,351534081,544653.0,260584.0,0.11634,52.22447,35,2,2,1,22/11/2024,6,13:00,-1,E07000008,E10000003,E10000003,6,0,2,30,-1,13,-1,6,0,-1,-1,-1,1,1,1,-1,-1,-1,1,3,2,E01017951,5,1,1.0,0.0
2020350937537,2020,350937537,546551.0,258836.0,0.143377,52.208278,35,2,2,1,05/03/2020,5,13:37,390,E07000008,E10000003,E10000003,6,0,6,30,3,13,4,6,0,0,0,0,1,1,2,0,0,0,1,2,2,E01017943,7,1,1.0,0.0
2020350978146,2020,350978146,545418.0,260768.0,0.127638,52.225936,35,3,2,1,03/09/2020,5,00:21,390,E07000008,E10000003,E10000003,6,0,6,20,9,19,2,6,0,2,5,12,4,1,1,0,0,0,1,2,2,E01017978,3,1,0.0,1.0
2021351095223,2021,351095223,545906.0,260197.0,0.134531,52.220677,35,2,2,1,28/09/2021,3,17:30,-1,E07000008,E10000003,E10000003,6,0,6,30,0,0,-1,0,-1,-1,-1,-1,1,9,-1,-1,-1,-1,1,3,2,E01018006,7,1,1.0,0.0
2022351138950,2022,351138950,551531.0,259832.0,0.216618,52.215869,35,1,3,1,27/01/2022,5,09:15,-1,E07000012,E10000003,E10000003,3,1303,3,50,3,13,4,6,0,0,0,0,1,1,2,0,0,0,2,1,2,E01018297,1,1,0.0,0.0
2022351250791,2022,351250791,545102.0,257739.0,0.121689,52.198794,35,2,2,1,02/12/2022,6,07:55,-1,E07000008,E10000003,E10000003,6,0,6,30,0,0,-1,0,-1,0,1,13,1,7,2,0,0,0,1,3,2,E01032797,7,1,1.0,0.0
2022351253569,2022,351253569,546057.0,258430.0,0.13595,52.20475,35,2,2,1,08/12/2022,5,18:10,-1,E07000008,E10000003,E10000003,6,0,6,20,0,0,-1,0,-1,0,0,0,1,1,1,0,0,0,1,3,2,E01017991,7,1,1.0,0.0
2024351493406,2024,351493406,547910.0,254159.0,0.16118,52.16588,35,3,2,1,17/09/2024,3,11:20,-1,E07000012,E10000003,E10000003,6,0,1,40,-1,-1,4,3,1307,-1,-1,0,1,1,1,-1,-1,0,2,3,2,E01018292,3,1,0.0,1.0
2021351110544,2021,351110544,546933.0,256533.0,0.147965,52.187486,35,3,2,1,12/11/2021,6,11:20,-1,E07000008,E10000003,E10000003,6,0,6,20,3,13,-1,6,0,0,4,14,1,2,2,0,0,0,1,3,2,E01017966,3,1,0.0,1.0
2022351187127,2022,351187127,544309.0,262657.0,0.11219,52.243186,35,3,3,2,17/05/2022,3,16:20,-1,E07000012,E10000003,E10000003,4,1049,6,40,0,0,-1,0,-1,0,0,0,1,1,1,0,0,0,2,1,2,E01018259,3,1,0.0,1.0
2022351234723,2022,351234723,547954.0,261017.0,0.164819,52.227486,35,2,1,1,13/10/2022,5,14:10,-1,E07000012,E10000003,E10000003,6,0,6,60,3,13,4,6,0,0,0,0,1,2,2,4,0,13,2,1,2,E01018273,6,1,1.0,0.0
2023351388133,2023,351388133,544278.0,262725.0,0.111766,52.243805,35,2,2,2,09/11/2023,5,07:43,-1,E07000012,E10000003,E10000003,4,1049,6,30,0,0,-1,0,-1,0,5,15,1,8,2,0,0,0,1,1,2,E01018259,7,1,1.0,0.0
2024351430013,2024,351430013,546767.0,259557.0,0.14682,52.21468,35,3,2,1,09/04/2024,3,14:00,-1,E07000008,E10000003,E10000003,6,0,6,30,-1,0,-1,6,0,-1,-1,0,1,1,1,-1,-1,0,1,3,2,E01017945,3,1,0.0,1.0
2020350931531,2020,350931531,548444.0,259801.0,0.171483,52.216441,35,3,1,1,08/02/2020,7,20:45,390,E07000008,E10000003,E10000003,6,0,6,20,3,13,4,6,0,0,0,0,4,1,1,0,0,0,1,2,2,E01017948,3,1,0.0,1.0
2021351057155,2021,351057155,547146.0,258350.0,0.151867,52.203754,35,2,2,1,14/06/2021,2,14:32,-1,E07000008,E10000003,E10000003,6,0,6,30,9,19,4,6,0,0,0,0,1,1,1,4,0,13,1,1,2,E01017997,7,1,1.0,0.0
2021351092261,2021,351092261,547051.0,258509.0,0.150547,52.205207,35,3,2,1,25/09/2021,7,12:15,-1,E07000008,E10000003,E10000003,6,0,6,30,3,13,4,6,0,0,0,0,1,1,1,0,0,0,1,3,2,E01017997,3,1,0.0,1.0
2022351183335,2022,351183335,546492.0,258932.0,0.142527,52.209145,35,3,2,1,07/05/2022,7,22:45,-1,E07000008,E10000003,E10000003,3,1134,3,30,3,13,4,6,0,0,0,0,4,1,1,0,0,0,1,1,2,E01017943,3,1,0.0,1.0
2023351273435,2023,351273435,546090.0,257945.0,0.136223,52.200384,35,3,2,1,28/01/2023,7,19:10,-1,E07000008,E10000003,E10000003,6,0,6,30,3,13,4,6,0,0,0,0,4,1,1,0,0,0,1,3,2,E01017988,3,1,0.0,1.0
2023351345484,2023,351345484,547027.0,255031.0,0.14866,52.173955,35,3,2,2,15/08/2023,3,10:35,-1,E07000008,E10000003,E10000003,3,1307,6,30,3,13,2,6,0,0,0,0,1,1,1,0,0,0,1,3,2,E01017995,3,1,0.0,1.0
2024351398439,2024,351398439,545068.0,258238.0,0.12141,52.20328,35,3,2,1,12/01/2024,6,22:00,-1,E07000008,E10000003,E10000003,6,0,3,30,-1,0,-1,6,0,-1,-1,0,4,1,1,-1,-1,0,1,3,2,E01035517,3,1,0.0,1.0
2024351526992,2024,351526992,547660.0,256137.0,0.15839,52.18372,35,3,2,1,26/11/2024,3,08:53,-1,E07000008,E10000003,E10000003,6,0,6,30,-1,13,4,6,0,-1,-1,0,1,1,1,-1,-1,0,1,3,2,E01017994,3,1,0.0,1.0
2024351541147,2024,351541147,545548.0,258132.0,0.12838,52.20221,35,3,1,1,21/12/2024,7,12:37,-1,E07000008,E10000003,E10000003,6,0,6,20,-1,0,-1,-1,-1,-1,-1,0,1,1,-1,-1,-1,99,1,3,2,E01035517,3,1,0.0,1.0
2020351005830,2020,351005830,544602.0,261099.0,0.115841,52.229124,35,3,1,1,14/09/2020,2,18:24,395,E07000012,E10000003,E10000003,6,0,6,20,0,0,-1,0,-1,0,0,0,1,1,1,0,0,0,1,1,2,E01033120,3,1,0.0,1.0
2021351046123,2021,351046123,546641.0,259022.0,0.144774,52.209925,35,3,2,1,20/04/2021,3,10:38,-1,E07000008,E10000003,E10000003,3,1134,3,30,6,16,2,6,0,0,5,15,1,1,1,0,0,0,1,1,2,E01017943,3,1,0.0,1.0
2021351121500,2021,351121500,541957.0,258154.0,0.075907,52.203352,35,3,2,1,25/11/2021,5,07:10,-1,E07000012,E10000003,E10000003,1,11,3,70,0,0,-1,0,-1,0,0,0,6,2,2,0,0,0,2,1,1,E01018224,3,1,0.0,1.0
2022351139174,2022,351139174,543801.0,253534.0,0.100885,52.161355,35,2,1,1,11/01/2022,3,17:15,-1,E07000012,E10000003,E10000003,1,11,7,70,0,0,-1,0,-1,0,0,0,4,1,1,0,0,0,2,1,1,E01018256,7,1,1.0,0.0
2023351368926,2023,351368926,545861.0,258378.0,0.133061,52.204335,35,3,2,1,29/09/2023,6,19:49,-1,E07000008,E10000003,E10000003,3,603,6,30,3,13,4,6,0,0,0,0,4,1,1,0,0,0,1,1,2,E01032797,3,1,0.0,1.0
2024351438597,2024,351438597,546283.0,261329.0,0.14051,52.23073,35,2,2,1,24/02/2024,7,21:47,-1,E07000008,E10000003,E10000003,6,0,6,30,-1,13,4,6,0,-1,-1,0,4,1,1,-1,-1,0,1,1,2,E01017976,7,1,1.0,0.0
2024351538866,2024,351538866,550813.0,259416.0,0.20593,52.21233,35,2,2,1,23/11/2024,7,13:57,-1,E07000012,E10000003,E10000003,3,1303,6,50,-1,13,4,3,1303,-1,-1,0,1,1,2,-1,-1,0,2,1,2,E01018297,6,1,1.0,0.0
2024351541885,2024,351541885,547886.0,259318.0,0.16308,52.21224,35,3,2,2,02/12/2024,2,17:10,-1,E07000008,E10000003,E10000003,3,1134,1,30,-1,-1,4,3,1134,-1,-1,0,4,2,2,-1,-1,0,1,3,2,E01017946,3,1,0.0,1.0
2021351104589,2021,351104589,545021.0,261516.0,0.12215,52.23276,35,2,2,1,12/08/2021,5,18:22,-1,E07000008,E10000003,E10000003,6,0,6,30,0,0,-1,0,-1,0,0,0,1,1,1,0,0,0,1,1,2,E01017979,7,1,1.0,0.0
2021351109284,2021,351109284,546204.0,256441.0,0.13727,52.186853,35,3,2,1,01/11/2021,2,15:09,-1,E07000008,E10000003,E10000003,6,0,6,30,3,13,4,3,1307,0,0,0,1,1,1,0,0,0,1,1,2,E01017996,3,1,0.0,1.0
2022351165292,2022,351165292,547243.0,256459.0,0.152436,52.186727,35,3,2,1,03/04/2022,1,15:43,-1,E07000008,E10000003,E10000003,3,1134,1,20,1,0,4,6,0,0,0,0,1,1,1,0,0,0,1,1,2,E01017968,3,1,0.0,1.0
2022351260190,2022,351260190,551037.0,256564.0,0.207937,52.186646,35,3,2,1,31/12/2022,7,18:40,-1,E07000012,E10000003,E10000003,6,0,6,30,3,13,4,6,0,0,0,0,4,2,2,0,0,0,1,1,2,E01018243,3,1,0.0,1.0
2023351287478,2023,351287478,542243.0,261364.0,0.081409,52.232107,35,3,2,1,13/03/2023,2,16:45,-1,E07000012,E10000003,E10000003,1,11,7,70,0,0,-1,0,-1,0,0,0,1,1,1,0,0,0,2,3,1,E01018248,3,1,0.0,1.0
2023351316447,2023,351316447,547491.0,256179.0,0.155939,52.184145,35,3,2,1,06/06/2023,3,08:35,-1,E07000008,E10000003,E10000003,6,0,6,30,0,0,-1,0,-1,-1,-1,-1,1,1,-1,-1,-1,-1,1,3,2,E01017994,3,1,0.0,1.0
2020350956885,2020,350956885,547661.0,256134.0,0.158433,52.183707,35,2,1,2,15/05/2020,6,17:48,390,E07000008,E10000003,E10000003,6,0,6,30,0,0,-1,0,-1,0,0,0,1,1,1,0,0,0,1,1,2,E01017994,7,1,1.0,0.0
2020351000316,2020,351000316,545446.0,257756.0,0.126754,52.198868,35,3,2,1,20/11/2020,6,15:14,390,E07000008,E10000003,E10000003,3,603,6,30,0,0,-1,0,-1,-1,-1,-1,1,2,-1,-1,-1,-1,1,2,2,E01018005,3,1,0.0,1.0
2021351056016,2021,351056016,544606.0,259061.0,0.115029,52.210813,35,3,2,1,12/06/2021,7,09:40,-1,E07000008,E10000003,E10000003,6,0,6,20,6,16,2,3,1303,0,0,0,1,1,1,0,0,0,1,1,2,E01017950,3,1,0.0,1.0
2022351190770,2022,351190770,547433.0,259387.0,0.156487,52.212982,35,3,2,1,16/06/2022,5,08:02,-1,E07000008,E10000003,E10000003,3,1134,6,30,3,13,4,6,0,0,4,14,1,1,-1,-1,-1,-1,1,3,2,E01017946,3,1,0.0,1.0
2022351217508,2022,351217508,545093.0,259981.0,0.122517,52.218939,35,3,2,1,22/07/2022,6,13:58,-1,E07000008,E10000003,E10000003,6,0,6,30,6,16,4,6,0,0,4,14,1,1,1,0,0,0,1,1,2,E01018007,3,1,0.0,1.0
2021351053835,2021,351053835,547330.0,262208.0,0.156237,52.238365,35,3,3,1,29/05/2021,7,10:11,-1,E07000012,E10000003,E10000003,6,0,6,20,0,0,-1,0,-1,0,1,13,1,1,1,0,0,0,1,1,2,E01018274,3,1,0.0,1.0
2021351055493,2021,351055493,546947.0,261409.0,0.150285,52.231289,35,3,2,1,11/06/2021,6,19:17,-1,E07000008,E10000003,E10000003,6,0,6,30,9,19,2,3,1309,0,5,15,1,1,1,0,0,0,1,3,2,E01017971,3,1,0.0,1.0
2023351380022,2023,351380022,543679.0,259897.0,0.101798,52.218554,35,2,2,1,18/11/2023,7,10:58,-1,E07000008,E10000003,E10000003,3,1307,3,20,3,13,4,6,0,0,4,14,1,2,2,0,0,0,1,1,2,E01017956,7,1,1.0,0.0
2020350944048,2020,350944048,547884.0,259318.0,0.163081,52.212253,35,1,2,1,25/03/2020,4,16:30,390,E07000008,E10000003,E10000003,3,1134,1,30,1,0,4,3,1134,0,0,0,1,1,1,0,0,0,1,1,2,E01017946,1,1,0.0,0.0
2022351252592,2022,351252592,546301.0,257821.0,0.139255,52.199214,35,3,2,1,01/12/2022,5,17:40,-1,E07000008,E10000003,E10000003,6,0,6,30,6,16,4,6,0,0,0,0,4,1,1,0,0,0,1,3,2,E01017987,3,1,0.0,1.0
2023351367297,2023,351367297,548983.0,257040.0,0.178124,52.19148,35,2,1,1,14/10/2023,7,17:13,-1,E07000008,E10000003,E10000003,6,0,6,30,3,13,2,6,0,0,5,15,1,1,1,0,0,0,1,1,2,E01017964,6,1,1.0,0.0
2023351388186,2023,351388186,549399.0,256097.0,0.18379,52.182896,35,3,1,1,09/12/2023,7,08:26,-1,E07000012,E10000003,E10000003,6,0,1,40,1,0,4,6,0,0,0,0,1,2,2,0,0,0,2,1,2,E01018243,3,1,0.0,1.0
2020350984345,2020,350984345,546531.0,255274.0,0.141546,52.176282,35,3,2,1,22/09/2020,3,08:00,390,E07000008,E10000003,E10000003,6,0,2,20,7,17,-1,6,0,-1,-1,-1,1,1,1,-1,-1,-1,1,2,2,E01017995,3,1,0.0,1.0
2021351074287,2021,351074287,546816.0,259203.0,0.147412,52.211505,35,3,2,1,02/05/2021,1,19:15,-1,E07000008,E10000003,E10000003,3,1134,3,30,0,0,-1,0,-1,0,0,0,1,1,1,0,0,0,1,1,2,E01017945,3,1,0.0,1.0
2021351066202,2021,351066202,546374.0,256068.0,0.139594,52.183457,35,2,2,1,22/06/2021,3,10:47,-1,E07000008,E10000003,E10000003,3,1307,6,30,3,13,4,6,0,0,0,0,1,1,1,0,0,0,1,3,2,E01017993,6,1,1.0,0.0
2021351105445,2021,351105445,548663.0,260519.0,0.175001,52.222833,35,3,1,2,05/09/2021,1,17:17,-1,E07000012,E10000003,E10000003,4,1047,6,20,0,0,-1,0,-1,2,4,12,1,1,1,0,0,0,2,1,2,E01018297,3,1,0.0,1.0
2021351111168,2021,351111168,546836.0,258139.0,0.147243,52.201941,35,3,2,1,16/11/2021,3,15:30,-1,E07000008,E10000003,E10000003,6,0,6,20,1,0,4,6,0,0,0,0,1,1,1,0,0,0,1,2,2,E01017997,3,1,0.0,1.0
2022351172212,2022,351172212,547273.0,262230.0,0.155383,52.238566,35,3,2,2,22/04/2022,6,13:05,-1,E07000012,E10000003,E10000003,6,0,7,20,0,0,-1,0,-1,0,0,0,1,1,1,0,0,0,1,3,2,E01018274,3,1,0.0,1.0
2022351188837,2022,351188837,545232.0,258231.0,0.1238,52.20318,35,2,2,1,07/06/2022,3,17:17,-1,E07000008,E10000003,E10000003,6,0,6,30,0,0,-1,0,-1,0,0,0,1,9,-1,-1,-1,-1,1,3,2,E01032797,7,1,1.0,0.0
2022351236711,2022,351236711,547886.0,259342.0,0.163092,52.212456,35,2,2,1,28/09/2022,4,21:59,-1,E07000008,E10000003,E10000003,6,0,1,20,1,0,4,3,1303,0,0,0,4,1,1,0,0,0,1,1,2,E01017946,7,1,1.0,0.0
2023351271005,2023,351271005,549102.0,257143.0,0.179909,52.192373,35,2,1,1,07/01/2023,7,02:20,-1,E07000008,E10000003,E10000003,6,0,6,20,0,0,-1,0,-1,0,0,0,4,1,2,0,0,0,1,1,2,E01017963,7,1,1.0,0.0
2023351369325,2023,351369325,545092.0,259982.0,0.122503,52.218948,35,3,2,1,31/10/2023,3,17:50,-1,E07000008,E10000003,E10000003,6,0,6,20,3,13,4,6,0,0,4,14,4,1,-1,-1,-1,-1,1,3,2,E01018007,3,1,0.0,1.0
2024351433127,2024,351433127,547136.0,254875.0,0.15019,52.17252,35,3,2,1,11/04/2024,5,17:20,-1,E07000008,E10000003,E10000003,3,1307,6,30,-1,0,-1,6,0,-1,-1,0,1,1,1,-1,-1,0,1,3,2,E01017995,3,1,0.0,1.0
2020350972549,2020,350972549,547600.0,258046.0,0.158373,52.200901,35,2,2,1,26/07/2020,1,15:38,390,E07000008,E10000003,E10000003,3,1134,1,40,1,0,4,3,1134,0,0,0,1,1,1,0,0,0,1,1,2,E01017997,7,1,1.0,0.0
2022351228648,2022,351228648,545086.0,258458.0,0.121763,52.205258,35,2,3,2,29/09/2022,5,17:08,-1,E07000008,E10000003,E10000003,6,0,6,30,3,13,4,6,0,0,0,0,1,1,1,0,0,0,1,1,2,E01032797,7,1,1.0,0.0
2022351258318,2022,351258318,547608.0,258028.0,0.158454,52.200726,35,3,2,1,29/11/2022,3,10:19,-1,E07000008,E10000003,E10000003,3,1134,1,30,1,0,4,3,1134,0,0,0,1,2,2,0,0,0,1,1,2,E01017997,3,1,0.0,1.0
2023351298834,2023,351298834,545198.0,258716.0,0.123511,52.207546,35,3,2,1,17/04/2023,2,16:37,-1,E07000008,E10000003,E10000003,6,0,6,30,0,0,-1,0,-1,0,0,0,1,1,-1,-1,-1,-1,1,3,2,E01032797,3,1,0.0,1.0
2024351475115,2024,351475115,542870.0,254469.0,0.08768,52.17,35,3,2,1,08/06/2024,7,03:42,-1,E07000012,E10000003,E10000003,1,11,3,70,-1,0,-1,-1,-1,-1,-1,0,1,1,1,-1,-1,0,2,1,1,E01018256,3,1,0.0,1.0
2024351537544,2024,351537544,545092.0,260912.0,0.1229,52.2273,35,3,2,1,15/12/2024,1,00:10,-1,E07000008,E10000003,E10000003,6,0,6,20,-1,13,-1,6,0,-1,-1,13,4,1,1,-1,-1,-1,1,3,2,E01017954,3,1,0.0,1.0
2020350970607,2020,350970607,546635.0,259153.0,0.144743,52.211104,35,3,2,2,28/07/2020,3,10:36,390,E07000008,E10000003,E10000003,6,0,3,30,0,0,-1,0,-1,0,0,0,1,1,1,0,0,0,1,1,2,E01017943,3,1,0.0,1.0
2021351060705,2021,351060705,544928.0,261223.0,0.120664,52.230152,35,3,2,1,05/06/2021,7,14:42,-1,E07000008,E10000003,E10000003,6,0,6,30,3,13,4,6,0,0,0,0,1,1,1,0,0,0,1,1,2,E01017978,3,1,0.0,1.0
2022351136689,2022,351136689,540045.0,262701.0,0.0498,52.244682,35,3,2,1,19/01/2022,4,09:35,-1,E07000012,E10000003,E10000003,3,14,3,70,0,0,-1,0,-1,0,0,0,1,1,1,0,0,0,2,1,1,E01018237,3,1,0.0,1.0
2023351389769,2023,351389769,546879.0,262172.0,0.149593,52.23815,35,3,1,1,17/06/2023,7,14:26,-1,E07000012,E10000003,E10000003,3,14,7,60,0,0,-1,0,-1,0,0,0,1,1,1,0,0,0,2,1,1,E01018274,3,1,0.0,1.0
2024351417308,2024,351417308,544980.0,259338.0,0.12059,52.21319,35,3,2,2,24/02/2024,7,21:17,-1,E07000008,E10000003,E10000003,3,1303,6,30,-1,19,-1,6,0,-1,-1,13,4,1,1,-1,-1,0,1,1,2,E01018009,3,1,0.0,1.0
2020350941565,2020,350941565,544604.0,259061.0,0.115,52.210813,35,2,2,1,22/02/2020,7,14:38,390,E07000008,E10000003,E10000003,6,0,6,30,6,16,2,3,1303,0,0,0,1,1,1,0,0,0,1,1,2,E01017950,6,1,1.0,0.0
2021351021983,2021,351021983,545150.0,259484.0,0.123167,52.21447,35,3,2,1,03/01/2021,1,09:50,-1,E07000008,E10000003,E10000003,3,1134,2,20,3,13,4,3,1134,0,0,0,1,8,2,0,0,0,1,1,2,E01018009,3,1,0.0,1.0
2021351044825,2021,351044825,548051.0,254881.0,0.163586,52.172345,35,3,2,1,11/05/2021,3,17:37,-1,E07000012,E10000003,E10000003,6,0,6,30,3,13,4,6,0,0,0,0,1,1,-1,0,0,0,2,3,2,E01017995,3,1,0.0,1.0
2021351068159,2021,351068159,546988.0,262723.0,0.151456,52.243083,35,2,2,1,07/07/2021,4,16:13,-1,E07000012,E10000003,E10000003,3,10,6,50,0,0,-1,0,-1,0,0,0,1,1,1,0,0,0,2,1,2,E01018274,7,1,1.0,0.0
2021351076159,2021,351076159,541785.0,260787.0,0.074493,52.227052,35,2,2,1,09/08/2021,2,15:05,-1,E07000012,E10000003,E10000003,1,11,3,70,5,0,4,1,11,0,0,0,1,1,-1,-1,-1,-1,2,2,1,E01018224,7,1,1.0,0.0
2021351077385,2021,351077385,545107.0,254321.0,0.120329,52.168095,35,2,2,1,15/08/2021,1,17:20,-1,E07000008,E10000003,E10000003,6,0,1,30,1,0,4,6,0,0,0,0,1,1,1,0,0,0,2,2,2,E01018003,7,1,1.0,0.0
2022351130720,2022,351130720,545464.0,258754.0,0.127417,52.207818,35,2,1,1,06/01/2022,5,16:13,-1,E07000008,E10000003,E10000003,6,0,1,20,1,0,4,6,0,0,0,0,4,1,2,0,0,0,1,1,2,E01032797,7,1,1.0,0.0
2022351168931,2022,351168931,544852.0,258082.0,0.11818,52.201941,35,3,2,1,15/04/2022,6,13:02,-1,E07000008,E10000003,E10000003,6,0,6,30,3,13,4,6,0,0,0,0,1,1,-1,-1,-1,-1,1,3,2,E01032797,3,1,0.0,1.0
2023351334333,2023,351334333,541640.0,261427.0,0.072612,52.232828,35,3,1,1,06/07/2023,5,16:34,-1,E07000012,E10000003,E10000003,3,1307,3,70,0,0,-1,0,-1,0,0,0,1,1,1,0,0,0,2,1,2,E01018249,3,1,0.0,1.0
2024351394803,2024,351394803,542412.0,259291.0,0.08301,52.21344,35,3,3,1,02/01/2024,3,16:18,-1,E07000008,E10000003,E10000003,3,1303,3,40,-1,13,2,3,1303,-1,-1,0,1,2,2,-1,-1,0,2,3,2,E01035516,3,1,0.0,1.0
2022351218641,2022,351218641,545870.0,258385.0,0.133196,52.204395,35,3,2,1,19/01/2022,4,13:30,-1,E07000008,E10000003,E10000003,3,603,6,30,3,13,4,6,0,0,0,0,1,1,1,0,0,0,1,1,2,E01017991,3,1,0.0,1.0
2022351175664,2022,351175664,545138.0,257594.0,0.122153,52.197482,35,3,2,1,03/05/2022,3,09:08,-1,E07000008,E10000003,E10000003,3,1134,6,30,1,0,4,3,603,0,8,17,1,1,1,0,0,0,1,3,2,E01032797,3,1,0.0,1.0
2022351206870,2022,351206870,544372.0,260314.0,0.112113,52.22212,35,3,2,1,05/07/2022,3,12:51,-1,E07000008,E10000003,E10000003,4,1049,6,30,6,16,1,6,0,0,0,0,1,1,1,0,0,0,1,1,2,E01017955,3,1,0.0,1.0
2022351248219,2022,351248219,543817.0,259100.0,0.103478,52.211358,35,3,2,1,20/11/2022,1,12:35,-1,E07000008,E10000003,E10000003,3,1303,6,30,3,13,4,6,0,0,0,0,1,1,1,0,0,0,1,3,2,E01017958,3,1,0.0,1.0
2020350952664,2020,350952664,549048.0,259221.0,0.180062,52.211068,35,3,2,1,18/05/2020,2,15:10,395,E07000012,E10000003,E10000003,3,1303,6,30,0,0,-1,0,-1,0,0,0,1,1,1,0,0,0,2,2,2,E01018297,3,1,0.0,1.0
2020350967375,2020,350967375,538072.0,259575.0,0.019673,52.217105,35,2,2,5,26/07/2020,1,12:42,395,E07000012,E10000003,E10000003,3,428,3,70,0,0,-1,0,-1,0,0,0,1,1,1,0,0,0,2,1,1,E01018224,6,1,1.0,0.0
2022351181298,2022,351181298,546829.0,263131.0,0.149277,52.246779,35,3,3,1,22/03/2022,3,08:35,-1,E07000012,E10000003,E10000003,6,0,6,60,0,0,-1,0,-1,0,0,0,1,1,1,0,0,0,2,1,2,E01018274,3,1,0.0,1.0
2024351502467,2024,351502467,549342.0,260660.0,0.18497,52.2239,35,3,5,2,02/10/2024,4,08:17,-1,E07000012,E10000003,E10000003,3,14,3,60,-1,0,-1,-1,-1,-1,-1,0,1,1,1,-1,-1,0,2,1,1,E01018297,3,1,0.0,1.0
2024351521577,2024,351521577,546604.0,252398.0,0.14134,52.15041,35,3,2,1,19/11/2024,3,07:11,-1,E07000012,E10000003,E10000003,6,0,6,30,-1,0,-1,6,0,-1,-1,0,4,2,2,-1,-1,0,1,3,2,E01018294,3,1,0.0,1.0
2020350936255,2020,350936255,545724.0,258171.0,0.130997,52.202523,35,3,2,1,02/03/2020,2,16:25,390,E07000008,E10000003,E10000003,6,0,9,20,9,19,-1,3,603,-1,-1,-1,1,1,-1,-1,-1,-1,1,2,2,E01032797,3,1,0.0,1.0
2023351293065,2023,351293065,535444.0,255763.0,-0.02032,52.183495,35,3,2,1,30/03/2023,5,08:00,-1,E07000012,E10000003,E10000003,4,1046,6,30,0,0,-1,0,-1,0,0,0,1,1,2,0,0,0,2,3,2,E01018231,3,1,0.0,1.0
2024351413230,2024,351413230,546091.0,256708.0,0.1357,52.18927,35,3,2,1,07/02/2024,4,08:00,-1,E07000008,E10000003,E10000003,6,0,6,30,-1,13,2,3,1307,-1,-1,15,1,1,1,-1,-1,0,1,1,2,E01035518,3,1,0.0,1.0
2021351056087,2021,351056087,545491.0,257788.0,0.127426,52.199143,35,3,2,1,18/05/2021,3,17:20,-1,E07000008,E10000003,E10000003,3,1307,6,30,6,16,2,6,0,0,5,15,1,1,1,0,0,0,1,1,2,E01018005,3,1,0.0,1.0
2021351110580,2021,351110580,544365.0,261683.0,0.112623,52.234433,35,3,2,3,04/09/2021,7,13:25,-1,E07000012,E10000003,E10000003,4,1049,1,30,0,0,-1,0,-1,0,0,0,1,1,1,0,0,0,2,1,2,E01033121,3,1,0.0,1.0
2021351093494,2021,351093494,545145.0,261011.0,0.123748,52.228191,35,3,2,1,29/09/2021,4,08:15,-1,E07000008,E10000003,E10000003,6,0,6,20,3,13,4,6,0,0,0,0,1,1,1,0,0,0,1,3,2,E01017952,3,1,0.0,1.0
2023351352040,2023,351352040,547007.0,260468.0,0.150725,52.222807,35,3,2,1,07/09/2023,5,15:40,-1,E07000008,E10000003,E10000003,6,0,6,20,0,0,-1,0,-1,0,0,0,1,1,1,0,0,0,1,3,2,E01017971,3,1,0.0,1.0
2023351374942,2023,351374942,549532.0,256732.0,0.186014,52.188565,35,3,2,1,13/11/2023,2,14:26,-1,E07000012,E10000003,E10000003,6,0,6,30,3,13,4,6,0,0,0,0,1,1,1,0,0,0,1,3,2,E01018287,3,1,0.0,1.0
2023351394691,2023,351394691,541933.0,258056.0,0.075487,52.202466,35,3,1,1,21/12/2023,5,14:33,-1,E07000012,E10000003,E10000003,1,11,3,70,0,0,-1,0,-1,0,0,0,1,1,1,0,0,0,2,1,1,E01018224,3,1,0.0,1.0
2024351438801,2024,351438801,541663.0,259452.0,0.07212,52.21508,35,3,2,2,22/04/2024,2,09:23,-1,E07000008,E10000003,E10000003,3,1303,3,70,-1,0,-1,6,0,-1,-1,0,1,1,1,-1,-1,0,2,1,2,E01035516,3,1,0.0,1.0
2020350929026,2020,350929026,544068.0,263227.0,0.108934,52.248382,35,3,2,2,30/01/2020,5,13:55,395,E07000012,E10000003,E10000003,4,1049,6,30,0,0,-1,0,-1,0,0,0,1,1,1,0,0,0,1,1,2,E01018260,3,1,0.0,1.0
2020350968809,2020,350968809,543969.0,261687.0,0.10683,52.234572,35,3,3,1,30/07/2020,5,13:30,395,E07000012,E10000003,E10000003,3,14,3,70,0,0,-1,0,-1,0,0,0,1,1,1,0,0,0,2,2,1,E01033120,3,1,0.0,1.0
2021351034034,2021,351034034,547335.0,260210.0,0.15544,52.220413,35,3,2,1,08/04/2021,5,17:30,-1,E07000008,E10000003,E10000003,6,0,6,20,0,0,-1,0,-1,0,0,0,1,1,1,0,0,0,1,2,2,E01017972,3,1,0.0,1.0
2021351048809,2021,351048809,547791.0,259334.0,0.161728,52.212421,35,3,1,1,24/04/2021,7,19:08,-1,E07000008,E10000003,E10000003,3,1134,1,30,0,0,-1,0,-1,0,0,0,1,1,1,0,0,0,1,1,2,E01017946,3,1,0.0,1.0
2021351085758,2021,351085758,545968.0,258540.0,0.134724,52.205774,35,3,2,1,08/09/2021,4,16:10,-1,E07000008,E10000003,E10000003,3,603,3,30,3,13,4,6,0,0,0,0,1,1,1,0,0,0,1,2,2,E01017983,3,1,0.0,1.0
2021351095149,2021,351095149,545019.0,258183.0,0.120694,52.202816,35,3,2,1,28/09/2021,3,20:50,-1,E07000008,E10000003,E10000003,6,0,6,20,3,13,4,6,0,0,0,0,4,2,2,0,0,0,1,1,2,E01032797,3,1,0.0,1.0
2021351102844,2021,351102844,545174.0,258326.0,0.123021,52.20406,35,2,1,1,05/10/2021,3,11:51,-1,E07000008,E10000003,E10000003,6,0,6,20,3,13,4,6,0,0,0,0,1,1,1,0,0,0,1,1,2,E01032797,7,1,1.0,0.0
2022351147108,2022,351147108,547029.0,255645.0,0.148956,52.179471,35,3,1,1,15/01/2022,7,20:37,-1,E07000008,E10000003,E10000003,3,1134,1,30,1,0,4,6,0,0,1,13,4,1,1,0,0,0,1,1,2,E01017992,3,1,0.0,1.0
2023351274392,2023,351274392,546983.0,262708.0,0.151347,52.242938,35,1,1,1,08/02/2023,4,23:10,-1,E07000012,E10000003,E10000003,3,10,6,50,0,0,-1,0,-1,0,0,0,6,1,1,0,0,0,2,1,2,E01018274,1,1,0.0,0.0
2023351372990,2023,351372990,546058.0,259285.0,0.136333,52.212431,35,2,1,1,25/10/2023,4,22:22,-1,E07000008,E10000003,E10000003,3,1134,3,30,0,0,-1,0,-1,0,0,0,4,1,1,0,0,0,1,1,2,E01018010,6,1,1.0,0.0
2024351399070,2024,351399070,540635.0,255776.0,0.05556,52.18231,35,3,2,2,12/01/2024,6,20:12,-1,E07000012,E10000003,E10000003,4,1046,6,30,-1,13,4,6,0,-1,-1,0,4,1,2,-1,-1,0,2,1,2,E01018224,3,1,0.0,1.0
2021351036165,2021,351036165,545548.0,257709.0,0.128225,52.198418,35,3,2,1,09/03/2021,3,12:44,-1,E07000008,E10000003,E10000003,3,1307,3,30,3,13,4,6,0,0,0,0,1,1,1,0,0,0,1,1,2,E01018005,3,1,0.0,1.0
2021351054084,2021,351054084,544482.0,260142.0,0.113677,52.220557,35,3,2,1,14/05/2021,6,09:05,-1,E07000008,E10000003,E10000003,6,0,6,20,3,13,4,6,0,0,0,0,1,8,2,0,0,0,1,1,2,E01017953,3,1,0.0,1.0
2021351128179,2021,351128179,547048.0,260801.0,0.151498,52.2258,35,2,2,1,25/11/2021,5,18:45,-1,E07000008,E10000003,E10000003,6,0,6,20,3,13,4,6,0,0,0,0,6,8,2,0,0,0,1,1,2,E01017971,7,1,1.0,0.0
2022351205653,2022,351205653,546682.0,255047.0,0.143626,52.174191,35,3,2,1,27/07/2022,4,06:10,-1,E07000008,E10000003,E10000003,6,0,6,30,9,19,-1,6,0,0,0,0,1,1,1,0,0,0,1,1,2,E01017995,3,1,0.0,1.0
2022351234505,2022,351234505,545024.0,257581.0,0.120481,52.197395,35,3,2,1,30/09/2022,6,20:09,-1,E07000008,E10000003,E10000003,3,1134,6,30,0,0,-1,0,-1,0,0,0,4,2,2,-1,0,0,1,3,2,E01018005,3,1,0.0,1.0
2023351321139,2023,351321139,546444.0,258920.0,0.14182,52.20905,35,3,3,1,11/06/2023,1,16:38,-1,E07000008,E10000003,E10000003,3,1134,3,30,0,0,-1,0,-1,0,0,0,1,1,1,0,0,0,1,1,2,E01017943,3,1,0.0,1.0
2020350924315,2020,350924315,545993.0,257311.0,0.13456,52.194725,35,3,2,1,27/01/2020,2,18:38,390,E07000008,E10000003,E10000003,6,0,9,20,3,13,-1,6,0,0,0,0,4,1,-1,0,0,0,1,2,2,E01017987,3,1,0.0,1.0
2020350970588,2020,350970588,545164.0,257318.0,0.122443,52.195007,35,3,2,1,14/07/2020,3,17:45,390,E07000008,E10000003,E10000003,3,1134,6,30,3,13,4,6,0,0,0,0,1,2,1,0,0,0,1,1,2,E01018005,3,1,0.0,1.0
2021351030187,2021,351030187,541725.0,260876.0,0.073653,52.227867,35,2,3,1,16/03/2021,3,10:45,-1,E07000012,E10000003,E10000003,1,11,3,70,0,0,-1,0,-1,0,0,0,1,1,1,0,0,0,2,1,1,E01018224,7,1,1.0,0.0
2021351042463,2021,351042463,545341.0,257574.0,0.125141,52.19726,35,3,2,1,05/05/2021,4,14:10,-1,E07000008,E10000003,E10000003,6,0,6,20,0,0,-1,0,-1,0,0,0,1,1,1,0,0,0,1,2,2,E01018005,3,1,0.0,1.0
2021351080392,2021,351080392,545964.0,258022.0,0.134442,52.201121,35,3,2,1,14/08/2021,7,21:26,-1,E07000008,E10000003,E10000003,6,0,6,20,0,0,-1,0,-1,0,0,0,4,1,1,0,0,0,1,1,2,E01017988,3,1,0.0,1.0
2021351137178,2021,351137178,542373.0,255214.0,0.080756,52.17683,35,3,3,2,23/10/2021,7,23:10,-1,E07000012,E10000003,E10000003,1,11,3,70,0,0,-1,0,-1,0,0,0,6,1,1,0,3,18,2,1,1,E01018225,3,1,0.0,1.0
2021351108667,2021,351108667,545136.0,257594.0,0.122152,52.197494,35,2,2,1,28/10/2021,5,00:57,-1,E07000008,E10000003,E10000003,3,1134,6,30,2,0,4,3,603,0,0,0,4,1,1,0,0,0,1,1,2,E01032797,6,1,1.0,0.0
2023351377456,2023,351377456,542483.0,255018.0,0.082253,52.17503,35,3,2,1,10/11/2023,6,17:22,-1,E07000012,E10000003,E10000003,1,11,3,70,0,0,-1,0,-1,0,0,0,6,1,1,0,0,0,2,1,1,E01018225,3,1,0.0,1.0
2024351513109,2024,351513109,544350.0,260083.0,0.11169,52.22005,35,2,4,1,04/09/2024,4,11:11,-1,E07000008,E10000003,E10000003,4,1049,6,30,-1,13,4,6,0,-1,-1,0,1,1,1,-1,-1,0,1,1,2,E01017949,7,1,1.0,0.0
2020351009587,2020,351009587,547381.0,262242.0,0.156998,52.238657,35,2,2,1,06/12/2020,1,10:43,395,E07000012,E10000003,E10000003,6,0,6,20,0,0,-1,0,-1,0,1,13,1,8,2,0,0,0,1,1,2,E01018274,7,1,1.0,0.0
2021351096947,2021,351096947,545004.0,260683.0,0.121545,52.225281,35,3,2,1,07/10/2021,5,15:30,-1,E07000008,E10000003,E10000003,6,0,6,30,0,0,-1,0,-1,0,5,15,1,1,-1,-1,-1,-1,1,3,2,E01017952,3,1,0.0,1.0
2021351097848,2021,351097848,546149.0,252617.0,0.134821,52.152511,35,3,1,1,11/10/2021,2,07:53,-1,E07000012,E10000003,E10000003,3,1301,6,30,0,0,-1,0,-1,0,0,0,1,1,-1,-1,-1,-1,1,3,2,E01018294,3,1,0.0,1.0
2022351151743,2022,351151743,545419.0,260772.0,0.127626,52.225959,35,3,2,1,06/02/2022,1,22:50,-1,E07000008,E10000003,E10000003,6,0,6,30,3,13,4,6,0,0,0,0,4,1,2,0,0,0,1,1,2,E01017978,3,1,0.0,1.0
2022351190027,2022,351190027,551985.0,259763.0,0.223227,52.215124,35,3,2,1,06/03/2022,1,18:45,-1,E07000012,E10000003,E10000003,3,14,3,70,0,0,-1,0,-1,0,0,0,6,1,2,0,0,0,2,1,1,E01018297,3,1,0.0,1.0
2022351216121,2022,351216121,546502.0,261096.0,0.14361,52.228584,35,3,2,1,01/09/2022,5,08:55,-1,E07000008,E10000003,E10000003,6,0,6,20,3,13,4,6,0,0,0,0,1,1,-1,-1,-1,-1,1,3,2,E01017976,3,1,0.0,1.0
2022351224907,2022,351224907,545500.0,261743.0,0.129228,52.234662,35,3,2,1,28/09/2022,4,15:30,-1,E07000008,E10000003,E10000003,6,0,6,30,3,13,2,6,0,0,4,14,1,1,1,0,0,0,2,3,2,E01017979,3,1,0.0,1.0
2023351324125,2023,351324125,549650.0,257288.0,0.187984,52.193528,35,2,3,4,15/05/2023,2,15:40,-1,E07000012,E10000003,E10000003,6,0,6,40,0,0,-1,0,-1,0,0,0,1,1,2,0,0,0,2,1,2,E01018286,5,1,1.0,0.0
2023351321147,2023,351321147,547380.0,262137.0,0.156909,52.237702,35,3,2,1,16/06/2023,6,16:53,-1,E07000012,E10000003,E10000003,6,0,6,30,0,0,-1,0,-1,0,0,0,1,1,-1,-1,-1,-1,1,3,2,E01018273,3,1,0.0,1.0
2024351542334,2024,351542334,548806.0,253478.0,0.17398,52.15953,35,3,2,2,03/01/2024,4,12:50,-1,E07000012,E10000003,E10000003,3,1307,6,50,-1,13,4,6,0,-1,-1,0,1,1,2,-1,-1,0,2,1,2,E01018295,3,1,0.0,1.0
2020350923619,2020,350923619,548055.0,254877.0,0.163643,52.172308,35,3,2,1,16/01/2020,5,08:30,395,E07000012,E10000003,E10000003,6,0,6,60,3,13,4,6,0,0,0,0,1,1,2,0,0,0,2,1,2,E01018292,3,1,0.0,1.0
2020350937515,2020,350937515,546639.0,257670.0,0.144159,52.197779,35,2,2,1,05/03/2020,5,19:30,390,E07000008,E10000003,E10000003,6,0,6,20,3,13,4,6,0,0,0,0,4,1,2,0,0,0,1,2,2,E01017998,7,1,1.0,0.0
2020350975666,2020,350975666,545708.0,256999.0,0.130259,52.191997,35,3,2,1,20/08/2020,5,07:40,390,E07000008,E10000003,E10000003,6,0,6,30,8,18,-1,6,0,0,0,0,1,1,1,0,0,0,1,2,2,E01032795,3,1,0.0,1.0
2020350977966,2020,350977966,546626.0,255013.0,0.142821,52.173911,35,3,2,1,03/09/2020,5,13:26,390,E07000008,E10000003,E10000003,6,0,6,20,0,0,-1,0,-1,0,1,13,1,1,2,0,0,0,1,1,2,E01017995,3,1,0.0,1.0
2020350999730,2020,350999730,545250.0,257664.0,0.123849,52.198093,35,2,2,1,14/11/2020,7,19:45,390,E07000008,E10000003,E10000003,3,603,6,30,3,13,4,6,0,0,0,0,4,2,2,0,0,0,1,1,2,E01018005,7,1,1.0,0.0
2021351062052,2021,351062052,549181.0,256106.0,0.180636,52.183047,35,3,2,1,16/06/2021,4,08:50,-1,E07000008,E10000003,E10000003,6,0,6,30,0,0,-1,0,-1,0,0,0,1,1,1,0,0,0,2,1,2,E01017960,3,1,0.0,1.0
2022351137114,2022,351137114,545665.0,257512.0,0.129823,52.196606,35,2,2,1,20/01/2022,5,16:50,-1,E07000008,E10000003,E10000003,3,1307,6,30,3,13,4,6,0,0,0,0,4,1,1,0,0,0,1,3,2,E01017987,7,1,1.0,0.0
2022351168865,2022,351168865,548344.0,256244.0,0.168435,52.184501,35,3,2,1,07/04/2022,5,07:40,-1,E07000008,E10000003,E10000003,6,0,6,40,3,13,4,6,0,0,0,0,1,1,1,-1,-1,-1,1,3,2,E01017959,3,1,0.0,1.0
2022351238248,2022,351238248,538297.0,255794.0,0.021395,52.183066,35,3,2,1,27/10/2022,5,12:00,-1,E07000012,E10000003,E10000003,6,0,6,50,0,0,-1,0,-1,0,0,0,1,1,2,0,0,0,2,3,2,E01018232,3,1,0.0,1.0
2024351443673,2024,351443673,547806.0,263365.0,0.16368,52.24862,35,2,2,3,13/04/2024,7,16:30,-1,E07000012,E10000003,E10000003,3,10,3,50,-1,13,4,6,0,-1,-1,0,1,1,1,-1,-1,0,2,1,2,E01018272,7,1,1.0,0.0
2024351533935,2024,351533935,546667.0,261014.0,0.14599,52.2278,35,3,2,1,25/11/2024,2,17:05,-1,E07000008,E10000003,E10000003,3,1309,6,30,-1,0,-1,6,0,-1,-1,15,4,1,-1,-1,-1,99,1,3,2,E01017976,3,1,0.0,1.0
2022351232085,2022,351232085,545119.0,258422.0,0.12223,52.204926,35,2,2,1,21/05/2022,7,23:33,-1,E07000008,E10000003,E10000003,6,0,6,20,6,16,4,6,0,0,0,0,4,1,1,0,0,0,1,1,2,E01032797,7,1,1.0,0.0
2023351306697,2023,351306697,545861.0,259683.0,0.133623,52.216059,35,3,2,1,27/04/2023,5,10:15,-1,E07000008,E10000003,E10000003,3,1303,6,30,0,0,-1,0,-1,0,0,0,1,1,1,0,0,0,1,1,2,E01018008,3,1,0.0,1.0
2023351372529,2023,351372529,548283.0,259716.0,0.169062,52.21571,35,2,2,1,06/11/2023,2,15:30,-1,E07000008,E10000003,E10000003,4,1047,6,30,3,13,4,6,0,-1,-1,-1,1,1,1,-1,-1,-1,1,3,2,E01017948,7,1,1.0,0.0
2023351354907,2023,351354907,551502.0,259642.0,0.216109,52.21417,35,2,2,1,07/08/2023,2,07:10,-1,E07000012,E10000003,E10000003,3,14,3,70,0,0,-1,0,-1,0,0,0,1,1,1,0,0,0,2,1,1,E01018297,6,1,1.0,0.0
2023351430048,2023,351430048,544297.0,261307.0,0.111439,52.231061,35,3,2,1,30/11/2023,5,08:30,-1,E07000012,E10000003,E10000003,4,1049,6,30,0,0,-1,0,-1,-1,-1,-1,1,7,2,-1,-1,-1,2,1,2,E01033120,3,1,0.0,1.0
2020350962192,2020,350962192,542412.0,262097.0,0.084218,52.23866,35,3,2,1,19/06/2020,6,16:24,395,E07000012,E10000003,E10000003,6,0,6,30,3,13,4,6,0,0,0,0,1,1,1,0,0,0,1,1,2,E01018250,3,1,0.0,1.0
2020350970314,2020,350970314,547029.0,255629.0,0.148977,52.179339,35,3,3,1,05/08/2020,4,13:15,390,E07000008,E10000003,E10000003,3,1134,1,30,1,0,4,6,0,0,1,13,1,1,1,0,0,0,1,2,2,E01017993,3,1,0.0,1.0
2021351022395,2021,351022395,546442.0,261526.0,0.142947,52.232474,35,2,2,1,17/02/2021,4,18:00,-1,E07000012,E10000003,E10000003,6,0,6,30,3,13,4,6,0,0,0,0,4,1,2,0,0,0,1,2,2,E01018274,7,1,1.0,0.0
2021351077290,2021,351077290,541361.0,261423.0,0.068556,52.232875,35,3,1,1,11/08/2021,4,11:02,-1,E07000012,E10000003,E10000003,1,11,3,70,5,0,4,3,14,0,0,0,1,1,1,1,0,11,2,1,1,E01018249,3,1,0.0,1.0
2021351090119,2021,351090119,546521.0,257717.0,0.142455,52.198233,35,2,1,1,25/08/2021,4,17:00,-1,E07000008,E10000003,E10000003,6,0,6,20,0,0,-1,0,-1,0,0,0,1,1,1,0,0,0,1,2,2,E01017998,5,1,1.0,0.0
2021351117118,2021,351117118,542863.0,259274.0,0.089628,52.213181,35,3,2,1,09/11/2021,3,18:59,-1,E07000008,E10000003,E10000003,3,1303,3,30,3,13,2,6,0,0,8,17,4,1,1,0,0,0,1,2,2,E01017956,3,1,0.0,1.0
2023351271802,2023,351271802,541961.0,260453.0,0.076901,52.223995,35,2,2,1,24/01/2023,3,09:43,-1,E07000012,E10000003,E10000003,1,11,3,70,0,0,-1,0,-1,0,0,0,1,1,1,0,0,0,2,1,1,E01018224,7,1,1.0,0.0
2023351285407,2023,351285407,545898.0,260229.0,0.134399,52.220955,35,3,2,1,04/03/2023,7,14:35,-1,E07000008,E10000003,E10000003,3,1309,6,20,6,16,2,6,0,0,5,15,1,1,1,0,0,0,1,3,2,E01018006,3,1,0.0,1.0
2024351412301,2024,351412301,543727.0,253203.0,0.09966,52.1584,35,3,2,1,07/02/2024,4,10:00,-1,E07000012,E10000003,E10000003,3,10,3,60,-1,0,-1,-1,-1,-1,-1,0,1,1,1,-1,-1,0,2,1,2,E01018256,3,1,0.0,1.0
2024351411993,2024,351411993,544652.0,254583.0,0.11376,52.17056,35,3,2,1,08/02/2024,5,08:35,-1,E07000008,E10000003,E10000003,3,1301,6,30,-1,0,-1,6,0,-1,-1,0,1,2,2,-1,-1,0,1,1,2,E01035528,3,1,0.0,1.0
2024351424470,2024,351424470,546057.0,258654.0,0.13605,52.20676,35,3,2,3,06/03/2024,4,00:15,-1,E07000008,E10000003,E10000003,3,603,3,30,-1,13,2,6,0,-1,-1,15,4,1,1,-1,-1,0,1,1,2,E01017983,3,1,0.0,1.0
2021351040902,2021,351040902,546654.0,258769.0,0.144854,52.207649,35,3,2,1,26/04/2021,2,15:56,-1,E07000008,E10000003,E10000003,6,0,1,30,1,0,4,6,0,0,0,0,1,1,1,0,0,0,1,1,2,E01017990,3,1,0.0,1.0
2021351058341,2021,351058341,539398.0,259480.0,0.039031,52.215918,35,2,1,1,05/06/2021,7,12:32,-1,E07000012,E10000003,E10000003,3,1303,6,60,0,0,-1,0,-1,0,0,0,1,1,1,0,0,0,2,1,2,E01018224,7,1,1.0,0.0
2021351115326,2021,351115326,548223.0,256263.0,0.166703,52.184715,35,3,2,1,05/08/2021,5,06:38,-1,E07000008,E10000003,E10000003,6,0,6,30,3,13,4,6,0,0,0,0,1,1,1,0,0,0,1,1,2,E01017961,3,1,0.0,1.0
2021351110698,2021,351110698,547262.0,256460.0,0.152742,52.186742,35,3,2,1,07/11/2021,1,12:45,-1,E07000008,E10000003,E10000003,3,1134,1,30,1,0,-1,6,0,0,0,0,1,1,1,0,0,0,1,3,2,E01017968,3,1,0.0,1.0
2022351223114,2022,351223114,546516.0,261231.0,0.143873,52.229793,35,3,2,1,07/07/2022,5,18:11,-1,E07000008,E10000003,E10000003,6,0,6,20,0,0,-1,0,-1,0,0,0,1,1,1,0,0,0,1,1,2,E01017976,3,1,0.0,1.0
2022351221982,2022,351221982,543666.0,257503.0,0.100593,52.197049,35,3,2,1,30/07/2022,7,14:00,-1,E07000008,E10000003,E10000003,6,0,6,40,0,0,-1,0,-1,0,0,0,1,1,1,0,0,0,1,1,2,E01017984,3,1,0.0,1.0
2022351236915,2022,351236915,544343.0,260038.0,0.111571,52.219648,35,3,2,1,21/10/2022,6,17:45,-1,E07000008,E10000003,E10000003,4,1049,6,30,0,0,-1,0,-1,0,0,0,1,1,1,0,0,0,1,3,2,E01017949,3,1,0.0,1.0
2022351242090,2022,351242090,546786.0,256824.0,0.145914,52.190128,35,3,1,1,22/10/2022,7,13:00,-1,E07000008,E10000003,E10000003,6,0,6,30,3,13,4,6,0,0,0,0,1,1,1,0,0,0,1,3,2,E01017965,3,1,0.0,1.0
2023351339479,2023,351339479,544347.0,260634.0,0.111883,52.225001,35,2,2,1,01/08/2023,3,16:30,-1,E07000008,E10000003,E10000003,4,1049,6,40,3,13,-1,6,0,-1,-1,-1,1,1,1,-1,-1,-1,1,3,2,E01017955,7,1,1.0,0.0
2024351429046,2024,351429046,544485.0,261436.0,0.11424,52.23217,35,3,2,1,22/03/2024,6,15:25,-1,E07000012,E10000003,E10000003,6,0,6,30,-1,13,4,6,0,-1,-1,14,1,1,1,-1,-1,0,1,1,2,E01033121,3,1,0.0,1.0
2020350988727,2020,350988727,542103.0,256858.0,0.077499,52.19167,35,3,2,1,10/10/2020,7,18:45,395,E07000012,E10000003,E10000003,6,0,6,30,0,0,-1,0,-1,0,0,0,4,2,2,0,0,0,2,2,2,E01018225,3,1,0.0,1.0
2021351048843,2021,351048843,546062.0,260421.0,0.13691,52.222648,35,2,2,1,14/03/2021,1,19:30,-1,E07000008,E10000003,E10000003,3,1309,6,30,0,0,-1,0,-1,0,4,14,4,2,2,0,0,0,1,1,2,E01018006,5,1,1.0,0.0
2022351184629,2022,351184629,551144.0,256389.0,0.209423,52.185044,35,3,2,1,27/05/2022,6,15:51,-1,E07000012,E10000003,E10000003,6,0,6,30,3,13,4,6,0,0,0,0,1,1,1,0,0,0,1,1,2,E01018243,3,1,0.0,1.0
2022351267914,2022,351267914,544279.0,260095.0,0.110659,52.220177,35,2,1,1,10/10/2022,2,12:15,-1,E07000008,E10000003,E10000003,6,0,6,30,0,0,-1,0,-1,0,0,0,1,1,1,0,0,0,1,1,2,E01017955,7,1,1.0,0.0
2022351232172,2022,351232172,549837.0,252658.0,0.188674,52.151882,35,3,2,1,18/10/2022,3,16:35,-1,E07000012,E10000003,E10000003,3,1307,6,50,3,13,4,6,0,0,0,0,1,1,1,0,0,0,2,3,2,E01018295,3,1,0.0,1.0
2024351404432,2024,351404432,545134.0,257649.0,0.12212,52.19798,35,3,2,1,19/01/2024,6,22:28,-1,E07000008,E10000003,E10000003,3,603,3,30,-1,-1,4,6,0,-1,-1,13,4,8,2,-1,-1,0,1,1,2,E01018005,3,1,0.0,1.0
2024351496637,2024,351496637,548861.0,256671.0,0.17618,52.1882,35,3,1,1,21/09/2024,7,16:15,-1,E07000008,E10000003,E10000003,6,0,6,30,-1,0,-1,-1,-1,-1,-1,0,1,1,1,-1,-1,-1,1,3,2,E01017963,3,1,0.0,1.0
2024351564084,2024,351564084,551529.0,259828.0,0.21659,52.21583,35,3,2,2,14/12/2024,7,13:52,-1,E07000012,E10000003,E10000003,3,1303,3,50,-1,13,2,4,1102,-1,-1,0,1,1,1,-1,-1,0,2,1,2,E01018297,3,1,0.0,1.0
2020350958958,2020,350958958,545183.0,259904.0,0.123829,52.218235,35,3,2,1,01/06/2020,2,13:14,390,E07000008,E10000003,E10000003,6,0,6,30,0,0,-1,0,-1,0,0,0,1,1,1,0,0,0,1,1,2,E01018007,3,1,0.0,1.0
2020350977373,2020,350977373,543747.0,257514.0,0.10181,52.197138,35,3,2,2,30/07/2020,5,03:40,390,E07000008,E10000003,E10000003,3,603,6,30,0,0,-1,0,-1,0,0,0,4,1,1,0,0,0,1,1,2,E01017985,3,1,0.0,1.0
2021351037694,2021,351037694,547592.0,258010.0,0.158241,52.20058,35,3,2,1,04/04/2021,1,13:34,-1,E07000008,E10000003,E10000003,3,1134,1,30,1,0,4,6,0,0,0,0,1,1,1,0,0,0,1,1,2,E01017997,3,1,0.0,1.0
2021351093462,2021,351093462,545967.0,257303.0,0.134176,52.19466,35,3,2,1,28/09/2021,3,19:40,-1,E07000008,E10000003,E10000003,6,0,6,30,3,13,4,6,0,0,0,0,4,2,2,0,0,0,1,3,2,E01032795,3,1,0.0,1.0
2022351170445,2022,351170445,545688.0,257455.0,0.130135,52.196088,35,2,2,1,15/04/2022,6,13:39,-1,E07000008,E10000003,E10000003,6,0,6,30,6,16,4,3,1307,0,0,0,1,1,1,0,0,0,1,1,2,E01018005,7,1,1.0,0.0
2022351267933,2022,351267933,544565.0,254913.0,0.112633,52.173545,35,3,2,1,16/08/2022,3,07:42,-1,E07000008,E10000003,E10000003,3,1309,6,30,8,18,4,6,0,0,0,0,1,1,1,0,0,0,1,1,2,E01018002,3,1,0.0,1.0
2023351328195,2023,351328195,552995.0,260230.0,0.23821,52.21904,35,3,2,1,07/07/2023,6,18:00,-1,E07000012,E10000003,E10000003,6,0,6,40,3,13,4,6,0,0,0,0,1,1,1,0,0,0,2,3,2,E01018297,3,1,0.0,1.0
2021351106389,2021,351106389,539336.0,259542.0,0.03815,52.216491,35,3,2,1,02/11/2021,3,08:40,-1,E07000012,E10000003,E10000003,3,428,7,60,1,0,4,3,1303,0,0,0,1,1,1,0,0,0,2,1,1,E01018224,3,1,0.0,1.0
2022351176258,2022,351176258,546077.0,258430.0,0.136242,52.204745,35,3,1,1,05/02/2022,7,18:02,-1,E07000008,E10000003,E10000003,6,0,6,20,3,13,4,6,0,0,0,0,4,1,1,0,0,0,1,1,2,E01017991,3,1,0.0,1.0
2022351236850,2022,351236850,542128.0,259366.0,0.078888,52.214186,35,3,2,1,05/10/2022,4,18:05,-1,E07000008,E10000003,E10000003,3,1303,6,40,3,13,2,1,11,0,0,0,1,1,1,0,0,0,2,1,2,E01017984,3,1,0.0,1.0
2023351384299,2023,351384299,544309.0,259449.0,0.110823,52.214365,35,3,2,1,07/12/2023,5,16:20,-1,E07000008,E10000003,E10000003,4,1049,7,30,0,0,-1,0,-1,0,5,15,4,2,2,0,0,0,1,3,2,E01017957,3,1,0.0,1.0
2024351537230,2024,351537230,545454.0,260732.0,0.12812,52.22559,35,2,1,1,13/11/2024,4,17:15,-1,E07000008,E10000003,E10000003,6,0,6,30,-1,13,2,6,0,-1,-1,0,4,1,1,-1,-1,0,1,1,2,E01017978,7,1,1.0,0.0
2020350981606,2020,350981606,546916.0,257598.0,0.148178,52.197059,35,2,1,1,15/09/2020,3,23:30,390,E07000008,E10000003,E10000003,6,0,6,30,6,16,2,6,0,0,5,15,4,1,1,0,0,0,1,2,2,E01018000,7,1,1.0,0.0
2021351068856,2021,351068856,548757.0,256133.0,0.174451,52.183404,35,2,2,1,06/06/2021,1,18:46,-1,E07000008,E10000003,E10000003,6,0,6,30,3,13,4,6,0,0,0,0,1,1,1,0,0,0,1,1,2,E01017960,7,1,1.0,0.0
2022351165346,2022,351165346,549359.0,257556.0,0.183848,52.196014,35,3,2,1,10/03/2022,5,07:30,-1,E07000012,E10000003,E10000003,6,0,1,30,1,0,4,6,0,0,0,0,1,1,1,0,0,0,2,1,2,E01018286,3,1,0.0,1.0
2022351230042,2022,351230042,544347.0,258904.0,0.111146,52.209459,35,3,1,1,03/10/2022,2,09:17,-1,E07000008,E10000003,E10000003,3,1134,6,30,0,0,-1,0,-1,0,0,0,1,1,1,0,0,0,1,1,2,E01017958,3,1,0.0,1.0
2023351339856,2023,351339856,545127.0,257661.0,0.122021,52.198087,35,2,2,1,08/06/2023,5,11:05,-1,E07000008,E10000003,E10000003,6,0,6,30,1,0,4,3,603,0,8,17,1,1,1,0,0,0,1,1,2,E01032797,7,1,1.0,0.0
2024351398889,2024,351398889,549206.0,259241.0,0.18235,52.21119,35,3,2,1,10/01/2024,4,20:37,-1,E07000012,E10000003,E10000003,3,1303,6,40,-1,19,2,6,0,-1,-1,0,4,8,1,-1,-1,0,1,1,2,E01018297,3,1,0.0,1.0
2024351436937,2024,351436937,548815.0,253484.0,0.17411,52.15958,35,3,2,1,22/04/2024,2,16:47,-1,E07000012,E10000003,E10000003,6,0,6,50,-1,16,4,3,1307,-1,-1,17,1,1,1,-1,-1,0,2,1,2,E01018295,3,1,0.0,1.0
2020350991227,2020,350991227,545784.0,257345.0,0.131519,52.195086,35,3,1,1,16/10/2020,6,19:00,390,E07000008,E10000003,E10000003,6,0,6,30,0,0,-1,0,-1,0,4,14,4,1,1,0,0,0,1,2,2,E01017987,3,1,0.0,1.0
2022351151350,2022,351151350,545278.0,259505.0,0.125019,52.214614,35,3,1,1,01/03/2022,3,22:30,-1,E07000008,E10000003,E10000003,3,1134,9,30,9,19,4,3,1134,0,8,17,4,2,2,0,0,0,1,3,2,E01018009,3,1,0.0,1.0
2023351321892,2023,351321892,548113.0,256755.0,0.165282,52.189154,35,3,2,1,12/06/2023,2,03:28,-1,E07000008,E10000003,E10000003,6,0,6,30,8,18,4,6,0,0,0,0,4,1,1,0,0,0,1,1,2,E01017961,3,1,0.0,1.0
2023351367643,2023,351367643,545105.0,258439.0,0.122032,52.205082,35,3,1,1,05/10/2023,5,13:36,-1,E07000008,E10000003,E10000003,6,0,6,20,0,0,-1,0,-1,0,0,0,1,1,1,0,0,0,1,1,2,E01032797,3,1,0.0,1.0
2023351363416,2023,351363416,547064.0,260983.0,0.151783,52.227419,35,2,1,1,11/10/2023,4,18:45,-1,E07000008,E10000003,E10000003,6,0,6,20,0,0,-1,0,-1,0,1,13,4,1,1,0,0,0,1,1,2,E01017971,5,1,1.0,0.0
2024351438662,2024,351438662,544332.0,259976.0,0.11138,52.21909,35,3,2,1,29/04/2024,2,17:15,-1,E07000008,E10000003,E10000003,4,1049,6,20,-1,0,-1,6,0,-1,-1,0,1,1,1,-1,-1,0,1,3,2,E01017949,3,1,0.0,1.0
2024351501633,2024,351501633,544572.0,254783.0,0.11268,52.17237,35,3,2,1,04/10/2024,6,08:20,-1,E07000008,E10000003,E10000003,3,1309,6,30,-1,13,2,6,0,-1,-1,14,1,1,1,-1,-1,0,1,1,2,E01035528,3,1,0.0,1.0
2021351080602,2021,351080602,545423.0,260766.0,0.12771,52.225916,35,3,2,1,23/08/2021,2,19:32,-1,E07000008,E10000003,E10000003,6,0,6,30,3,13,4,6,0,0,0,0,1,1,1,0,0,0,1,1,2,E01017978,3,1,0.0,1.0
2021351105964,2021,351105964,549840.0,252664.0,0.188749,52.151945,35,3,2,1,20/10/2021,4,10:39,-1,E07000012,E10000003,E10000003,6,0,9,60,0,0,-1,0,-1,0,0,0,1,1,2,0,0,0,2,1,2,E01018289,3,1,0.0,1.0
2023351266806,2023,351266806,536980.0,255974.0,0.002217,52.185012,35,3,2,1,11/01/2023,4,08:50,-1,E07000012,E10000003,E10000003,4,1046,6,60,0,0,-1,0,-1,0,0,0,1,1,2,0,0,0,2,3,2,E01018231,3,1,0.0,1.0
2023351360093,2023,351360093,544795.0,261699.0,0.118893,52.234452,35,2,2,1,22/09/2023,6,08:01,-1,E07000012,E10000003,E10000003,6,0,6,30,3,13,4,6,0,0,0,0,1,1,1,0,0,0,1,1,2,E01033120,5,1,1.0,0.0
2020350985567,2020,350985567,544955.0,258659.0,0.119962,52.20711,35,3,2,1,29/09/2020,3,16:50,390,E07000008,E10000003,E10000003,6,0,2,20,3,13,4,6,0,0,0,0,1,1,2,0,0,0,1,2,2,E01032797,3,1,0.0,1.0
2020351003443,2020,351003443,544807.0,261080.0,0.118832,52.228899,35,2,2,1,01/12/2020,3,16:00,390,E07000008,E10000003,E10000003,6,0,6,20,3,13,-1,6,0,-1,-1,-1,6,1,-1,-1,-1,-1,1,2,2,E01017952,7,1,1.0,0.0
2021351099753,2021,351099753,544850.0,258065.0,0.118172,52.2018,35,3,2,1,15/10/2021,6,08:18,-1,E07000008,E10000003,E10000003,6,0,6,30,6,16,4,6,0,0,4,14,1,1,1,0,0,0,1,3,2,E01032797,3,1,0.0,1.0
2022351170596,2022,351170596,549195.0,253214.0,0.179542,52.15705,35,3,2,1,13/04/2022,4,15:30,-1,E07000012,E10000003,E10000003,3,1307,3,60,3,13,4,6,0,2,0,12,1,1,1,0,0,0,2,3,2,E01018295,3,1,0.0,1.0
2022351218415,2022,351218415,544692.0,258969.0,0.116219,52.209952,35,3,2,2,05/09/2022,2,16:02,-1,E07000008,E10000003,E10000003,6,0,6,20,0,0,-1,0,-1,0,0,0,1,1,1,0,0,0,1,3,2,E01017958,3,1,0.0,1.0
2024351473947,2024,351473947,547796.0,256347.0,0.16047,52.18557,35,3,2,1,22/07/2024,2,22:17,-1,E07000008,E10000003,E10000003,6,0,6,20,-1,0,-1,6,0,-1,-1,0,1,1,1,-1,-1,0,1,1,2,E01017961,3,1,0.0,1.0
2020350929758,2020,350929758,546012.0,255603.0,0.134103,52.179375,35,3,2,1,12/02/2020,4,15:40,390,E07000008,E10000003,E10000003,3,1134,6,30,3,13,4,6,0,0,0,0,1,1,1,0,0,0,1,2,2,E01017993,3,1,0.0,1.0
2021351026810,2021,351026810,546150.0,258899.0,0.13754,52.208951,35,3,2,2,07/03/2021,1,12:45,-1,E07000008,E10000003,E10000003,3,1134,3,30,0,0,-1,0,-1,0,4,14,1,1,1,0,0,0,1,1,2,E01017943,3,1,0.0,1.0
2021351063621,2021,351063621,552023.0,256178.0,0.222204,52.182919,35,2,2,1,14/06/2021,2,08:00,-1,E07000012,E10000003,E10000003,6,0,6,30,3,13,4,6,0,0,0,0,1,1,1,0,0,0,1,2,2,E01018244,5,1,1.0,0.0
2022351170496,2022,351170496,544349.0,260078.0,0.111676,52.220006,35,3,2,1,06/04/2022,4,16:30,-1,E07000008,E10000003,E10000003,4,1049,6,30,3,13,4,6,0,0,0,0,1,1,1,0,0,0,1,1,2,E01017949,3,1,0.0,1.0
2022351232555,2022,351232555,544314.0,261119.0,0.111607,52.229367,35,3,2,1,11/10/2022,3,14:50,-1,E07000012,E10000003,E10000003,4,1049,6,30,0,0,-1,0,-1,0,0,0,1,1,-1,-1,-1,-1,2,3,2,E01033120,3,1,0.0,1.0
2022351259385,2022,351259385,545759.0,257355.0,0.13113,52.195171,35,2,2,1,29/12/2022,5,13:20,-1,E07000008,E10000003,E10000003,3,1307,6,30,3,13,2,6,0,0,5,15,1,1,2,0,0,0,1,3,2,E01017987,7,1,1.0,0.0
2023351318893,2023,351318893,547345.0,257054.0,0.154186,52.192045,35,3,2,1,12/06/2023,2,08:15,-1,E07000008,E10000003,E10000003,3,1134,1,20,1,0,-1,6,0,-1,-1,-1,1,1,-1,-1,-1,-1,1,3,2,E01017967,3,1,0.0,1.0
2024351491014,2024,351491014,543659.0,259115.0,0.10117,52.21153,35,3,2,1,11/09/2024,4,08:47,-1,E07000008,E10000003,E10000003,3,1303,6,20,-1,13,4,6,0,-1,-1,0,1,1,1,-1,-1,0,1,3,2,E01035516,3,1,0.0,1.0
2020350926103,2020,350926103,551486.0,259557.0,0.215866,52.213422,35,3,2,1,17/01/2020,6,19:56,395,E07000012,E10000003,E10000003,3,1303,3,50,0,0,-1,0,-1,0,0,0,4,1,1,0,0,0,2,1,2,E01018297,3,1,0.0,1.0
2022351203020,2022,351203020,547592.0,258953.0,0.158623,52.20904,35,3,1,1,23/07/2022,7,14:23,-1,E07000008,E10000003,E10000003,6,0,6,30,0,0,-1,0,-1,0,0,0,1,1,1,0,0,0,1,3,2,E01017947,3,1,0.0,1.0
2022351220003,2022,351220003,543884.0,259888.0,0.104793,52.21842,35,2,2,1,12/09/2022,2,10:30,-1,E07000008,E10000003,E10000003,6,0,6,30,0,0,-1,0,-1,0,0,0,1,1,1,0,0,0,1,3,2,E01017957,7,1,1.0,0.0
2023351279146,2023,351279146,546011.0,257408.0,0.134837,52.19558,35,3,2,1,31/01/2023,3,18:15,-1,E07000008,E10000003,E10000003,6,0,6,30,3,13,4,6,0,0,0,0,4,1,1,0,0,0,1,1,2,E01017987,3,1,0.0,1.0
2023351318125,2023,351318125,542083.0,259329.0,0.078214,52.213865,35,3,2,1,01/06/2023,5,07:00,-1,E07000008,E10000003,E10000003,1,11,3,70,0,0,-1,0,-1,0,0,0,1,1,1,0,0,0,2,1,1,E01017984,3,1,0.0,1.0
2024351436030,2024,351436030,542077.0,255944.0,0.07671,52.18345,35,3,3,1,13/04/2024,7,11:00,-1,E07000012,E10000003,E10000003,1,11,3,70,-1,0,-1,1,11,-1,-1,0,1,1,1,-1,-1,0,2,1,1,E01018225,3,1,0.0,1.0
2024351505469,2024,351505469,551314.0,259636.0,0.21336,52.21417,35,3,3,2,11/10/2024,6,19:05,-1,E07000012,E10000003,E10000003,3,14,3,60,-1,0,-1,3,14,-1,-1,0,1,1,1,-1,-1,0,2,1,1,E01018297,3,1,0.0,1.0
2020350999655,2020,350999655,546532.0,255693.0,0.141741,52.180046,35,3,2,1,13/11/2020,6,13:45,390,E07000008,E10000003,E10000003,3,1307,6,30,0,0,-1,0,-1,0,0,0,1,9,1,0,0,0,1,2,2,E01017993,3,1,0.0,1.0
2021351048855,2021,351048855,540922.0,255213.0,0.059551,52.177193,35,3,3,1,16/04/2021,6,13:10,-1,E07000012,E10000003,E10000003,3,603,6,30,0,0,-1,0,-1,0,0,0,1,1,1,0,0,0,2,1,2,E01018224,3,1,0.0,1.0
2021351084441,2021,351084441,546642.0,257670.0,0.144203,52.197779,35,3,2,1,04/09/2021,7,15:45,-1,E07000008,E10000003,E10000003,6,0,6,20,3,13,4,6,0,0,0,0,1,1,1,0,0,0,1,2,2,E01017998,3,1,0.0,1.0
2022351183582,2022,351183582,545455.0,258664.0,0.127247,52.207011,35,3,2,1,22/05/2022,1,10:45,-1,E07000008,E10000003,E10000003,6,0,6,30,0,0,-1,0,-1,0,0,0,1,1,1,0,0,0,1,1,2,E01017983,3,1,0.0,1.0
2023351432092,2023,351432092,546040.0,257978.0,0.135506,52.200694,35,3,2,1,01/11/2023,4,04:58,-1,E07000008,E10000003,E10000003,6,0,6,20,3,13,4,6,0,-1,-1,-1,4,2,2,-1,-1,-1,1,1,2,E01017988,3,1,0.0,1.0
2020350968751,2020,350968751,547244.0,260177.0,0.154094,52.220141,35,3,2,2,27/06/2020,7,23:45,390,E07000008,E10000003,E10000003,6,0,6,20,0,0,-1,0,-1,0,0,0,4,2,2,0,0,0,1,1,2,E01017972,3,1,0.0,1.0
2020350980257,2020,350980257,539500.0,263136.0,0.04203,52.248741,35,2,2,1,12/09/2020,7,14:20,395,E07000012,E10000003,E10000003,3,14,3,70,0,0,-1,0,-1,0,0,0,1,1,1,0,0,0,2,2,1,E01018237,6,1,1.0,0.0
2021351085626,2021,351085626,545740.0,256829.0,0.130654,52.190461,35,2,2,1,23/08/2021,2,13:36,-1,E07000008,E10000003,E10000003,6,0,6,30,0,0,-1,0,-1,0,0,0,1,1,1,0,0,0,1,1,2,E01032795,7,1,1.0,0.0
2022351129000,2022,351129000,545857.0,258374.0,0.133001,52.2043,35,3,2,1,02/01/2022,1,15:00,-1,E07000008,E10000003,E10000003,3,603,6,30,3,13,4,6,0,0,0,0,1,2,2,0,0,0,1,3,2,E01032797,3,1,0.0,1.0
2022351242848,2022,351242848,552262.0,255412.0,0.225325,52.17596,35,3,2,1,15/10/2022,7,13:40,-1,E07000012,E10000003,E10000003,6,0,6,30,0,0,-1,0,-1,0,0,0,1,1,1,0,0,0,2,1,2,E01018244,3,1,0.0,1.0
2023351337212,2023,351337212,542556.0,261434.0,0.086018,52.232655,35,3,2,1,25/07/2023,3,09:54,-1,E07000012,E10000003,E10000003,3,14,3,60,0,0,-1,0,-1,-1,-1,-1,1,1,1,0,0,0,2,3,1,E01018248,3,1,0.0,1.0
2023351395111,2023,351395111,545935.0,258041.0,0.133998,52.201287,35,3,2,1,27/12/2023,4,17:29,-1,E07000008,E10000003,E10000003,6,0,6,20,3,13,4,6,0,0,0,0,1,1,2,0,0,0,1,1,2,E01017988,3,1,0.0,1.0
2024351437775,2024,351437775,545895.0,258431.0,0.13358,52.2048,35,3,2,1,26/04/2024,6,13:50,-1,E07000008,E10000003,E10000003,3,603,6,30,-1,0,-1,6,0,-1,-1,-1,1,9,-1,-1,-1,99,1,3,2,E01017991,3,1,0.0,1.0
2024351443588,2024,351443588,548078.0,258675.0,0.16561,52.20641,35,3,2,1,14/05/2024,3,15:36,-1,E07000008,E10000003,E10000003,6,0,6,30,-1,19,4,6,0,-1,-1,0,1,2,1,-1,-1,0,1,3,2,E01017947,3,1,0.0,1.0
2024351538269,2024,351538269,546663.0,262135.0,0.14642,52.23787,35,3,1,1,06/12/2024,6,18:20,-1,E07000012,E10000003,E10000003,3,14,3,70,-1,0,-1,3,14,-1,-1,0,7,1,2,-1,-1,0,2,1,1,E01018274,3,1,0.0,1.0
2020350987926,2020,350987926,545685.0,257478.0,0.130129,52.196307,35,3,2,1,07/10/2020,4,18:00,390,E07000008,E10000003,E10000003,3,1307,6,30,0,0,-1,0,-1,0,0,0,1,4,1,0,0,0,1,2,2,E01017987,3,1,0.0,1.0
2021351100727,2021,351100727,549233.0,259972.0,0.183099,52.217765,35,2,1,1,07/10/2021,5,18:55,-1,E07000012,E10000003,E10000003,6,0,6,60,0,0,-1,0,-1,0,0,0,6,1,1,0,0,0,2,1,2,E01018297,7,1,1.0,0.0
2020350953930,2020,350953930,550408.0,256026.0,0.198534,52.181995,35,2,2,2,07/05/2020,5,18:05,395,E07000012,E10000003,E10000003,6,0,6,60,0,0,-1,0,-1,0,0,0,1,1,1,0,0,0,2,1,2,E01018243,7,1,1.0,0.0
2021351134035,2021,351134035,548116.0,255385.0,0.164756,52.176856,35,3,2,1,29/12/2021,4,12:38,-1,E07000008,E10000003,E10000003,6,0,6,60,0,0,-1,0,-1,0,0,0,1,2,2,0,0,0,2,1,2,E01017995,3,1,0.0,1.0
2022351161723,2022,351161723,545820.0,258112.0,0.132347,52.201956,35,3,2,1,17/01/2022,2,20:54,-1,E07000008,E10000003,E10000003,6,0,6,20,3,13,4,6,0,0,0,0,4,1,1,0,0,0,1,1,2,E01017988,3,1,0.0,1.0
2022351161204,2022,351161204,544338.0,260017.0,0.111489,52.21946,35,3,2,1,28/03/2022,2,15:45,-1,E07000008,E10000003,E10000003,4,1049,6,30,3,13,4,6,0,0,4,14,1,1,1,0,0,0,1,3,2,E01017949,3,1,0.0,1.0
2023351380280,2023,351380280,545270.0,257023.0,0.123839,52.192317,35,3,2,1,02/06/2023,6,14:15,-1,E07000008,E10000003,E10000003,3,1134,6,30,0,0,-1,0,-1,0,0,0,1,1,1,0,0,0,1,1,2,E01018005,3,1,0.0,1.0
2024351479196,2024,351479196,546812.0,255322.0,0.14564,52.17663,35,2,2,1,12/08/2024,2,16:30,-1,E07000008,E10000003,E10000003,3,1307,1,30,-1,-1,4,3,1307,-1,-1,0,1,1,1,-1,-1,0,1,3,2,E01035521,7,1,1.0,0.0
2024351493591,2024,351493591,541991.0,260373.0,0.07731,52.22327,35,3,4,7,01/09/2024,1,15:47,-1,E07000012,E10000003,E10000003,1,11,3,70,-1,0,-1,-1,-1,-1,-1,0,1,1,1,-1,-1,0,2,1,1,E01018224,3,1,0.0,1.0
2022351178217,2022,351178217,545863.0,258386.0,0.133094,52.204406,35,2,2,1,15/02/2022,3,11:23,-1,E07000008,E10000003,E10000003,3,603,6,30,3,13,4,6,0,0,0,0,1,8,1,0,0,0,1,1,2,E01032797,7,1,1.0,0.0
2022351206980,2022,351206980,546226.0,257847.0,0.138169,52.199467,35,2,4,6,24/07/2022,1,19:11,-1,E07000008,E10000003,E10000003,6,0,6,30,3,13,4,6,0,0,0,0,1,1,1,0,0,0,1,1,2,E01017987,5,1,1.0,0.0
2023351307993,2023,351307993,544784.0,258889.0,0.117531,52.209209,35,3,2,1,08/05/2023,2,16:50,-1,E07000008,E10000003,E10000003,6,0,6,30,2,0,4,6,0,0,0,0,1,1,1,0,0,0,1,3,2,E01032797,3,1,0.0,1.0
2023351331457,2023,351331457,545102.0,258446.0,0.121992,52.205146,35,2,1,1,07/07/2023,6,12:30,-1,E07000008,E10000003,E10000003,6,0,6,20,0,0,-1,0,-1,0,0,0,1,1,1,0,0,0,1,1,2,E01032797,7,1,1.0,0.0
2024351397101,2024,351397101,547868.0,259307.0,0.16281,52.21214,35,3,2,1,10/01/2024,4,08:55,-1,E07000008,E10000003,E10000003,3,1134,1,30,-1,-1,4,3,1134,-1,-1,0,1,1,4,-1,-1,0,1,3,2,E01017946,3,1,0.0,1.0
2024351409334,2024,351409334,545172.0,256724.0,0.12228,52.18965,35,3,2,1,19/01/2024,6,22:35,-1,E07000008,E10000003,E10000003,3,1134,6,30,-1,16,2,6,0,-1,-1,0,4,1,2,-1,-1,0,1,1,2,E01032794,3,1,0.0,1.0
2024351432138,2024,351432138,548880.0,259192.0,0.17756,52.21084,35,3,3,2,10/04/2024,4,12:43,-1,E07000012,E10000003,E10000003,3,1303,3,30,-1,13,2,6,0,-1,-1,0,1,1,1,-1,-1,0,1,1,2,E01018286,3,1,0.0,1.0
2020350928038,2020,350928038,546099.0,255405.0,0.135289,52.177573,35,3,2,1,06/02/2020,5,18:40,390,E07000008,E10000003,E10000003,6,0,6,20,3,13,4,6,0,0,0,0,4,1,1,0,0,0,2,2,2,E01017993,3,1,0.0,1.0
2020350931927,2020,350931927,546405.0,256646.0,0.140296,52.188641,35,3,2,1,19/02/2020,4,15:35,390,E07000008,E10000003,E10000003,6,0,6,30,3,13,4,6,0,0,0,0,1,2,2,0,0,0,1,1,2,E01017966,3,1,0.0,1.0
2021351020584,2021,351020584,545452.0,258780.0,0.127281,52.208066,35,3,2,1,28/01/2021,5,14:27,-1,E07000008,E10000003,E10000003,6,0,1,30,1,0,4,6,0,0,0,0,1,1,1,0,0,0,1,1,2,E01032797,3,1,0.0,1.0
2021351046878,2021,351046878,547501.0,256413.0,0.156215,52.186256,35,3,2,1,12/05/2021,4,16:02,-1,E07000008,E10000003,E10000003,6,0,6,30,3,13,4,6,0,0,0,0,1,1,1,0,0,0,1,3,2,E01017969,3,1,0.0,1.0
2022351130681,2022,351130681,545829.0,259668.0,0.133148,52.215933,35,3,2,3,04/01/2022,3,11:00,-1,E07000008,E10000003,E10000003,3,1303,6,30,0,0,-1,0,-1,0,0,0,1,1,1,0,0,0,1,3,2,E01018008,3,1,0.0,1.0
2021351054763,2021,351054763,541292.0,261488.0,0.067573,52.233477,35,2,2,1,27/05/2021,5,17:45,-1,E07000012,E10000003,E10000003,1,11,3,70,0,0,-1,0,-1,0,0,0,1,1,1,0,0,0,2,1,1,E01018249,6,1,1.0,0.0
2021351081559,2021,351081559,545631.0,259945.0,0.1304,52.218485,35,3,2,1,25/08/2021,4,09:35,-1,E07000008,E10000003,E10000003,6,0,6,30,3,13,4,3,1134,0,0,0,1,1,-1,-1,-1,-1,1,3,2,E01018007,3,1,0.0,1.0
2022351140106,2022,351140106,545704.0,258109.0,0.13065,52.201959,35,2,2,1,01/02/2022,3,09:23,-1,E07000008,E10000003,E10000003,3,603,6,30,0,0,-1,0,-1,0,4,14,1,1,2,0,0,0,1,1,2,E01017988,7,1,1.0,0.0
2022351201150,2022,351201150,546476.0,257688.0,0.141756,52.197973,35,3,2,1,17/07/2022,1,10:40,-1,E07000008,E10000003,E10000003,6,0,6,20,0,0,-1,0,-1,0,0,0,1,1,1,0,0,0,1,3,2,E01018001,3,1,0.0,1.0
2023351324062,2023,351324062,548813.0,253486.0,0.174081,52.159597,35,3,2,1,07/06/2023,4,21:05,-1,E07000012,E10000003,E10000003,6,0,6,60,6,16,4,3,1307,0,0,0,1,1,1,0,0,0,2,1,2,E01018295,3,1,0.0,1.0
2023351352779,2023,351352779,548682.0,261451.0,0.17566,52.231189,35,3,1,1,23/08/2023,4,08:45,-1,E07000012,E10000003,E10000003,3,14,7,60,5,0,4,3,14,0,0,0,1,1,1,0,0,0,2,1,1,E01018297,3,1,0.0,1.0
2023351362125,2023,351362125,541885.0,257246.0,0.074446,52.195201,35,3,2,1,29/08/2023,3,12:22,-1,E07000012,E10000003,E10000003,1,11,7,70,0,0,-1,0,-1,0,0,0,1,1,1,0,0,0,2,1,1,E01018225,3,1,0.0,1.0
2023351390664,2023,351390664,546946.0,262330.0,0.150642,52.239552,35,3,2,1,04/12/2023,2,12:00,-1,E07000012,E10000003,E10000003,3,10,3,70,0,0,-1,0,-1,0,0,0,1,1,2,4,0,13,2,1,2,E01018274,3,1,0.0,1.0
2024351423040,2024,351423040,541976.0,258287.0,0.07621,52.20453,35,3,2,2,02/03/2024,7,11:07,-1,E07000012,E10000003,E10000003,1,11,3,70,-1,0,-1,-1,-1,-1,-1,0,1,2,2,-1,-1,0,2,1,1,E01018224,3,1,0.0,1.0
2020350974119,2020,350974119,546129.0,260490.0,0.137919,52.22325,35,3,1,1,10/08/2020,2,18:50,390,E07000008,E10000003,E10000003,3,1309,6,30,3,13,4,6,0,0,0,0,1,1,1,0,0,0,1,1,2,E01018006,3,1,0.0,1.0
2020351000386,2020,351000386,544488.0,259011.0,0.113282,52.210395,35,3,2,1,19/11/2020,5,19:12,390,E07000008,E10000003,E10000003,3,1303,6,30,3,13,4,6,0,0,0,0,4,1,2,0,0,0,1,2,2,E01017958,3,1,0.0,1.0
2022351138509,2022,351138509,544914.0,257574.0,0.11887,52.197361,35,3,2,1,26/01/2022,4,08:50,-1,E07000008,E10000003,E10000003,3,1134,6,20,0,0,-1,0,-1,0,1,13,1,1,1,0,0,0,2,3,2,E01032797,3,1,0.0,1.0
2022351248465,2022,351248465,547204.0,254595.0,0.151058,52.169991,35,2,2,1,15/08/2022,2,15:33,-1,E07000008,E10000003,E10000003,6,0,6,60,0,0,-1,0,-1,0,0,0,1,1,1,0,0,0,2,1,2,E01017995,6,1,1.0,0.0
2021351024257,2021,351024257,545751.0,260004.0,0.132181,52.218984,35,3,2,1,09/01/2021,7,19:27,-1,E07000008,E10000003,E10000003,3,1134,1,30,1,0,4,3,1134,0,0,0,4,7,2,0,0,0,1,1,2,E01018008,3,1,0.0,1.0
2021351082946,2021,351082946,545391.0,258098.0,0.126097,52.201955,35,2,2,1,01/09/2021,4,16:45,-1,E07000008,E10000003,E10000003,6,0,9,20,0,0,-1,0,-1,0,0,0,1,1,1,0,0,0,1,2,2,E01032797,7,1,1.0,0.0
2021351095418,2021,351095418,547923.0,254114.0,0.161382,52.165488,35,3,1,1,27/09/2021,2,10:25,-1,E07000012,E10000003,E10000003,3,1307,3,50,0,0,-1,0,-1,0,0,0,1,1,1,0,0,0,2,1,2,E01018292,3,1,0.0,1.0
2022351234824,2022,351234824,545834.0,259920.0,0.13333,52.218195,35,2,1,1,05/10/2022,4,09:15,-1,E07000008,E10000003,E10000003,3,1134,6,30,0,0,-1,0,-1,0,4,14,1,1,1,0,0,0,1,3,2,E01018008,7,1,1.0,0.0
2023351318599,2023,351318599,543787.0,257508.0,0.102364,52.197063,35,2,3,2,05/01/2023,5,11:16,-1,E07000008,E10000003,E10000003,3,603,6,30,3,13,4,6,0,0,0,0,1,1,1,0,0,0,1,1,2,E01017984,7,1,1.0,0.0
2023351265414,2023,351265414,546940.0,261994.0,0.150408,52.236535,35,3,2,1,14/01/2023,7,02:40,-1,E07000012,E10000003,E10000003,3,14,7,40,0,0,-1,0,-1,0,0,0,4,2,2,0,0,0,2,1,2,E01018274,3,1,0.0,1.0
2023351345037,2023,351345037,544266.0,262701.0,0.11158,52.243593,35,2,2,2,21/08/2023,2,16:00,-1,E07000012,E10000003,E10000003,6,0,6,40,9,19,4,6,0,0,0,0,1,1,1,0,0,0,2,3,2,E01018259,7,1,1.0,0.0
2024351421056,2024,351421056,546245.0,258721.0,0.13882,52.20731,35,3,2,1,12/03/2024,3,12:30,-1,E07000008,E10000003,E10000003,6,0,1,20,-1,-1,4,6,0,-1,-1,0,5,2,2,-1,-1,0,1,1,2,E01017989,3,1,0.0,1.0
2024351516159,2024,351516159,549392.0,257595.0,0.18435,52.19635,35,3,2,1,30/10/2024,4,19:16,-1,E07000012,E10000003,E10000003,6,0,3,30,-1,0,-1,-1,-1,-1,-1,0,4,1,1,-1,-1,0,2,1,2,E01018286,3,1,0.0,1.0
2024351539381,2024,351539381,543272.0,255961.0,0.09418,52.1833,35,3,1,1,29/12/2024,1,19:30,-1,E07000012,E10000003,E10000003,6,0,6,20,-1,0,-1,-1,-1,-1,-1,0,4,1,1,-1,-1,0,2,3,2,E01018225,3,1,0.0,1.0
2024351549682,2024,351549682,535530.0,259179.0,-0.0177,52.21416,35,3,2,1,31/12/2024,3,19:31,-1,E07000012,E10000003,E10000003,6,0,6,30,-1,0,-1,6,0,-1,-1,-1,7,9,-1,-1,-1,99,2,3,2,E01018231,3,1,0.0,1.0
2023351287414,2023,351287414,545968.0,258020.0,0.134472,52.20109,35,3,2,1,06/03/2023,2,13:25,-1,E07000008,E10000003,E10000003,6,0,6,20,0,0,-1,0,-1,0,0,0,1,2,2,0,0,0,1,3,2,E01017988,3,1,0.0,1.0
2024351428188,2024,351428188,547356.0,259594.0,0.15545,52.21486,35,3,2,1,04/04/2024,5,16:50,-1,E07000008,E10000003,E10000003,6,0,6,20,-1,13,4,6,0,-1,-1,0,1,1,1,-1,-1,0,1,3,2,E01017945,3,1,0.0,1.0
2024351462519,2024,351462519,545545.0,257702.0,0.12815,52.19834,35,3,2,1,29/06/2024,7,11:50,-1,E07000008,E10000003,E10000003,3,1307,6,30,-1,13,4,6,0,-1,-1,0,1,1,1,-1,-1,0,1,3,2,E01018005,3,1,0.0,1.0
2020350983455,2020,350983455,537754.0,252555.0,0.012173,52.15411,35,3,2,1,18/09/2020,6,08:27,395,E07000012,E10000003,E10000003,3,603,6,60,3,13,4,6,0,0,0,0,1,1,1,0,0,0,2,1,2,E01018255,3,1,0.0,1.0
2021351052230,2021,351052230,538922.0,259556.0,0.032099,52.216721,35,3,2,1,01/06/2021,3,19:39,-1,E07000012,E10000003,E10000003,3,428,3,70,0,0,-1,0,-1,0,0,0,1,1,1,0,0,0,2,1,1,E01018224,3,1,0.0,1.0
2021351150321,2021,351150321,546827.0,257146.0,0.146681,52.193022,35,3,2,1,30/12/2021,5,17:18,-1,E07000008,E10000003,E10000003,6,0,6,30,6,16,2,6,0,0,0,0,1,1,1,0,0,0,1,1,2,E01017965,3,1,0.0,1.0
2022351242365,2022,351242365,545720.0,258151.0,0.130902,52.202333,35,2,1,2,03/11/2022,5,16:07,-1,E07000008,E10000003,E10000003,3,603,6,30,6,16,2,6,0,0,5,15,4,2,2,0,0,0,1,1,2,E01032797,7,1,1.0,0.0
2022351246315,2022,351246315,544386.0,258971.0,0.111745,52.21005,35,3,2,1,04/11/2022,6,08:40,-1,E07000008,E10000003,E10000003,3,1134,6,30,2,0,4,3,1303,0,0,0,1,1,1,0,0,0,1,3,2,E01017958,3,1,0.0,1.0
2023351263940,2023,351263940,547832.0,256342.0,0.160994,52.185519,35,3,2,2,10/01/2023,3,22:15,-1,E07000008,E10000003,E10000003,6,0,6,30,3,13,4,6,0,0,0,0,4,1,2,0,0,0,1,1,2,E01017961,3,1,0.0,1.0
2023351306117,2023,351306117,547537.0,259353.0,0.157993,52.212648,35,3,1,1,22/04/2023,7,16:57,-1,E07000008,E10000003,E10000003,3,1134,6,30,0,0,-1,0,-1,0,0,0,1,1,1,0,0,0,1,1,2,E01017946,3,1,0.0,1.0
2020350953148,2020,350953148,544849.0,260292.0,0.11911,52.221809,35,3,1,1,24/05/2020,1,13:23,390,E07000008,E10000003,E10000003,6,0,6,20,0,0,-1,0,-1,0,0,0,1,1,1,0,0,0,1,1,2,E01017953,3,1,0.0,1.0
2021351063680,2021,351063680,544377.0,260344.0,0.112227,52.2224,35,2,2,1,26/06/2021,7,18:58,-1,E07000008,E10000003,E10000003,4,1049,9,30,0,0,-1,0,-1,0,0,0,1,1,1,0,0,0,1,1,2,E01017953,7,1,1.0,0.0
2021351063913,2021,351063913,545147.0,261010.0,0.123777,52.228181,35,3,2,1,30/06/2021,4,15:20,-1,E07000008,E10000003,E10000003,6,0,6,20,3,13,4,6,0,0,0,0,1,1,1,0,0,0,1,2,2,E01017952,3,1,0.0,1.0
2021351068411,2021,351068411,546506.0,255198.0,0.141147,52.175605,35,3,1,1,19/07/2021,2,15:30,-1,E07000008,E10000003,E10000003,6,0,6,30,0,0,-1,0,-1,0,0,0,1,1,1,0,0,0,1,3,2,E01017995,3,1,0.0,1.0
2022351145934,2022,351145934,548117.0,255388.0,0.164744,52.176872,35,3,2,1,15/02/2022,3,16:27,-1,E07000008,E10000003,E10000003,6,0,6,60,0,0,-1,0,-1,0,0,0,1,1,2,0,0,0,2,1,2,E01017995,3,1,0.0,1.0
2022351164002,2022,351164002,544264.0,253029.0,0.107435,52.156697,35,3,1,1,03/04/2022,1,15:18,-1,E07000012,E10000003,E10000003,1,11,3,70,9,19,4,1,11,0,0,0,1,1,1,0,0,0,2,1,1,E01018292,3,1,0.0,1.0
2023351333234,2023,351333234,547869.0,259315.0,0.162832,52.212218,35,3,2,1,15/07/2023,7,00:15,-1,E07000008,E10000003,E10000003,3,1134,1,30,1,0,-1,3,1134,-1,-1,-1,4,1,1,0,-1,0,1,3,2,E01017946,3,1,0.0,1.0
2020350948634,2020,350948634,546747.0,260653.0,0.147031,52.22455,35,3,3,1,29/04/2020,4,18:00,390,E07000008,E10000003,E10000003,6,0,6,30,0,0,-1,0,-1,0,0,0,1,1,2,0,0,0,1,2,2,E01017971,3,1,0.0,1.0
2021351020823,2021,351020823,545993.0,259780.0,0.135624,52.216907,35,3,2,1,02/02/2021,3,22:04,-1,E07000008,E10000003,E10000003,6,0,6,30,1,0,4,6,0,0,8,17,4,2,2,0,0,0,1,1,2,E01017973,3,1,0.0,1.0
2021351039677,2021,351039677,546488.0,258940.0,0.142501,52.209229,35,3,3,2,26/04/2021,2,13:40,-1,E07000008,E10000003,E10000003,3,1134,3,30,0,0,-1,0,-1,0,0,0,1,1,1,0,0,0,1,2,2,E01017943,3,1,0.0,1.0
2022351172749,2022,351172749,545178.0,258317.0,0.123048,52.203967,35,3,2,1,26/04/2022,3,06:28,-1,E07000008,E10000003,E10000003,6,0,6,20,3,13,4,6,0,0,0,0,1,1,1,0,0,0,1,3,2,E01032797,3,1,0.0,1.0
2022351178663,2022,351178663,544309.0,259500.0,0.110844,52.214823,35,3,2,1,17/05/2022,3,17:55,-1,E07000008,E10000003,E10000003,4,1049,6,30,0,0,-1,0,-1,0,0,0,1,1,1,0,0,0,1,3,2,E01017949,3,1,0.0,1.0
2022351208064,2022,351208064,544457.0,252518.0,0.110037,52.152056,35,3,2,1,04/08/2022,5,13:06,-1,E07000012,E10000003,E10000003,1,11,3,50,0,0,-1,0,-1,0,0,0,1,1,1,0,0,0,2,3,1,E01018292,3,1,0.0,1.0
2023351364676,2023,351364676,549907.0,259282.0,0.192622,52.211372,35,3,2,1,18/10/2023,4,17:00,-1,E07000012,E10000003,E10000003,3,1303,6,50,0,0,-1,0,-1,0,0,0,1,2,-1,-1,-1,-1,2,3,2,E01018297,3,1,0.0,1.0
2023351383249,2023,351383249,546818.0,261740.0,0.148512,52.234285,35,3,2,1,04/12/2023,2,16:45,-1,E07000012,E10000003,E10000003,6,0,6,30,0,0,-1,0,-1,0,0,0,4,1,-1,-1,-1,-1,1,3,2,E01018274,3,1,0.0,1.0
2024351538000,2024,351538000,546233.0,256687.0,0.13777,52.18904,35,3,2,1,10/11/2024,1,22:02,-1,E07000008,E10000003,E10000003,6,0,6,30,-1,13,2,6,0,-1,-1,15,4,2,2,-1,-1,0,1,1,2,E01035518,3,1,0.0,1.0
2024351535928,2024,351535928,545135.0,257583.0,0.1221,52.19738,35,2,3,1,14/12/2024,7,02:27,-1,E07000008,E10000003,E10000003,3,1134,6,30,-1,13,4,3,1134,-1,-1,0,4,1,1,-1,-1,0,1,1,2,E01018005,5,1,1.0,0.0
2020350928631,2020,350928631,544606.0,259046.0,0.115023,52.210678,35,3,2,1,07/02/2020,6,16:45,390,E07000008,E10000003,E10000003,3,1303,6,30,6,16,2,6,0,0,4,14,1,1,1,0,0,0,1,2,2,E01017958,3,1,0.0,1.0
2020350934310,2020,350934310,546182.0,257330.0,0.137331,52.194846,35,3,1,1,26/02/2020,4,09:30,390,E07000008,E10000003,E10000003,6,0,6,-1,0,0,-1,0,-1,0,0,0,1,1,1,0,0,0,1,2,2,E01017987,3,1,0.0,1.0
2021351024214,2021,351024214,547566.0,259344.0,0.158442,52.212571,35,3,2,1,25/02/2021,5,13:00,-1,E07000008,E10000003,E10000003,3,1134,6,30,3,13,4,6,0,0,0,0,1,1,1,0,0,0,1,2,2,E01017946,3,1,0.0,1.0
2021351106015,2021,351106015,550612.0,259445.0,0.203034,52.212656,35,2,4,2,13/10/2021,4,07:45,-1,E07000012,E10000003,E10000003,3,1303,6,50,3,13,4,6,0,0,0,0,1,1,1,0,0,0,2,1,2,E01018297,6,1,1.0,0.0
2022351149629,2022,351149629,547579.0,257914.0,0.157981,52.199709,35,3,1,1,25/02/2022,6,10:02,-1,E07000008,E10000003,E10000003,6,0,9,20,0,0,-1,0,-1,0,0,0,1,1,1,0,0,0,1,1,2,E01017999,3,1,0.0,1.0
2022351201049,2022,351201049,546754.0,256142.0,0.145152,52.184009,35,3,2,1,11/07/2022,2,08:56,-1,E07000008,E10000003,E10000003,6,0,6,20,6,16,4,6,0,0,0,0,1,1,1,0,0,0,1,3,2,E01017992,3,1,0.0,1.0
2023351373790,2023,351373790,546345.0,256665.0,0.139399,52.188817,35,2,2,1,25/07/2023,3,10:46,-1,E07000008,E10000003,E10000003,6,0,6,30,3,13,4,6,0,0,0,0,1,1,1,0,0,0,1,1,2,E01017966,7,1,1.0,0.0
2023351388018,2023,351388018,546033.0,257525.0,0.135209,52.196626,35,2,2,1,27/11/2023,2,11:26,-1,E07000008,E10000003,E10000003,6,0,6,30,2,0,2,6,0,0,5,15,1,2,2,0,0,0,1,1,2,E01017987,7,1,1.0,0.0
2020350934592,2020,350934592,547161.0,257580.0,0.151752,52.196832,35,3,2,1,26/02/2020,4,07:10,390,E07000008,E10000003,E10000003,6,0,6,20,9,19,-1,6,0,-1,-1,-1,5,1,-1,-1,-1,-1,1,2,2,E01017999,3,1,0.0,1.0
2020350955317,2020,350955317,545166.0,257314.0,0.122471,52.19497,35,2,2,1,28/05/2020,5,16:40,390,E07000008,E10000003,E10000003,3,1134,6,30,3,13,4,6,0,0,0,0,1,1,1,0,0,0,1,1,2,E01018005,7,1,1.0,0.0
2020350983711,2020,350983711,547039.0,258561.0,0.150394,52.205678,35,2,3,2,22/09/2020,3,13:31,390,E07000008,E10000003,E10000003,6,0,6,30,0,0,-1,0,-1,0,0,0,1,1,1,0,0,0,1,1,2,E01017997,6,1,1.0,0.0
2020350985144,2020,350985144,549791.0,263428.0,0.19279,52.248662,35,2,3,1,28/09/2020,2,16:04,395,E07000012,E10000003,E10000003,6,0,6,50,0,0,-1,0,-1,0,0,0,1,1,1,0,0,0,2,1,2,E01018297,5,1,1.0,0.0
2021351060852,2021,351060852,543285.0,260200.0,0.096191,52.221391,35,3,2,1,24/06/2021,5,11:58,-1,E07000008,E10000003,E10000003,3,1307,6,30,3,13,4,6,0,0,4,14,1,1,1,0,0,0,1,1,2,E01017956,3,1,0.0,1.0
2022351172914,2022,351172914,545979.0,256979.0,0.134184,52.191735,35,3,2,1,28/04/2022,5,07:30,-1,E07000008,E10000003,E10000003,3,1307,6,30,0,0,-1,0,-1,0,0,0,1,1,1,0,0,0,1,3,2,E01032795,3,1,0.0,1.0
2022351200505,2022,351200505,549369.0,262640.0,0.186236,52.241685,35,3,3,2,13/07/2022,4,18:07,-1,E07000012,E10000003,E10000003,6,0,6,30,3,13,4,6,0,0,0,0,1,1,1,0,0,0,2,3,2,E01018297,3,1,0.0,1.0
2023351274774,2023,351274774,545985.0,257299.0,0.13441,52.194608,35,3,2,1,27/01/2023,6,19:24,-1,E07000008,E10000003,E10000003,6,0,6,20,3,13,4,6,0,0,0,0,7,1,-1,-1,-1,-1,1,3,2,E01032795,3,1,0.0,1.0
2023351368945,2023,351368945,545857.0,258094.0,0.13288,52.201784,35,3,2,1,29/10/2023,1,11:30,-1,E07000008,E10000003,E10000003,6,0,6,40,3,13,-1,6,0,-1,-1,-1,1,1,1,-1,-1,-1,1,3,2,E01017988,3,1,0.0,1.0
2020350944314,2020,350944314,538123.0,256226.0,0.019056,52.187002,35,3,2,1,05/04/2020,1,11:00,395,E07000012,E10000003,E10000003,4,1046,6,30,6,16,4,6,0,0,0,0,1,1,1,0,0,0,2,2,2,E01018232,3,1,0.0,1.0
2020350977943,2020,350977943,549190.0,257222.0,0.181259,52.19307,35,3,2,1,03/09/2020,5,11:30,391,E07000008,E10000003,E10000003,6,0,6,30,2,0,4,6,0,0,0,0,1,1,1,0,0,0,1,1,2,E01017962,3,1,0.0,1.0
2021351048292,2021,351048292,545605.0,257603.0,0.129013,52.197451,35,3,2,1,21/05/2021,6,22:45,-1,E07000008,E10000003,E10000003,3,1307,6,30,3,13,4,6,0,0,4,14,4,2,2,0,0,0,1,2,2,E01018005,3,1,0.0,1.0
2021351103023,2021,351103023,533659.0,259924.0,-0.044745,52.221328,35,3,2,1,04/10/2021,2,08:10,-1,E07000012,E10000003,E10000003,6,0,6,60,0,0,-1,0,-1,0,0,0,1,1,2,0,0,0,2,1,2,E01018277,3,1,0.0,1.0
2021351114170,2021,351114170,544646.0,257622.0,0.115,52.197874,35,3,2,1,19/11/2021,6,17:35,-1,E07000008,E10000003,E10000003,3,1134,6,40,0,0,-1,0,-1,0,0,0,4,1,1,0,0,0,2,3,2,E01017985,3,1,0.0,1.0
2022351143981,2022,351143981,548249.0,259644.0,0.168533,52.215072,35,3,2,1,02/02/2022,4,09:23,-1,E07000008,E10000003,E10000003,4,1047,6,30,3,13,4,6,0,0,1,13,1,1,1,0,0,0,1,1,2,E01017948,3,1,0.0,1.0
2022351172705,2022,351172705,545859.0,258378.0,0.133032,52.204335,35,3,2,1,29/04/2022,6,16:25,-1,E07000008,E10000003,E10000003,3,603,6,30,3,13,2,6,0,0,5,15,1,1,1,0,0,0,1,3,2,E01032797,3,1,0.0,1.0
2022351185039,2022,351185039,546314.0,258735.0,0.139839,52.207422,35,3,3,2,05/06/2022,1,11:00,-1,E07000008,E10000003,E10000003,6,0,6,30,2,0,4,6,0,0,0,0,1,2,2,0,0,0,1,3,2,E01017989,3,1,0.0,1.0
2022351193798,2022,351193798,547615.0,258034.0,0.158559,52.200778,35,3,2,1,20/06/2022,2,15:01,-1,E07000008,E10000003,E10000003,3,1134,1,30,2,0,4,3,1134,0,0,0,1,1,1,0,0,0,1,1,2,E01017999,3,1,0.0,1.0
2022351218366,2022,351218366,546118.0,255587.0,0.135617,52.179192,35,3,2,1,05/09/2022,2,08:15,-1,E07000008,E10000003,E10000003,3,1134,6,30,3,13,4,6,0,0,0,0,1,1,1,0,0,0,1,3,2,E01017993,3,1,0.0,1.0
2022351245401,2022,351245401,546245.0,257589.0,0.138336,52.197145,35,2,2,1,14/11/2022,2,09:00,-1,E07000008,E10000003,E10000003,6,0,6,30,3,13,4,6,0,0,0,0,1,1,1,0,0,0,1,3,2,E01017987,5,1,1.0,0.0
2020350925618,2020,350925618,546164.0,256710.0,0.136801,52.18928,35,3,2,1,31/01/2020,6,14:05,390,E07000008,E10000003,E10000003,6,0,6,30,0,0,-1,0,-1,0,0,0,1,1,1,0,0,0,1,2,2,E01017966,3,1,0.0,1.0
2020350963810,2020,350963810,544753.0,258912.0,0.117116,52.209436,35,3,1,1,11/07/2020,7,15:45,390,E07000008,E10000003,E10000003,6,0,6,20,0,0,-1,0,-1,0,0,0,1,1,1,0,0,0,1,2,2,E01017958,3,1,0.0,1.0
2021351108829,2021,351108829,545335.0,258063.0,0.125263,52.201655,35,3,1,1,06/11/2021,7,20:45,-1,E07000008,E10000003,E10000003,6,0,6,20,3,13,4,6,0,0,0,0,4,1,1,0,0,0,1,1,2,E01032797,3,1,0.0,1.0
2022351131067,2022,351131067,546999.0,258646.0,0.149818,52.20644,35,3,2,1,06/01/2022,5,16:30,-1,E07000008,E10000003,E10000003,6,0,6,30,3,13,4,6,0,0,0,0,4,2,2,0,0,0,1,3,2,E01017997,3,1,0.0,1.0
2022351216535,2022,351216535,542033.0,256088.0,0.076125,52.184759,35,3,2,1,28/08/2022,1,07:04,-1,E07000012,E10000003,E10000003,1,11,3,70,0,0,-1,0,-1,0,0,0,1,1,1,0,0,0,2,1,1,E01018225,3,1,0.0,1.0
2023351288643,2023,351288643,545836.0,259665.0,0.133249,52.215904,35,3,2,1,08/03/2023,4,17:14,-1,E07000008,E10000003,E10000003,3,1303,6,40,0,0,-1,0,-1,0,0,0,1,3,3,0,0,0,1,1,2,E01018008,3,1,0.0,1.0
2023351344744,2023,351344744,544417.0,258222.0,0.111879,52.203313,35,3,2,1,20/08/2023,1,16:44,-1,E07000008,E10000003,E10000003,3,1134,6,30,3,13,2,6,0,0,0,0,1,1,-1,-1,-1,-1,1,3,2,E01017986,3,1,0.0,1.0
2024351431773,2024,351431773,546717.0,258758.0,0.14574,52.20752,35,3,2,1,11/04/2024,5,12:30,-1,E07000008,E10000003,E10000003,6,0,6,30,-1,0,-1,6,0,-1,-1,0,1,1,-1,-1,-1,99,1,3,2,E01017990,3,1,0.0,1.0
2024351504381,2024,351504381,545757.0,257357.0,0.1311,52.19519,35,3,2,1,14/10/2024,2,15:10,-1,E07000008,E10000003,E10000003,3,1307,6,30,-1,13,2,6,0,-1,-1,15,1,1,-1,-1,-1,99,1,3,2,E01017987,3,1,0.0,1.0
2020350934842,2020,350934842,546922.0,255156.0,0.147208,52.175117,35,3,2,1,20/02/2020,5,11:50,390,E07000008,E10000003,E10000003,3,1307,6,40,6,16,4,6,0,0,0,0,1,1,1,0,0,0,1,1,2,E01017995,3,1,0.0,1.0
2020350970695,2020,350970695,545136.0,257647.0,0.122175,52.19797,35,3,2,1,06/08/2020,5,17:30,390,E07000008,E10000003,E10000003,3,603,3,30,2,0,4,6,0,0,0,0,1,1,1,0,0,0,1,2,2,E01018005,3,1,0.0,1.0
2022351162830,2022,351162830,547033.0,255632.0,0.149008,52.179353,35,3,2,1,31/03/2022,5,19:00,-1,E07000008,E10000003,E10000003,3,1134,1,30,1,0,4,6,0,0,0,0,1,1,1,0,0,0,1,3,2,E01017992,3,1,0.0,1.0
2023351344324,2023,351344324,545161.0,257302.0,0.122365,52.194852,35,3,2,1,18/08/2023,6,16:45,-1,E07000008,E10000003,E10000003,3,1134,6,40,3,13,4,6,0,0,0,0,1,1,1,0,0,0,1,3,2,E01018005,3,1,0.0,1.0
2020350951063,2020,350951063,537464.0,256039.0,0.009346,52.185486,35,3,1,1,18/03/2020,4,10:26,395,E07000012,E10000003,E10000003,4,1046,6,30,0,0,-1,0,-1,0,0,0,1,1,1,7,0,15,2,2,2,E01018231,3,1,0.0,1.0
2021351063859,2021,351063859,538925.0,259576.0,0.032151,52.2169,35,3,1,1,12/03/2021,6,05:55,-1,E07000012,E10000003,E10000003,3,428,3,60,0,0,-1,0,-1,0,0,0,6,2,2,0,0,0,2,1,1,E01018224,3,1,0.0,1.0
2022351216246,2022,351216246,543565.0,253779.0,0.097541,52.163618,35,3,2,1,01/09/2022,5,08:50,-1,E07000012,E10000003,E10000003,1,11,3,40,0,0,-1,0,-1,0,0,0,1,1,1,0,0,0,2,3,1,E01018256,3,1,0.0,1.0
2023351298919,2023,351298919,539674.0,260822.0,0.043594,52.227894,35,3,2,2,25/02/2023,7,19:19,-1,E07000012,E10000003,E10000003,6,0,6,40,3,13,4,6,0,0,0,0,6,1,1,0,0,0,2,1,2,E01018224,3,1,0.0,1.0
2020350967197,2020,350967197,550974.0,255595.0,0.206614,52.177969,35,1,2,1,24/07/2020,6,16:17,395,E07000012,E10000003,E10000003,6,0,6,60,0,0,-1,0,-1,0,0,0,1,1,1,0,0,0,2,1,2,E01018242,1,1,0.0,0.0
2021351039748,2021,351039748,548971.0,256528.0,0.177752,52.186895,35,3,2,1,22/04/2021,5,07:38,-1,E07000008,E10000003,E10000003,6,0,6,30,3,13,4,6,0,0,0,0,1,1,1,0,0,0,1,1,2,E01017960,3,1,0.0,1.0
2021351063732,2021,351063732,546714.0,259177.0,0.145909,52.211299,35,2,2,1,07/06/2021,2,19:14,-1,E07000008,E10000003,E10000003,6,0,6,30,0,0,-1,0,-1,0,5,15,1,1,1,0,0,0,1,1,2,E01017943,7,1,1.0,0.0
2022351209514,2022,351209514,546711.0,255197.0,0.144115,52.175531,35,3,2,1,10/08/2022,4,15:00,-1,E07000008,E10000003,E10000003,6,0,6,20,0,0,-1,0,-1,0,0,0,1,1,1,0,0,0,1,3,2,E01017995,3,1,0.0,1.0
2020350936976,2020,350936976,547058.0,255782.0,0.149467,52.180705,35,3,2,1,22/02/2020,7,19:27,390,E07000008,E10000003,E10000003,6,0,6,30,3,13,1,3,1134,0,0,0,4,2,2,0,0,0,1,1,2,E01017993,3,1,0.0,1.0
2020350946210,2020,350946210,546750.0,255325.0,0.144768,52.176682,35,3,2,1,16/04/2020,5,07:35,390,E07000008,E10000003,E10000003,3,1307,1,30,0,0,-1,0,-1,0,0,0,1,1,1,0,0,0,1,2,2,E01017993,3,1,0.0,1.0
2021351024142,2021,351024142,544782.0,259602.0,0.117835,52.215627,35,3,1,1,13/01/2021,4,14:30,-1,E07000008,E10000003,E10000003,6,0,6,30,0,0,-1,0,-1,0,0,0,1,1,1,0,0,0,1,1,2,E01018009,3,1,0.0,1.0
2021351020651,2021,351020651,545593.0,257936.0,0.128981,52.200446,35,3,2,2,29/01/2021,6,19:27,-1,E07000008,E10000003,E10000003,3,603,6,30,0,0,-1,0,-1,0,0,0,4,1,1,0,0,0,1,1,2,E01018005,3,1,0.0,1.0
2021351041568,2021,351041568,540385.0,262440.0,0.054696,52.242262,35,3,2,1,14/04/2021,4,12:45,-1,E07000012,E10000003,E10000003,3,14,3,70,0,0,-1,0,-1,0,0,0,1,1,1,0,0,0,2,1,1,E01018249,3,1,0.0,1.0
2021351051388,2021,351051388,545896.0,258438.0,0.133627,52.204876,35,3,2,1,01/06/2021,3,19:50,-1,E07000008,E10000003,E10000003,3,603,6,30,0,0,-1,0,-1,0,4,14,1,1,1,0,0,0,1,2,2,E01032797,3,1,0.0,1.0
2021351118875,2021,351118875,547464.0,256996.0,0.155928,52.191504,35,3,1,1,14/11/2021,1,17:15,-1,E07000008,E10000003,E10000003,6,0,6,20,0,0,-1,0,-1,0,0,0,4,1,1,0,0,0,1,1,2,E01017967,3,1,0.0,1.0
2022351140834,2022,351140834,544279.0,257889.0,0.10972,52.200357,35,3,2,1,04/02/2022,6,07:20,-1,E07000008,E10000003,E10000003,6,0,6,20,0,0,-1,0,-1,0,0,0,1,2,-1,-1,-1,-1,1,3,2,E01017986,3,1,0.0,1.0
2022351242767,2022,351242767,545921.0,258465.0,0.133976,52.2051,35,3,1,2,09/11/2022,4,13:47,-1,E07000008,E10000003,E10000003,3,603,3,30,3,13,4,6,0,0,4,14,1,1,1,0,0,0,1,1,2,E01017991,3,1,0.0,1.0
2022351242289,2022,351242289,547135.0,257085.0,0.151129,52.19238,35,3,2,1,09/11/2022,4,18:00,-1,E07000008,E10000003,E10000003,6,0,6,20,0,0,-1,0,-1,0,0,0,4,1,1,0,0,0,1,3,2,E01017967,3,1,0.0,1.0
2023351329453,2023,351329453,548782.0,256690.0,0.175032,52.18839,35,3,2,1,08/07/2023,7,19:20,-1,E07000008,E10000003,E10000003,6,0,6,40,0,0,-1,0,-1,-1,-1,-1,1,1,1,-1,-1,-1,1,3,2,E01017960,3,1,0.0,1.0
2023351346836,2023,351346836,544602.0,259052.0,0.114939,52.210721,35,3,2,1,27/08/2023,1,13:30,-1,E07000008,E10000003,E10000003,3,1303,6,30,3,13,2,6,0,0,0,0,1,1,1,0,0,0,1,1,2,E01017958,3,1,0.0,1.0
2023351378498,2023,351378498,546140.0,257915.0,0.136941,52.200101,35,3,2,1,20/11/2023,2,21:18,-1,E07000008,E10000003,E10000003,6,0,6,20,3,13,4,6,0,2,1,12,4,2,2,1,0,11,1,1,2,E01017987,3,1,0.0,1.0
2024351455688,2024,351455688,546706.0,258765.0,0.14558,52.20759,35,3,2,1,11/06/2024,3,15:55,-1,E07000008,E10000003,E10000003,6,0,6,20,-1,0,-1,-1,-1,-1,-1,-1,1,1,2,-1,-1,0,1,3,2,E01017990,3,1,0.0,1.0
2024351510397,2024,351510397,553407.0,254386.0,0.24159,52.16642,35,2,2,3,20/10/2024,1,18:25,-1,E07000012,E10000003,E10000003,6,0,6,60,-1,0,-1,6,0,-1,-1,0,6,4,1,-1,-1,0,2,1,2,E01018244,6,1,1.0,0.0
2021351053144,2021,351053144,546997.0,255621.0,0.148506,52.179275,35,3,2,1,05/06/2021,7,19:00,-1,E07000008,E10000003,E10000003,3,1134,1,20,1,0,4,3,1134,0,1,13,1,1,1,0,0,0,1,2,2,E01017993,3,1,0.0,1.0
2021351060904,2021,351060904,545088.0,260899.0,0.122866,52.227199,35,3,2,1,18/06/2021,6,12:50,-1,E07000008,E10000003,E10000003,6,0,6,20,2,0,4,6,0,0,0,0,1,2,2,0,0,0,1,1,2,E01017954,3,1,0.0,1.0
2022351251135,2022,351251135,547372.0,257027.0,0.154569,52.191796,35,3,2,1,30/11/2022,4,18:17,-1,E07000008,E10000003,E10000003,3,1134,1,40,1,0,4,6,0,0,0,0,4,2,2,0,0,0,1,3,2,E01017968,3,1,0.0,1.0
2023351262974,2023,351262974,545055.0,260830.0,0.122325,52.226576,35,3,2,1,05/01/2023,5,12:52,-1,E07000008,E10000003,E10000003,6,0,6,20,6,16,-1,6,0,0,0,0,1,1,1,0,0,0,1,3,2,E01017952,3,1,0.0,1.0
2020350933182,2020,350933182,552925.0,259975.0,0.2371,52.216781,35,2,1,1,03/02/2020,2,07:53,395,E07000012,E10000003,E10000003,3,14,3,70,0,0,-1,0,-1,0,0,0,1,1,1,0,0,0,2,1,1,E01018297,7,1,1.0,0.0
2022351196018,2022,351196018,551434.0,259686.0,0.215134,52.214584,35,2,1,1,01/07/2022,6,09:57,-1,E07000012,E10000003,E10000003,3,14,7,60,5,0,4,3,1303,0,0,0,1,1,1,0,0,0,2,1,1,E01018297,6,1,1.0,0.0
2020350973028,2020,350973028,545897.0,259754.0,0.134208,52.216699,35,3,2,1,08/08/2020,7,14:02,390,E07000008,E10000003,E10000003,3,1134,1,30,0,0,-1,0,-1,0,0,0,1,1,1,0,0,0,1,1,2,E01018008,3,1,0.0,1.0
2020350994190,2020,350994190,546700.0,255250.0,0.144005,52.176021,35,3,2,1,29/10/2020,5,07:10,390,E07000008,E10000003,E10000003,6,0,1,30,1,0,4,6,0,0,0,0,1,1,2,0,0,0,1,1,2,E01017995,3,1,0.0,1.0
2021351061334,2021,351061334,546917.0,262054.0,0.150126,52.237092,35,3,2,1,28/06/2021,2,16:10,-1,E07000012,E10000003,E10000003,3,10,1,30,1,0,4,3,14,0,0,0,1,1,1,0,0,0,2,3,2,E01018274,3,1,0.0,1.0
2022351252858,2022,351252858,547348.0,256966.0,0.154191,52.191254,35,2,2,1,02/12/2022,6,13:50,-1,E07000008,E10000003,E10000003,3,1134,6,40,0,0,-1,0,-1,0,0,0,1,1,1,0,0,0,1,3,2,E01017968,7,1,1.0,0.0
2023351374959,2023,351374959,545311.0,254170.0,0.123217,52.166674,35,2,2,1,10/11/2023,6,19:14,-1,E07000008,E10000003,E10000003,6,0,6,30,3,13,4,6,0,0,4,14,4,1,1,0,0,0,2,1,2,E01018003,6,1,1.0,0.0
2024351489103,2024,351489103,548378.0,259254.0,0.17025,52.21153,35,3,1,1,26/05/2024,1,21:02,-1,E07000008,E10000003,E10000003,3,1303,6,40,-1,0,-1,-1,-1,-1,-1,0,1,1,1,-1,-1,0,1,1,2,E01017947,3,1,0.0,1.0
2024351486372,2024,351486372,546028.0,257495.0,0.13512,52.19636,35,2,2,1,26/08/2024,2,13:50,-1,E07000008,E10000003,E10000003,6,0,6,20,-1,13,4,6,0,-1,-1,0,1,1,1,-1,-1,0,1,1,2,E01017987,7,1,1.0,0.0
2020350994299,2020,350994299,545987.0,258829.0,0.135126,52.208365,35,3,2,1,20/10/2020,3,08:00,390,E07000008,E10000003,E10000003,6,0,6,20,3,13,4,6,0,0,4,14,1,1,1,0,0,0,1,1,2,E01017983,3,1,0.0,1.0
2021351138227,2021,351138227,545434.0,258790.0,0.127022,52.208161,35,3,2,1,16/02/2021,3,14:40,-1,E07000008,E10000003,E10000003,6,0,1,20,1,0,4,6,0,0,0,0,1,1,1,0,0,0,1,1,2,E01032797,3,1,0.0,1.0
2021351039696,2021,351039696,546846.0,259235.0,0.147864,52.211785,35,3,2,1,27/04/2021,3,12:05,-1,E07000008,E10000003,E10000003,3,1134,3,30,0,0,-1,0,-1,0,0,0,1,1,1,0,0,0,1,2,2,E01017945,3,1,0.0,1.0
2022351163703,2022,351163703,546860.0,255385.0,0.146373,52.17718,35,3,2,2,25/02/2022,6,10:50,-1,E07000008,E10000003,E10000003,3,1307,6,30,0,0,-1,0,-1,0,0,0,1,1,1,0,0,0,1,1,2,E01017993,3,1,0.0,1.0
2022351198268,2022,351198268,547013.0,255605.0,0.148704,52.179116,35,2,2,1,07/07/2022,5,07:50,-1,E07000008,E10000003,E10000003,3,1307,1,20,1,0,4,3,1307,0,0,0,1,1,1,0,0,0,1,3,2,E01017993,7,1,1.0,0.0
2022351230261,2022,351230261,545635.0,259940.0,0.130428,52.218428,35,3,2,1,21/07/2022,5,15:13,-1,E07000008,E10000003,E10000003,3,1134,6,20,3,13,4,6,0,0,0,0,1,1,1,0,0,0,1,1,2,E01018007,3,1,0.0,1.0
2023351377622,2023,351377622,548817.0,253479.0,0.174137,52.159533,35,3,2,1,07/11/2023,3,08:12,-1,E07000012,E10000003,E10000003,3,1307,6,50,6,16,4,6,0,0,0,0,1,1,1,0,0,0,2,1,2,E01018295,3,1,0.0,1.0
2024351415446,2024,351415446,547039.0,262177.0,0.15194,52.23815,35,3,2,1,27/02/2024,3,10:45,-1,E07000012,E10000003,E10000003,3,14,7,40,-1,-1,4,3,10,-1,-1,0,1,1,1,-1,-1,0,2,3,1,E01018274,3,1,0.0,1.0
2024351447161,2024,351447161,547553.0,257968.0,0.15762,52.2002,35,3,2,1,18/05/2024,7,16:30,-1,E07000008,E10000003,E10000003,3,1134,6,30,-1,0,-1,-1,-1,-1,-1,0,1,1,1,-1,-1,0,1,3,2,E01017997,3,1,0.0,1.0
2024351469190,2024,351469190,549208.0,257235.0,0.1815,52.19317,35,3,2,1,01/07/2024,2,15:58,-1,E07000008,E10000003,E10000003,6,0,6,20,-1,0,-1,6,0,-1,-1,14,1,1,1,-1,-1,0,1,1,2,E01017963,3,1,0.0,1.0
2024351512294,2024,351512294,546933.0,255488.0,0.14748,52.17808,35,3,2,1,03/10/2024,5,07:20,-1,E07000008,E10000003,E10000003,3,1307,6,30,-1,0,-1,6,0,-1,-1,13,1,1,1,-1,-1,0,1,3,2,E01035521,3,1,0.0,1.0
2021351018960,2021,351018960,547318.0,260204.0,0.155189,52.220364,35,3,1,1,03/02/2021,4,07:45,-1,E07000008,E10000003,E10000003,6,0,6,20,0,0,-1,0,-1,0,0,0,1,1,2,0,0,0,1,2,2,E01017972,3,1,0.0,1.0
2021351044973,2021,351044973,548720.0,261413.0,0.176228,52.230849,35,1,1,1,13/05/2021,5,09:13,-1,E07000012,E10000003,E10000003,3,14,3,70,0,0,-1,0,-1,0,0,0,1,1,1,0,0,0,2,1,1,E01018297,1,1,0.0,0.0
2022351247398,2022,351247398,547021.0,255640.0,0.148837,52.179428,35,2,2,1,18/11/2022,6,18:25,-1,E07000008,E10000003,E10000003,3,1134,1,20,1,0,4,3,1134,0,0,0,4,1,1,0,0,0,1,3,2,E01017993,7,1,1.0,0.0
2023351271917,2023,351271917,547245.0,256458.0,0.152465,52.186718,35,3,2,1,31/01/2023,3,21:20,-1,E07000008,E10000003,E10000003,3,1134,1,30,1,0,4,6,0,0,0,0,4,1,1,0,0,0,1,1,2,E01017968,3,1,0.0,1.0
2023351363445,2023,351363445,546017.0,257446.0,0.134941,52.19592,35,3,1,1,12/09/2023,3,17:33,-1,E07000008,E10000003,E10000003,6,0,6,20,3,13,4,6,0,0,1,13,1,2,2,0,0,0,1,1,2,E01017987,3,1,0.0,1.0
2020350970035,2020,350970035,544572.0,254843.0,0.112734,52.172925,35,3,2,1,27/07/2020,2,22:37,390,E07000008,E10000003,E10000003,3,1309,6,30,3,13,4,6,0,0,0,0,4,1,1,0,-1,0,1,2,2,E01018002,3,1,0.0,1.0
2020350969952,2020,350969952,549837.0,256062.0,0.190204,52.182474,35,1,3,2,31/07/2020,6,11:30,395,E07000012,E10000003,E10000003,6,0,6,40,3,13,4,6,0,0,0,0,1,1,1,0,0,0,1,1,2,E01018243,1,1,0.0,0.0
2020351004313,2020,351004313,546204.0,259912.0,0.138767,52.218037,35,3,2,1,03/12/2020,5,17:20,390,E07000008,E10000003,E10000003,6,0,6,30,3,13,4,6,0,0,0,0,7,2,2,0,0,0,1,2,2,E01032802,3,1,0.0,1.0
2021351078284,2021,351078284,545389.0,257969.0,0.126012,52.200796,35,2,2,1,16/08/2021,2,06:35,-1,E07000008,E10000003,E10000003,6,0,6,20,0,0,-1,0,-1,0,0,0,1,1,1,0,0,0,1,2,2,E01032797,6,1,1.0,0.0
2021351090855,2021,351090855,546104.0,255586.0,0.13544,52.179198,35,2,1,1,14/09/2021,3,09:38,-1,E07000008,E10000003,E10000003,6,0,6,30,9,19,4,3,1134,0,0,0,1,2,2,0,0,0,1,1,2,E01017995,7,1,1.0,0.0
2021351104776,2021,351104776,547545.0,258001.0,0.15755,52.200512,35,3,2,1,01/11/2021,2,10:00,-1,E07000008,E10000003,E10000003,3,1134,1,30,1,0,4,3,1134,0,0,0,1,1,1,0,0,0,1,2,2,E01017997,3,1,0.0,1.0
2023351315407,2023,351315407,545307.0,258115.0,0.124847,52.202118,35,3,2,1,01/06/2023,5,14:42,-1,E07000008,E10000003,E10000003,6,0,6,40,3,13,4,6,0,0,0,0,1,9,-1,-1,-1,-1,1,3,2,E01032797,3,1,0.0,1.0
2023351361153,2023,351361153,544965.0,260096.0,0.120694,52.220006,35,3,1,1,02/10/2023,2,08:40,-1,E07000008,E10000003,E10000003,6,0,6,30,0,0,-1,0,-1,0,0,0,1,1,1,0,3,18,1,1,2,E01018007,3,1,0.0,1.0
2023351424475,2023,351424475,546988.0,262118.0,0.151164,52.237636,35,3,2,1,30/11/2023,5,16:22,-1,E07000012,E10000003,E10000003,3,14,3,70,0,0,-1,0,-1,-1,-1,-1,6,1,2,-1,-1,-1,2,1,1,E01018274,3,1,0.0,1.0
2024351409332,2024,351409332,547868.0,259317.0,0.16282,52.21223,35,3,2,1,02/01/2024,3,08:17,-1,E07000008,E10000003,E10000003,3,1134,1,30,-1,-1,4,3,1134,-1,-1,0,1,2,2,-1,-1,0,1,1,2,E01017946,3,1,0.0,1.0
2024351524641,2024,351524641,546417.0,263361.0,0.14335,52.24895,35,3,1,1,17/11/2024,1,20:12,-1,E07000012,E10000003,E10000003,6,0,6,60,-1,0,-1,6,0,-1,-1,0,6,8,1,-1,-1,0,2,1,2,E01018274,3,1,0.0,1.0
2024351544974,2024,351544974,547869.0,259314.0,0.16283,52.21221,35,3,2,1,26/12/2024,5,10:15,-1,E07000008,E10000003,E10000003,3,1134,1,30,-1,-1,4,3,1134,-1,-1,14,1,7,2,-1,-1,0,1,1,2,E01017946,3,1,0.0,1.0
2020351009704,2020,351009704,544895.0,254191.0,0.117176,52.166983,35,2,2,1,11/12/2020,6,17:00,390,E07000008,E10000003,E10000003,3,1301,6,30,0,0,-1,0,-1,0,0,0,1,1,1,0,0,0,1,1,2,E01018003,5,1,1.0,0.0
2021351019292,2021,351019292,549859.0,260016.0,0.192274,52.21799,35,2,1,1,31/01/2021,1,02:24,-1,E07000012,E10000003,E10000003,3,14,3,70,0,0,-1,0,-1,0,0,0,6,1,2,0,0,0,2,1,1,E01018297,7,1,1.0,0.0
2022351240912,2022,351240912,546631.0,259022.0,0.144599,52.209916,35,3,2,1,06/11/2022,1,12:15,-1,E07000008,E10000003,E10000003,3,1134,3,40,6,16,2,6,0,0,5,15,1,2,2,0,0,0,1,3,2,E01017943,3,1,0.0,1.0
2024351434650,2024,351434650,546065.0,257961.0,0.13586,52.20053,35,3,2,1,15/04/2024,2,17:20,-1,E07000008,E10000003,E10000003,6,0,6,20,-1,13,4,6,0,-1,-1,13,1,2,-1,-1,-1,99,1,3,2,E01017988,3,1,0.0,1.0
2024351508040,2024,351508040,545945.0,255608.0,0.1331,52.17942,35,3,2,2,05/10/2024,7,14:15,-1,E07000008,E10000003,E10000003,3,1134,6,40,-1,13,4,6,0,-1,-1,0,1,1,1,-1,-1,0,1,1,2,E01017995,3,1,0.0,1.0
2024351505399,2024,351505399,547592.0,258007.0,0.15821,52.20054,35,3,2,1,10/10/2024,5,06:50,-1,E07000008,E10000003,E10000003,3,1134,1,30,-1,-1,4,6,0,-1,-1,0,1,1,1,-1,-1,0,1,1,2,E01017999,3,1,0.0,1.0
2020350950721,2020,350950721,542075.0,259380.0,0.078146,52.214336,35,2,3,1,12/05/2020,3,07:45,390,E07000008,E10000003,E10000003,1,11,3,40,0,0,-1,0,-1,0,0,0,1,1,1,0,0,0,2,1,1,E01017984,7,1,1.0,0.0
2021351058758,2021,351058758,545763.0,260033.0,0.132369,52.219241,35,2,2,1,16/06/2021,4,12:30,-1,E07000008,E10000003,E10000003,3,1134,1,30,1,0,4,6,0,0,0,0,1,1,1,0,0,0,1,2,2,E01018006,7,1,1.0,0.0
2021351106076,2021,351106076,546793.0,255328.0,0.145398,52.176697,35,3,2,1,29/10/2021,6,10:30,-1,E07000008,E10000003,E10000003,3,1307,1,30,1,0,2,3,1307,0,5,15,1,1,2,0,0,0,1,3,2,E01017993,3,1,0.0,1.0
2021351110132,2021,351110132,546922.0,259279.0,0.148995,52.21216,35,2,3,3,03/11/2021,4,14:57,-1,E07000008,E10000003,E10000003,3,1134,3,30,3,13,2,6,0,0,0,0,1,5,2,0,0,0,1,1,2,E01017943,6,1,1.0,0.0
2023351279242,2023,351279242,545857.0,260165.0,0.133772,52.22039,35,3,2,2,08/02/2023,4,09:10,-1,E07000008,E10000003,E10000003,3,1309,6,30,0,0,-1,0,-1,0,0,0,1,1,2,0,0,0,1,3,2,E01018006,3,1,0.0,1.0
2024351526525,2024,351526525,543984.0,259093.0,0.10592,52.21125,35,3,2,1,05/12/2024,5,09:00,-1,E07000008,E10000003,E10000003,3,1303,6,40,-1,13,4,6,0,-1,-1,0,1,1,1,-1,-1,-1,1,3,2,E01035516,3,1,0.0,1.0
2021351064130,2021,351064130,546149.0,258909.0,0.13753,52.209041,35,3,2,2,05/07/2021,2,08:42,-1,E07000008,E10000003,E10000003,3,1134,3,30,0,0,-1,0,-1,0,0,0,1,1,1,0,0,0,1,1,2,E01017943,3,1,0.0,1.0
2022351185473,2022,351185473,544198.0,262899.0,0.110669,52.24539,35,3,2,1,17/05/2022,3,17:30,-1,E07000012,E10000003,E10000003,4,1049,6,30,3,13,4,6,0,0,0,0,1,1,1,0,0,0,1,1,2,E01018259,3,1,0.0,1.0
2023351312887,2023,351312887,548078.0,258657.0,0.165601,52.206251,35,3,2,2,19/05/2023,6,15:10,-1,E07000008,E10000003,E10000003,6,0,6,30,0,0,-1,0,-1,0,0,0,1,1,-1,-1,-1,-1,1,3,2,E01017947,3,1,0.0,1.0
2024351442761,2024,351442761,544296.0,262037.0,0.11174,52.23762,35,2,2,1,17/04/2024,4,10:17,-1,E07000012,E10000003,E10000003,4,1049,6,40,-1,0,-1,6,0,-1,-1,0,1,1,1,-1,-1,0,1,1,2,E01018259,7,1,1.0,0.0
2020350919671,2020,350919671,544224.0,254323.0,0.107428,52.168344,35,3,2,1,09/01/2020,5,17:25,390,E07000008,E10000003,E10000003,6,0,9,30,0,0,-1,0,-1,0,1,13,4,8,2,0,0,0,1,2,2,E01018002,3,1,0.0,1.0
2021351048776,2021,351048776,544563.0,254675.0,0.112531,52.171418,35,3,3,1,21/05/2021,6,18:10,-1,E07000008,E10000003,E10000003,3,1309,3,30,3,13,4,3,1301,0,0,0,1,2,2,0,0,0,1,1,2,E01018002,3,1,0.0,1.0
2022351279821,2022,351279821,548997.0,261297.0,0.180201,52.229721,35,2,2,2,30/06/2022,5,08:40,-1,E07000012,E10000003,E10000003,4,1047,6,50,0,0,-1,0,-1,0,7,16,1,1,1,0,0,0,2,1,2,E01018297,7,1,1.0,0.0
2022351253344,2022,351253344,546123.0,257927.0,0.136698,52.200214,35,3,2,1,03/12/2022,7,19:28,-1,E07000008,E10000003,E10000003,6,0,6,40,3,13,4,6,0,0,0,0,4,1,1,0,0,0,1,3,2,E01017988,3,1,0.0,1.0
2023351294350,2023,351294350,547496.0,257699.0,0.156673,52.1978,35,3,2,1,01/04/2023,7,20:14,-1,E07000008,E10000003,E10000003,6,0,6,20,0,0,-1,0,-1,0,0,0,4,1,1,0,0,0,1,3,2,E01017999,3,1,0.0,1.0
2023351301186,2023,351301186,544504.0,257651.0,0.112908,52.19816,35,3,2,1,20/04/2023,5,07:25,-1,E07000008,E10000003,E10000003,3,1134,1,30,1,0,4,3,603,0,8,17,1,1,1,0,0,0,1,3,2,E01017985,3,1,0.0,1.0
2024351424479,2024,351424479,544565.0,254913.0,0.11263,52.17354,35,2,1,1,22/03/2024,6,08:29,-1,E07000008,E10000003,E10000003,3,1309,6,30,-1,0,-1,6,0,-1,-1,15,1,1,1,-1,-1,0,1,3,2,E01035526,7,1,1.0,0.0
2020350992477,2020,350992477,544311.0,257889.0,0.110216,52.20036,35,3,2,1,09/10/2020,6,19:25,390,E07000008,E10000003,E10000003,6,0,6,30,0,0,-1,0,-1,0,0,0,4,1,1,0,0,0,1,1,2,E01017986,3,1,0.0,1.0
2022351151435,2022,351151435,542075.0,259399.0,0.078126,52.214496,35,2,2,2,24/02/2022,5,06:25,-1,E07000008,E10000003,E10000003,1,11,3,70,0,0,-1,0,-1,0,0,0,6,2,2,0,0,0,2,1,1,E01017956,7,1,1.0,0.0
2022351187540,2022,351187540,545295.0,256940.0,0.124168,52.191565,35,3,2,1,07/06/2022,3,07:15,-1,E07000008,E10000003,E10000003,6,0,6,30,6,16,2,6,0,0,0,0,1,1,2,0,0,0,1,3,2,E01032794,3,1,0.0,1.0
2022351239344,2022,351239344,548047.0,254855.0,0.163488,52.172102,35,3,2,2,19/10/2022,4,08:38,-1,E07000012,E10000003,E10000003,6,0,6,60,3,13,4,6,0,0,0,0,1,1,1,0,0,0,2,1,2,E01018292,3,1,0.0,1.0
2024351422776,2024,351422776,545738.0,258161.0,0.13117,52.20242,35,3,2,3,27/02/2024,3,21:52,-1,E07000008,E10000003,E10000003,6,0,6,30,-1,16,2,3,603,-1,-1,15,4,1,2,-1,-1,0,1,1,2,E01017988,3,1,0.0,1.0
2024351443956,2024,351443956,547864.0,263400.0,0.16454,52.24892,35,2,2,2,28/03/2024,5,12:47,-1,E07000012,E10000003,E10000003,3,10,3,50,-1,13,4,6,0,-1,-1,0,1,1,2,-1,-1,0,2,1,2,E01018272,7,1,1.0,0.0
2024351452791,2024,351452791,537747.0,261975.0,0.01587,52.23874,35,3,1,1,21/05/2024,3,11:00,-1,E07000012,E10000003,E10000003,6,0,6,30,-1,0,-1,-1,-1,-1,-1,0,1,1,1,-1,-1,0,2,1,2,E01018223,3,1,0.0,1.0
2020350935273,2020,350935273,545757.0,258161.0,0.131475,52.202424,35,3,2,1,27/02/2020,5,17:00,390,E07000008,E10000003,E10000003,6,0,6,20,0,0,-1,0,-1,0,4,14,1,1,1,0,0,0,1,2,2,E01017991,3,1,0.0,1.0
2021351063874,2021,351063874,545968.0,257311.0,0.134195,52.194732,35,2,1,1,05/07/2021,2,22:15,-1,E07000008,E10000003,E10000003,6,0,6,20,3,13,4,6,0,0,0,0,4,1,2,0,0,0,1,2,2,E01017987,7,1,1.0,0.0
2021351111610,2021,351111610,545299.0,258109.0,0.124756,52.202078,35,3,1,1,18/11/2021,5,11:00,-1,E07000008,E10000003,E10000003,6,0,6,30,3,13,4,6,0,0,0,0,1,1,1,0,0,0,1,2,2,E01032797,3,1,0.0,1.0
2022351229039,2022,351229039,545866.0,257025.0,0.132552,52.192178,35,3,1,2,07/10/2022,6,15:45,-1,E07000008,E10000003,E10000003,6,0,6,30,0,0,-1,0,-1,0,0,0,1,1,1,0,0,0,1,3,2,E01032795,3,1,0.0,1.0
2022351235196,2022,351235196,544942.0,254220.0,0.117847,52.16722,35,3,2,2,21/10/2022,6,07:12,-1,E07000008,E10000003,E10000003,3,1301,6,30,6,16,2,6,0,0,5,15,7,1,2,0,0,0,1,1,2,E01018003,3,1,0.0,1.0
2023351319268,2023,351319268,544357.0,257368.0,0.110638,52.195656,35,3,2,1,12/06/2023,2,15:55,-1,E07000008,E10000003,E10000003,6,0,6,30,0,0,-1,0,-1,0,0,0,1,1,-1,-1,-1,-1,1,3,2,E01017985,3,1,0.0,1.0
2023351339335,2023,351339335,546795.0,256556.0,0.14593,52.187718,35,2,1,2,25/07/2023,3,20:02,-1,E07000008,E10000003,E10000003,6,0,6,20,3,13,4,6,0,0,0,0,1,1,1,0,0,0,1,1,2,E01017966,5,1,1.0,0.0
2023351378464,2023,351378464,545088.0,254059.0,0.119911,52.165736,35,3,2,1,14/11/2023,3,15:44,-1,E07000008,E10000003,E10000003,3,1301,6,30,0,0,-1,0,-1,0,0,0,1,1,1,0,0,0,1,1,2,E01018003,3,1,0.0,1.0
2021351088411,2021,351088411,533680.0,252707.0,-0.04728,52.156476,35,3,2,2,04/09/2021,7,14:28,-1,E07000012,E10000003,E10000003,6,0,6,60,3,13,4,6,0,0,0,0,1,1,1,0,0,0,2,1,2,E01018275,3,1,0.0,1.0
2022351204905,2022,351204905,545415.0,260768.0,0.127565,52.225925,35,2,2,1,16/07/2022,7,01:32,-1,E07000008,E10000003,E10000003,6,0,6,30,3,13,2,6,0,0,0,0,4,1,1,0,0,0,1,3,2,E01017978,7,1,1.0,0.0
2023351267493,2023,351267493,544353.0,260068.0,0.11173,52.219915,35,2,2,1,16/01/2023,2,10:15,-1,E07000008,E10000003,E10000003,4,1049,6,20,3,13,4,6,0,0,0,0,1,1,1,0,0,0,1,3,2,E01017949,7,1,1.0,0.0
2023351358429,2023,351358429,544997.0,258583.0,0.120515,52.206404,35,2,1,1,23/09/2023,7,23:30,-1,E07000008,E10000003,E10000003,6,0,6,20,0,0,-1,0,-1,0,0,0,4,1,1,0,0,0,1,3,2,E01032797,5,1,1.0,0.0
2024351503901,2024,351503901,545236.0,257691.0,0.12363,52.19833,35,3,2,1,17/09/2024,3,16:20,-1,E07000008,E10000003,E10000003,6,0,6,20,-1,0,-1,3,603,-1,-1,0,1,1,1,-1,-1,0,1,1,2,E01018005,3,1,0.0,1.0
2020351001464,2020,351001464,542448.0,261411.0,0.084456,52.232488,35,3,2,2,06/10/2020,3,08:30,395,E07000012,E10000003,E10000003,3,14,3,70,0,0,-1,0,-1,0,0,0,1,1,2,0,0,0,2,1,1,E01018248,3,1,0.0,1.0
2020351007144,2020,351007144,546833.0,256557.0,0.146514,52.187728,35,2,2,1,02/12/2020,4,18:52,390,E07000008,E10000003,E10000003,6,0,6,20,6,16,4,6,0,0,0,0,4,1,1,0,0,0,1,1,2,E01017966,7,1,1.0,0.0
2021351075036,2021,351075036,544768.0,255688.0,0.115958,52.180466,35,3,2,1,08/08/2021,1,10:35,-1,E07000008,E10000003,E10000003,3,1309,3,30,3,13,2,3,1309,0,5,15,1,1,1,0,0,0,1,3,2,E01018002,3,1,0.0,1.0
2022351148255,2022,351148255,553535.0,260258.0,0.246121,52.219141,35,3,2,3,19/02/2022,7,13:00,-1,E07000012,E10000003,E10000003,3,1303,6,60,0,0,-1,0,-1,0,0,0,1,5,2,0,0,0,2,1,2,E01018297,3,1,0.0,1.0
2022351161680,2022,351161680,546397.0,256926.0,0.140272,52.191148,35,3,2,1,27/03/2022,1,14:50,-1,E07000008,E10000003,E10000003,6,0,6,30,0,0,-1,0,-1,0,0,0,1,8,1,-1,0,0,1,3,2,E01017966,3,1,0.0,1.0
2022351178549,2022,351178549,544925.0,258132.0,0.119269,52.202371,35,3,3,2,13/05/2022,6,11:00,-1,E07000008,E10000003,E10000003,6,0,6,30,3,13,4,6,0,0,0,0,1,1,1,0,0,0,1,3,2,E01032797,3,1,0.0,1.0
2022351205297,2022,351205297,544206.0,258233.0,0.108799,52.203467,35,3,1,1,01/08/2022,2,11:15,-1,E07000008,E10000003,E10000003,6,0,6,20,0,0,-1,0,-1,0,0,0,1,1,-1,0,0,0,1,3,2,E01017986,3,1,0.0,1.0
2022351242601,2022,351242601,545510.0,253447.0,0.125814,52.160126,35,3,2,1,09/11/2022,4,18:40,-1,E07000012,E10000003,E10000003,3,1301,6,30,0,0,-1,0,-1,-1,-1,-1,4,1,1,0,0,0,1,3,2,E01018292,3,1,0.0,1.0
2024351417311,2024,351417311,548152.0,259317.0,0.16697,52.21216,35,3,4,1,23/02/2024,6,08:33,-1,E07000008,E10000003,E10000003,3,1303,3,30,-1,13,4,6,0,-1,-1,0,1,1,2,-1,-1,0,1,1,2,E01017948,3,1,0.0,1.0
2024351473897,2024,351473897,546325.0,256184.0,0.1389,52.1845,35,3,2,1,18/07/2024,5,17:50,-1,E07000008,E10000003,E10000003,3,1307,6,30,-1,13,4,6,0,-1,-1,0,1,1,1,-1,-1,0,1,1,2,E01017996,3,1,0.0,1.0
2024351495238,2024,351495238,544280.0,262737.0,0.1118,52.24391,35,2,2,1,22/07/2024,2,07:48,-1,E07000012,E10000003,E10000003,4,1049,6,30,-1,0,-1,6,0,-1,-1,15,1,1,1,-1,-1,0,1,1,2,E01018259,5,1,1.0,0.0
2022351152715,2022,351152715,544598.0,259368.0,0.115015,52.213562,35,3,2,1,04/03/2022,6,16:31,-1,E07000008,E10000003,E10000003,6,0,6,20,0,0,-1,0,-1,0,0,0,1,9,1,0,0,0,1,3,2,E01017950,3,1,0.0,1.0
2024351420942,2024,351420942,547534.0,258013.0,0.15737,52.20061,35,3,2,1,19/02/2024,2,06:20,-1,E07000008,E10000003,E10000003,3,1134,1,30,-1,-1,4,3,1134,-1,-1,0,7,1,2,-1,-1,13,1,1,2,E01017997,3,1,0.0,1.0
2022351129020,2022,351129020,540534.0,255833.0,0.054108,52.182852,35,3,3,1,04/01/2022,3,08:10,-1,E07000012,E10000003,E10000003,4,1046,6,30,0,0,-1,0,-1,0,0,0,1,2,-1,-1,-1,-1,2,3,2,E01018224,3,1,0.0,1.0
2022351251741,2022,351251741,537632.0,259467.0,0.013166,52.216233,35,3,3,2,02/12/2022,6,19:00,-1,E07000012,E10000003,E10000003,6,0,6,30,0,0,-1,0,-1,0,0,0,4,2,2,0,0,0,2,1,2,E01018251,3,1,0.0,1.0
2024351442496,2024,351442496,546974.0,262120.0,0.15096,52.23766,35,2,2,2,25/04/2024,5,05:04,-1,E07000012,E10000003,E10000003,3,14,3,70,-1,0,-1,-1,-1,-1,-1,0,1,1,1,-1,-1,0,2,1,1,E01018274,5,1,1.0,0.0
2024351473736,2024,351473736,546768.0,261691.0,0.14776,52.23386,35,2,2,1,25/07/2024,5,07:44,-1,E07000012,E10000003,E10000003,6,0,6,30,-1,18,4,6,0,-1,-1,0,1,1,1,-1,-1,0,1,1,2,E01018274,5,1,1.0,0.0
2024351509781,2024,351509781,539385.0,259526.0,0.03883,52.21632,35,3,2,1,17/10/2024,5,07:17,-1,E07000012,E10000003,E10000003,6,0,1,60,-1,-1,4,3,1303,-1,-1,0,1,1,1,-1,-1,0,2,1,2,E01018224,3,1,0.0,1.0
2020350926563,2020,350926563,546069.0,259445.0,0.136591,52.213878,35,3,2,1,04/02/2020,3,09:05,390,E07000008,E10000003,E10000003,3,1134,6,30,0,0,-1,0,-1,0,4,14,1,1,1,0,0,0,1,2,2,E01032792,3,1,0.0,1.0
2020350987533,2020,350987533,542317.0,262854.0,0.083146,52.245486,35,3,3,1,26/07/2020,1,12:40,395,E07000012,E10000003,E10000003,6,0,6,40,0,0,-1,0,-1,0,0,0,1,1,1,0,0,0,2,1,2,E01018249,3,1,0.0,1.0
2021351064259,2021,351064259,537503.0,259633.0,0.011373,52.217769,35,2,2,1,27/06/2021,1,14:10,-1,E07000012,E10000003,E10000003,6,0,6,30,3,13,4,6,0,0,0,0,1,1,1,0,0,0,2,1,2,E01018223,5,1,1.0,0.0
2021351129048,2021,351129048,551561.0,259610.0,0.216987,52.213878,35,2,1,1,16/11/2021,3,02:40,-1,E07000012,E10000003,E10000003,3,14,7,70,5,0,4,3,1303,0,0,0,4,1,1,0,0,0,2,1,1,E01018297,7,1,1.0,0.0
2021351130608,2021,351130608,546604.0,258806.0,0.144139,52.207995,35,3,2,1,31/12/2021,6,16:00,-1,E07000008,E10000003,E10000003,6,0,6,30,0,0,-1,0,-1,0,1,13,1,8,1,0,0,0,1,3,2,E01017943,3,1,0.0,1.0
2022351215690,2022,351215690,546025.0,259567.0,0.135972,52.214973,35,3,2,1,13/08/2022,7,12:50,-1,E07000008,E10000003,E10000003,3,1134,6,30,0,0,-1,0,-1,0,0,0,1,1,1,0,0,0,1,1,2,E01032802,3,1,0.0,1.0
2023351358980,2023,351358980,544780.0,261365.0,0.118531,52.231455,35,3,3,1,21/09/2023,5,16:30,-1,E07000012,E10000003,E10000003,6,0,7,30,5,0,-1,6,0,0,0,0,1,1,1,0,0,0,1,3,2,E01033120,3,1,0.0,1.0
2020350929427,2020,350929427,544558.0,255107.0,0.112642,52.175301,35,3,2,1,07/02/2020,6,19:00,390,E07000008,E10000003,E10000003,3,1309,6,30,3,13,2,6,0,0,5,15,4,1,1,0,0,0,1,1,2,E01018002,3,1,0.0,1.0
2022351232682,2022,351232682,545135.0,257585.0,0.122106,52.197402,35,2,2,1,20/09/2022,3,07:26,-1,E07000008,E10000003,E10000003,3,1134,1,30,1,0,4,3,1134,0,0,0,1,1,1,0,0,0,1,1,2,E01018005,7,1,1.0,0.0
2024351400392,2024,351400392,545872.0,260233.0,0.13402,52.221,35,3,4,1,13/01/2024,7,22:37,-1,E07000008,E10000003,E10000003,6,0,6,20,-1,0,-1,3,1309,-1,-1,0,4,1,2,-1,-1,21,1,1,2,E01018006,3,1,0.0,1.0
2020350944841,2020,350944841,541924.0,256449.0,0.074711,52.188041,35,3,3,5,29/02/2020,7,12:01,395,E07000012,E10000003,E10000003,1,11,3,30,0,0,-1,0,-1,0,0,0,1,1,1,0,0,0,2,1,1,E01018225,3,1,0.0,1.0
2020350928746,2020,350928746,542115.0,256780.0,0.077642,52.190966,35,2,2,1,27/01/2020,2,18:05,395,E07000012,E10000003,E10000003,3,603,1,60,0,0,-1,0,-1,0,0,0,4,1,1,0,0,0,2,1,2,E01018225,7,1,1.0,0.0
2020350937374,2020,350937374,547172.0,257829.0,0.152021,52.199066,35,3,2,1,06/03/2020,6,14:57,390,E07000008,E10000003,E10000003,6,0,6,20,3,13,4,6,0,0,0,0,1,1,-1,0,0,0,1,2,2,E01018000,3,1,0.0,1.0
2020350990230,2020,350990230,546896.0,255430.0,0.146947,52.177586,35,2,2,2,09/10/2020,6,11:09,390,E07000008,E10000003,E10000003,3,1307,6,30,8,18,4,6,0,0,0,0,1,1,1,0,0,0,1,1,2,E01017993,7,1,1.0,0.0
2021351013720,2021,351013720,545123.0,257588.0,0.12196,52.197443,35,2,1,1,06/01/2021,4,13:10,-1,E07000008,E10000003,E10000003,3,1134,6,30,1,0,4,3,603,0,0,0,1,1,1,0,0,0,1,1,2,E01018005,5,1,1.0,0.0
2021351065623,2021,351065623,549982.0,259319.0,0.193765,52.211695,35,3,2,1,10/07/2021,7,13:07,-1,E07000012,E10000003,E10000003,6,0,6,30,0,0,-1,0,-1,0,0,0,1,1,1,0,0,0,2,2,2,E01018297,3,1,0.0,1.0
2021351101474,2021,351101474,546444.0,255554.0,0.140395,52.17882,35,2,2,1,21/10/2021,5,17:15,-1,E07000008,E10000003,E10000003,6,0,7,20,3,13,4,6,0,0,0,0,1,1,1,0,0,0,1,2,2,E01017993,7,1,1.0,0.0
2022351171297,2022,351171297,544117.0,259644.0,0.108097,52.216167,35,3,2,1,24/04/2022,1,11:48,-1,E07000008,E10000003,E10000003,6,0,6,30,3,13,4,6,0,0,0,0,1,1,1,0,0,0,1,3,2,E01017957,3,1,0.0,1.0
2024351468674,2024,351468674,545550.0,258292.0,0.12848,52.20364,35,3,2,1,11/07/2024,5,15:15,-1,E07000008,E10000003,E10000003,6,0,6,20,-1,0,-1,6,0,-1,-1,0,1,1,1,-1,-1,0,1,3,2,E01035517,3,1,0.0,1.0
2021351035952,2021,351035952,546251.0,254696.0,0.137205,52.171163,35,3,2,2,26/03/2021,6,06:42,-1,E07000008,E10000003,E10000003,6,0,6,30,3,13,2,6,0,0,0,0,1,1,1,0,0,0,2,1,2,E01017995,3,1,0.0,1.0
2022351174879,2022,351174879,551938.0,260379.0,0.222816,52.220671,35,3,2,1,26/04/2022,3,17:15,-1,E07000012,E10000003,E10000003,4,1102,6,30,3,13,4,6,0,0,0,0,1,1,1,0,0,0,2,1,2,E01018297,3,1,0.0,1.0
2022351231504,2022,351231504,544832.0,258823.0,0.118204,52.208604,35,3,2,1,14/10/2022,6,12:15,-1,E07000008,E10000003,E10000003,6,0,6,30,0,0,-1,0,-1,0,0,0,1,1,1,0,0,0,1,3,2,E01017958,3,1,0.0,1.0
2024351445155,2024,351445155,537355.0,256024.0,0.00772,52.18537,35,3,2,1,13/05/2024,2,08:20,-1,E07000012,E10000003,E10000003,4,1046,6,30,-1,13,4,6,0,-1,-1,0,1,1,1,-1,-1,0,2,1,2,E01018231,3,1,0.0,1.0
2024351462643,2024,351462643,544312.0,259644.0,0.11095,52.21611,35,3,2,1,27/06/2024,5,17:17,-1,E07000008,E10000003,E10000003,4,1049,6,30,-1,0,-1,6,0,-1,-1,0,1,1,-1,-1,-1,99,1,3,2,E01017949,3,1,0.0,1.0
2024351516793,2024,351516793,546316.0,258985.0,0.13998,52.20967,35,3,2,1,14/11/2024,5,12:45,-1,E07000008,E10000003,E10000003,6,0,6,30,-1,0,-1,6,0,-1,-1,0,1,1,-1,-1,-1,99,1,3,2,E01017943,3,1,0.0,1.0
2020350999754,2020,350999754,545490.0,257796.0,0.127415,52.199215,35,3,2,2,19/10/2020,2,21:20,390,E07000008,E10000003,E10000003,3,1307,6,30,7,17,2,3,603,0,5,15,4,1,1,0,0,0,1,1,2,E01018005,3,1,0.0,1.0
2020351001782,2020,351001782,548593.0,256224.0,0.172094,52.184265,35,3,1,2,13/11/2020,6,11:10,390,E07000008,E10000003,E10000003,6,0,6,30,0,0,-1,0,-1,0,0,0,1,1,1,0,0,0,2,1,2,E01017959,3,1,0.0,1.0
2021351022697,2021,351022697,545983.0,259637.0,0.135416,52.215625,35,3,2,1,18/02/2021,5,22:30,-1,E07000008,E10000003,E10000003,3,1134,6,30,0,0,-1,0,-1,0,4,14,4,1,1,0,0,0,1,2,2,E01032802,3,1,0.0,1.0
2022351264531,2022,351264531,547915.0,256324.0,0.1622,52.185335,35,3,2,1,09/12/2022,6,16:23,-1,E07000008,E10000003,E10000003,6,0,6,30,0,0,-1,0,-1,0,0,0,4,1,1,0,0,0,1,1,2,E01017961,3,1,0.0,1.0
2023351270466,2023,351270466,546234.0,261380.0,0.139811,52.231206,35,3,2,1,30/01/2023,2,08:30,-1,E07000008,E10000003,E10000003,6,0,6,30,0,0,-1,0,-1,0,4,14,1,1,-1,-1,-1,-1,1,3,2,E01017980,3,1,0.0,1.0
2023351347088,2023,351347088,546396.0,257774.0,0.140623,52.198767,35,3,1,2,15/08/2023,3,21:56,-1,E07000008,E10000003,E10000003,6,0,6,40,0,0,-1,0,-1,0,0,0,4,1,1,0,0,0,1,2,2,E01017990,3,1,0.0,1.0
2024351486748,2024,351486748,549531.0,258080.0,0.18659,52.20067,35,3,2,1,19/04/2024,6,17:11,-1,E07000012,E10000003,E10000003,6,0,6,40,-1,0,-1,6,0,-1,-1,0,1,1,1,-1,-1,0,2,1,2,E01018286,3,1,0.0,1.0
2020350926307,2020,350926307,545318.0,255652.0,0.123981,52.179998,35,2,2,1,28/01/2020,3,19:14,390,E07000008,E10000003,E10000003,3,1134,6,30,0,0,-1,0,-1,0,0,0,4,1,1,0,0,0,1,2,2,E01018002,7,1,1.0,0.0
2020350962207,2020,350962207,546053.0,259299.0,0.136294,52.21257,35,3,2,1,13/06/2020,7,20:15,390,E07000008,E10000003,E10000003,3,1134,3,50,0,0,-1,0,-1,0,0,0,1,1,1,0,0,0,1,1,2,E01018010,3,1,0.0,1.0
2021351132082,2021,351132082,546824.0,258708.0,0.147314,52.207056,35,2,1,1,16/09/2021,5,10:02,-1,E07000008,E10000003,E10000003,6,0,6,30,0,0,-1,0,-1,0,1,13,1,1,1,0,0,0,1,1,2,E01017997,5,1,1.0,0.0
2021351104669,2021,351104669,545138.0,257649.0,0.122205,52.197987,35,3,2,1,30/09/2021,5,22:27,-1,E07000008,E10000003,E10000003,3,603,6,30,1,0,4,6,0,0,0,0,4,1,1,0,0,0,1,1,2,E01018005,3,1,0.0,1.0
2022351249266,2022,351249266,548571.0,253693.0,0.170637,52.161522,35,1,2,3,01/12/2022,5,19:42,-1,E07000012,E10000003,E10000003,3,1307,6,60,0,0,-1,0,-1,0,0,0,6,7,2,0,0,0,2,1,2,E01018295,1,1,0.0,0.0
2023351283842,2023,351283842,546013.0,255603.0,0.134089,52.179363,35,3,2,2,03/03/2023,6,18:20,-1,E07000008,E10000003,E10000003,3,1134,6,30,3,13,4,6,0,0,4,14,4,1,2,0,0,0,1,1,2,E01017993,3,1,0.0,1.0
2024351423618,2024,351423618,544341.0,259997.0,0.11152,52.21928,35,3,2,1,21/03/2024,5,17:52,-1,E07000008,E10000003,E10000003,4,1049,6,20,-1,13,4,6,0,-1,-1,0,1,1,1,-1,-1,0,1,3,2,E01017949,3,1,0.0,1.0
2024351440758,2024,351440758,546353.0,258018.0,0.1401,52.20097,35,3,2,1,25/04/2024,5,19:46,-1,E07000008,E10000003,E10000003,6,0,6,30,-1,0,-1,6,0,-1,-1,0,1,2,2,-1,-1,0,1,1,2,E01017990,3,1,0.0,1.0
2024351458378,2024,351458378,537556.0,261671.0,0.01295,52.23605,35,3,2,1,11/05/2024,7,12:41,-1,E07000012,E10000003,E10000003,6,0,6,60,-1,0,-1,-1,-1,-1,-1,0,1,1,1,-1,-1,0,2,1,2,E01018223,3,1,0.0,1.0
2020350968877,2020,350968877,542158.0,256768.0,0.078265,52.190847,35,1,2,1,31/07/2020,6,19:33,395,E07000012,E10000003,E10000003,3,603,3,50,0,0,-1,0,-1,0,0,0,1,1,1,0,0,0,2,1,2,E01018225,1,1,0.0,0.0
2022351267229,2022,351267229,548693.0,256542.0,0.173667,52.187084,35,2,1,1,26/11/2022,7,15:45,-1,E07000008,E10000003,E10000003,6,0,6,20,2,0,4,6,0,0,0,0,6,1,1,0,0,0,1,1,2,E01017959,7,1,1.0,0.0
2022351251683,2022,351251683,544450.0,261735.0,0.11386,52.234866,35,3,2,1,02/12/2022,6,17:40,-1,E07000012,E10000003,E10000003,3,14,7,30,0,0,-1,0,-1,0,0,0,4,2,2,0,0,0,2,3,1,E01033121,3,1,0.0,1.0
2023351307958,2023,351307958,547886.0,259342.0,0.163092,52.212456,35,3,2,1,04/05/2023,5,19:05,-1,E07000008,E10000003,E10000003,3,1134,1,40,1,0,4,3,1303,0,0,0,1,1,1,0,0,0,1,3,2,E01017946,3,1,0.0,1.0
2023351319455,2023,351319455,545797.0,258791.0,0.132303,52.208062,35,2,1,1,08/06/2023,5,16:30,-1,E07000008,E10000003,E10000003,6,0,6,20,3,13,4,6,0,0,1,13,1,1,1,0,0,0,1,1,2,E01017983,7,1,1.0,0.0
2024351443627,2024,351443627,543693.0,258549.0,0.10143,52.20644,35,2,2,1,14/05/2024,3,13:15,-1,E07000008,E10000003,E10000003,6,0,6,30,-1,0,-1,6,0,-1,-1,-1,1,1,2,-1,-1,0,1,3,2,E01035516,7,1,1.0,0.0
2023351354332,2023,351354332,549198.0,257225.0,0.181348,52.193084,35,3,2,2,31/08/2023,5,18:32,-1,E07000008,E10000003,E10000003,6,0,6,30,2,0,4,6,0,0,5,15,1,1,1,0,0,0,1,1,2,E01017963,3,1,0.0,1.0
2023351366550,2023,351366550,547382.0,257140.0,0.154764,52.192808,35,2,2,1,20/10/2023,6,08:30,-1,E07000008,E10000003,E10000003,3,1134,6,30,0,0,-1,0,-1,0,0,0,1,1,1,0,0,0,1,3,2,E01017967,6,1,1.0,0.0
2023351379871,2023,351379871,544876.0,260372.0,0.11951,52.222509,35,2,2,1,03/11/2023,6,09:18,-1,E07000008,E10000003,E10000003,6,0,6,30,3,13,4,6,0,0,0,0,1,1,2,0,0,0,1,1,2,E01017953,7,1,1.0,0.0
2024351546035,2024,351546035,544346.0,260061.0,0.11162,52.21985,35,3,2,1,17/11/2024,1,09:12,-1,E07000008,E10000003,E10000003,4,1049,6,30,-1,13,4,6,0,-1,-1,0,1,1,1,-1,-1,0,1,1,2,E01017949,3,1,0.0,1.0
2020350988191,2020,350988191,547934.0,259065.0,0.163702,52.209966,35,3,2,1,06/10/2020,3,17:00,390,E07000008,E10000003,E10000003,6,0,6,20,0,0,-1,0,-1,0,0,0,1,4,2,0,0,0,1,2,2,E01017946,3,1,0.0,1.0
2021351044903,2021,351044903,548068.0,254900.0,0.163843,52.172511,35,2,1,1,11/05/2021,3,07:36,-1,E07000008,E10000003,E10000003,6,0,6,40,0,0,-1,0,-1,0,0,0,1,1,1,0,0,0,2,1,2,E01017995,7,1,1.0,0.0
2021351102852,2021,351102852,545138.0,258234.0,0.122456,52.203243,35,3,2,1,14/10/2021,5,13:50,-1,E07000008,E10000003,E10000003,6,0,6,30,3,13,4,6,0,0,0,0,1,1,1,0,0,0,1,1,2,E01032797,3,1,0.0,1.0
2022351188847,2022,351188847,546769.0,252556.0,0.143821,52.151788,35,3,2,1,26/05/2022,5,17:11,-1,E07000012,E10000003,E10000003,6,0,6,30,0,0,-1,0,-1,0,0,0,1,1,1,0,0,0,1,1,2,E01018293,3,1,0.0,1.0
2022351253547,2022,351253547,546924.0,258153.0,0.148507,52.202031,35,3,2,2,12/12/2022,2,12:20,-1,E07000008,E10000003,E10000003,6,0,6,30,3,13,4,6,0,0,0,0,1,1,3,0,0,0,1,3,2,E01017997,3,1,0.0,1.0
2023351292475,2023,351292475,542371.0,262258.0,0.083658,52.240106,35,3,2,1,28/03/2023,3,08:52,-1,E07000012,E10000003,E10000003,6,0,6,30,3,13,4,6,0,0,0,0,1,2,-1,-1,-1,-1,1,3,2,E01018249,3,1,0.0,1.0
2023351353459,2023,351353459,545620.0,257580.0,0.129194,52.197229,35,3,1,1,11/09/2023,2,15:39,-1,E07000008,E10000003,E10000003,3,1307,6,30,0,0,-1,0,-1,0,5,15,1,1,1,0,0,0,1,3,2,E01018005,3,1,0.0,1.0
2023351374879,2023,351374879,547454.0,256810.0,0.155673,52.189824,35,2,1,1,16/10/2023,2,08:57,-1,E07000008,E10000003,E10000003,6,0,6,20,0,0,-1,0,-1,0,0,0,1,1,1,0,0,0,1,1,2,E01017968,7,1,1.0,0.0
2024351538125,2024,351538125,544392.0,258973.0,0.11183,52.21007,35,3,2,1,18/12/2024,4,11:45,-1,E07000008,E10000003,E10000003,3,1303,6,30,-1,13,-1,3,1134,-1,-1,0,1,1,1,-1,-1,0,1,3,2,E01035514,3,1,0.0,1.0
2021351012871,2021,351012871,546558.0,258956.0,0.143531,52.209355,35,3,2,1,08/01/2021,6,14:45,-1,E07000008,E10000003,E10000003,3,1134,3,30,3,13,2,6,0,0,0,0,1,1,1,0,0,0,1,2,2,E01017943,3,1,0.0,1.0
2022351141694,2022,351141694,545097.0,257737.0,0.121615,52.198777,35,3,2,1,07/02/2022,2,01:02,-1,E07000008,E10000003,E10000003,6,0,6,30,0,0,-1,0,-1,0,0,0,4,1,2,0,0,0,1,1,2,E01032797,3,1,0.0,1.0
2023351321897,2023,351321897,546224.0,261208.0,0.139591,52.229664,35,2,1,2,11/05/2023,5,16:45,-1,E07000008,E10000003,E10000003,6,0,6,20,0,0,-1,0,-1,0,0,0,1,1,1,0,0,0,1,1,2,E01017977,7,1,1.0,0.0
2024351490501,2024,351490501,544361.0,260134.0,0.11188,52.2205,35,2,1,1,16/08/2024,6,21:05,-1,E07000008,E10000003,E10000003,4,1049,6,30,-1,0,-1,6,0,-1,-1,0,4,1,1,-1,-1,0,1,1,2,E01017949,7,1,1.0,0.0
2020350959918,2020,350959918,542577.0,261280.0,0.086289,52.231277,35,3,2,1,22/06/2020,2,14:10,395,E07000012,E10000003,E10000003,6,0,6,30,2,0,4,6,0,0,0,0,1,1,1,0,0,0,1,2,2,E01018248,3,1,0.0,1.0
2022351247578,2022,351247578,543736.0,253614.0,0.09997,52.162091,35,3,2,1,02/09/2022,6,16:18,-1,E07000012,E10000003,E10000003,1,11,3,70,0,0,-1,0,-1,0,0,0,1,1,1,0,0,0,2,1,1,E01018256,3,1,0.0,1.0
2024351442582,2024,351442582,546682.0,262147.0,0.1467,52.23798,35,3,1,1,11/05/2024,7,06:00,-1,E07000012,E10000003,E10000003,3,14,3,70,-1,0,-1,3,14,-1,-1,0,1,9,-1,-1,-1,99,2,3,1,E01018274,3,1,0.0,1.0
2021351044152,2021,351044152,545143.0,258383.0,0.122593,52.204581,35,3,1,2,26/04/2021,2,14:40,-1,E07000008,E10000003,E10000003,6,0,6,20,0,0,-1,0,-1,0,0,0,1,1,1,0,0,0,1,1,2,E01032797,3,1,0.0,1.0
2021351083531,2021,351083531,545351.0,259730.0,0.126212,52.216628,35,3,2,1,26/08/2021,5,11:58,-1,E07000008,E10000003,E10000003,6,0,6,30,3,13,2,3,1134,0,4,14,1,1,1,0,0,0,1,1,2,E01018007,3,1,0.0,1.0
2023351349960,2023,351349960,547014.0,262840.0,0.151858,52.244115,35,2,2,4,28/08/2023,2,12:37,-1,E07000012,E10000003,E10000003,3,10,3,50,3,13,2,6,0,0,0,0,1,1,1,0,0,0,2,1,2,E01018274,5,1,1.0,0.0
2023351364248,2023,351364248,546907.0,258508.0,0.148413,52.205225,35,3,2,1,12/10/2023,5,08:15,-1,E07000008,E10000003,E10000003,6,0,6,20,0,0,-1,0,-1,-1,-1,-1,1,2,-1,-1,-1,-1,1,3,2,E01017997,3,1,0.0,1.0
2024351531105,2024,351531105,546245.0,258870.0,0.13889,52.20865,35,2,1,2,24/08/2024,7,18:00,-1,E07000008,E10000003,E10000003,3,1134,1,30,-1,0,-1,-1,-1,-1,-1,14,1,2,2,-1,-1,0,1,1,2,E01017943,7,1,1.0,0.0
2024351493346,2024,351493346,545162.0,257314.0,0.12238,52.19496,35,3,3,1,18/09/2024,4,15:45,-1,E07000008,E10000003,E10000003,3,1134,6,30,-1,13,4,6,0,-1,-1,0,1,1,1,-1,-1,-1,1,3,2,E01018005,3,1,0.0,1.0
2020350922658,2020,350922658,544286.0,257460.0,0.109668,52.196513,35,3,2,1,16/01/2020,5,20:10,390,E07000008,E10000003,E10000003,3,603,6,30,3,13,4,6,0,0,0,0,4,2,2,0,0,0,2,1,2,E01017985,3,1,0.0,1.0
2020350922497,2020,350922497,548836.0,253463.0,0.174436,52.159395,35,2,3,1,19/01/2020,1,12:42,395,E07000012,E10000003,E10000003,3,1307,6,50,0,0,-1,0,-1,0,0,0,1,1,1,0,0,0,2,2,2,E01018295,7,1,1.0,0.0
2020350994192,2020,350994192,546060.0,258651.0,0.136117,52.206747,35,3,2,1,28/10/2020,4,15:45,390,E07000008,E10000003,E10000003,3,603,3,30,3,13,2,6,0,0,4,14,1,2,2,0,0,0,1,2,2,E01017983,3,1,0.0,1.0
2020351003812,2020,351003812,549494.0,256519.0,0.185393,52.186672,35,3,2,2,18/11/2020,4,09:02,395,E07000012,E10000003,E10000003,6,0,1,30,1,0,4,6,0,0,0,0,1,1,1,0,0,0,1,1,2,E01018243,3,1,0.0,1.0
2022351190550,2022,351190550,545787.0,258790.0,0.132156,52.208056,35,2,1,1,15/06/2022,4,10:33,-1,E07000008,E10000003,E10000003,6,0,6,30,3,13,4,6,0,0,0,0,4,1,1,0,0,0,1,1,2,E01017983,7,1,1.0,0.0
2022351286399,2022,351286399,546334.0,261281.0,0.141232,52.23029,35,2,2,2,24/09/2022,7,22:25,-1,E07000008,E10000003,E10000003,6,0,6,30,0,0,-1,0,-1,0,0,0,4,2,2,0,0,0,1,1,2,E01017976,7,1,1.0,0.0
2023351391036,2023,351391036,547828.0,259687.0,0.162395,52.215571,35,3,2,1,09/12/2023,7,14:34,-1,E07000008,E10000003,E10000003,6,0,6,20,3,13,4,6,0,0,0,0,1,1,2,0,0,0,1,1,2,E01017946,3,1,0.0,1.0
2024351411975,2024,351411975,545174.0,258319.0,0.12299,52.20398,35,3,2,1,06/02/2024,3,09:42,-1,E07000008,E10000003,E10000003,6,0,6,20,-1,13,4,6,0,-1,-1,0,1,1,1,-1,-1,0,1,1,2,E01035517,3,1,0.0,1.0
2020350917028,2020,350917028,536290.0,256137.0,-0.007776,52.186658,35,3,2,1,08/01/2020,4,10:47,395,E07000012,E10000003,E10000003,4,1046,6,30,3,13,4,6,0,0,0,0,1,1,1,0,0,0,2,2,2,E01018231,3,1,0.0,1.0
2020350940849,2020,350940849,546028.0,257637.0,0.135212,52.197645,35,3,2,1,10/03/2020,3,12:40,390,E07000008,E10000003,E10000003,6,0,6,30,0,0,-1,0,-1,0,0,0,1,1,1,0,0,0,1,2,2,E01017987,3,1,0.0,1.0
2021351039572,2021,351039572,546310.0,257816.0,0.139412,52.199178,35,2,1,1,16/04/2021,6,16:50,-1,E07000008,E10000003,E10000003,6,0,6,20,3,13,4,6,0,0,0,0,1,1,1,0,0,0,1,1,2,E01017987,7,1,1.0,0.0
2022351181092,2022,351181092,549482.0,260439.0,0.186918,52.221881,35,3,5,1,22/05/2022,1,16:30,-1,E07000012,E10000003,E10000003,3,14,3,50,0,0,-1,0,-1,0,0,0,1,1,1,0,0,0,2,3,1,E01018297,3,1,0.0,1.0
2023351377459,2023,351377459,537667.0,259590.0,0.013728,52.21733,35,2,2,1,05/11/2023,1,11:07,-1,E07000012,E10000003,E10000003,6,0,6,40,3,13,4,6,0,0,0,0,1,1,1,0,0,0,2,1,2,E01018251,6,1,1.0,0.0
2024351397517,2024,351397517,545924.0,262030.0,0.13556,52.23713,35,3,2,1,02/01/2024,3,17:15,-1,E07000012,E10000003,E10000003,3,14,3,70,-1,0,-1,-1,-1,-1,-1,0,6,4,2,-1,-1,0,2,1,1,E01018274,3,1,0.0,1.0
2024351451925,2024,351451925,545862.0,258381.0,0.13308,52.20436,35,3,2,1,21/05/2024,3,15:14,-1,E07000008,E10000003,E10000003,3,603,6,30,-1,13,4,6,0,-1,-1,14,1,2,2,-1,-1,0,1,1,2,E01035517,3,1,0.0,1.0
2021351016424,2021,351016424,546647.0,258633.0,0.144693,52.206429,35,3,1,1,23/01/2021,7,12:50,-1,E07000008,E10000003,E10000003,6,0,6,20,0,0,-1,0,-1,0,0,0,1,1,1,0,0,0,1,2,2,E01017990,3,1,0.0,1.0
2021351017139,2021,351017139,537587.0,259615.0,0.012595,52.217586,35,2,2,1,25/01/2021,2,08:20,-1,E07000012,E10000003,E10000003,6,0,6,30,0,0,-1,0,-1,0,0,0,1,2,4,0,0,0,2,2,2,E01018223,7,1,1.0,0.0
2022351214484,2022,351214484,547892.0,259323.0,0.163172,52.212284,35,3,2,2,21/08/2022,1,09:05,-1,E07000008,E10000003,E10000003,3,1303,3,30,1,0,4,3,1134,0,0,0,1,1,1,0,0,0,1,3,2,E01017947,3,1,0.0,1.0
2022351219001,2022,351219001,545785.0,257345.0,0.131506,52.195074,35,3,1,1,27/08/2022,7,11:28,-1,E07000008,E10000003,E10000003,6,0,9,30,0,0,-1,0,-1,0,5,15,1,1,1,-1,-1,-1,1,3,2,E01017987,3,1,0.0,1.0
2023351268317,2023,351268317,546633.0,257671.0,0.144044,52.197778,35,2,1,1,13/01/2023,6,16:05,-1,E07000008,E10000003,E10000003,6,0,6,30,3,13,4,6,0,0,0,0,1,1,1,0,0,0,1,1,2,E01018000,7,1,1.0,0.0
2023351309162,2023,351309162,545529.0,261961.0,0.129746,52.236613,35,3,7,3,11/05/2023,5,17:24,-1,E07000012,E10000003,E10000003,3,14,3,70,0,0,-1,0,-1,0,0,0,1,1,1,0,0,0,2,1,1,E01018259,3,1,0.0,1.0
2023351372609,2023,351372609,546140.0,258875.0,0.137355,52.208726,35,3,2,1,08/11/2023,4,17:26,-1,E07000008,E10000003,E10000003,3,1134,3,30,1,0,-1,3,1134,-1,-1,-1,1,1,2,-1,-1,-1,1,3,2,E01017983,3,1,0.0,1.0
2020350932263,2020,350932263,542022.0,259192.0,0.077292,52.212661,35,3,3,2,02/02/2020,1,19:20,390,E07000008,E10000003,E10000003,1,11,7,70,0,0,-1,0,-1,0,0,0,6,1,1,0,0,0,2,1,1,E01017984,3,1,0.0,1.0
2020350936805,2020,350936805,544895.0,261250.0,0.120193,52.230403,35,3,2,1,02/03/2020,2,08:50,390,E07000008,E10000003,E10000003,6,0,6,20,0,0,-1,0,-1,0,1,13,1,1,1,0,0,0,1,1,2,E01017978,3,1,0.0,1.0
2020350954873,2020,350954873,543474.0,255141.0,0.096815,52.175889,35,3,1,1,30/05/2020,7,18:00,395,E07000012,E10000003,E10000003,6,0,6,20,0,0,-1,0,-1,0,0,0,1,1,1,0,0,0,2,2,2,E01018225,3,1,0.0,1.0
2020351003282,2020,351003282,540013.0,254930.0,0.046149,52.174881,35,2,3,2,16/11/2020,2,13:00,395,E07000012,E10000003,E10000003,3,603,6,60,0,0,-1,0,-1,0,0,0,1,1,1,0,0,0,2,1,2,E01018224,5,1,1.0,0.0
2021351054045,2021,351054045,545752.0,258184.0,0.131412,52.202632,35,3,2,1,09/06/2021,4,10:30,-1,E07000008,E10000003,E10000003,6,0,7,20,6,16,2,3,603,0,4,14,1,1,1,0,0,0,1,2,2,E01017991,3,1,0.0,1.0
2022351188826,2022,351188826,549195.0,253213.0,0.179542,52.157041,35,3,2,1,08/05/2022,1,13:00,-1,E07000012,E10000003,E10000003,3,1307,3,60,3,13,4,6,0,0,0,0,1,1,1,0,0,0,2,1,2,E01018295,3,1,0.0,1.0
2022351246677,2022,351246677,545425.0,258776.0,0.126856,52.208025,35,3,2,1,18/11/2022,6,16:20,-1,E07000008,E10000003,E10000003,6,0,1,40,1,0,4,6,0,0,0,0,4,1,1,0,0,0,1,3,2,E01032797,3,1,0.0,1.0
2023351372000,2023,351372000,544941.0,254231.0,0.117837,52.167319,35,3,2,1,28/10/2023,7,20:15,-1,E07000008,E10000003,E10000003,3,1301,3,40,6,16,2,6,0,0,4,14,4,2,2,0,0,0,1,1,2,E01018003,3,1,0.0,1.0
2024351457532,2024,351457532,545480.0,259532.0,0.12799,52.2148,35,3,2,1,15/06/2024,7,13:11,-1,E07000008,E10000003,E10000003,3,1303,6,30,-1,13,4,6,0,-1,-1,0,1,1,2,-1,-1,0,1,1,2,E01018010,3,1,0.0,1.0
2020350989962,2020,350989962,547829.0,256340.0,0.160978,52.185513,35,3,2,1,25/09/2020,6,07:45,390,E07000008,E10000003,E10000003,6,0,6,20,3,13,4,6,0,0,0,0,1,2,2,0,0,0,1,1,2,E01017961,3,1,0.0,1.0
2022351179488,2022,351179488,547455.0,257495.0,0.155985,52.195978,35,3,1,1,09/03/2022,4,12:00,-1,E07000008,E10000003,E10000003,3,1134,6,30,6,16,2,6,0,0,0,0,1,1,1,0,0,0,1,1,2,E01017999,3,1,0.0,1.0
2022351218183,2022,351218183,546315.0,258544.0,0.139771,52.205706,35,3,1,1,20/08/2022,7,09:25,-1,E07000008,E10000003,E10000003,6,0,6,20,3,13,4,6,0,0,0,0,1,1,1,0,2,17,1,1,2,E01017989,3,1,0.0,1.0
2023351286658,2023,351286658,545569.0,258559.0,0.128869,52.206038,35,3,3,1,09/03/2023,5,08:25,-1,E07000008,E10000003,E10000003,6,0,6,30,6,16,4,6,0,0,0,0,1,2,2,0,0,0,1,3,2,E01017983,3,1,0.0,1.0
2023351335872,2023,351335872,548948.0,261235.0,0.179457,52.229177,35,3,3,2,11/07/2023,3,07:37,-1,E07000012,E10000003,E10000003,3,14,3,70,0,0,-1,0,-1,0,0,0,1,1,1,0,0,0,2,1,1,E01018297,3,1,0.0,1.0
2024351421916,2024,351421916,544361.0,261480.0,0.11245,52.2326,35,3,2,1,16/03/2024,7,19:45,-1,E07000012,E10000003,E10000003,6,0,6,30,-1,13,2,4,1049,-1,-1,15,4,1,1,-1,-1,0,2,3,2,E01033121,3,1,0.0,1.0
2024351498530,2024,351498530,545917.0,258459.0,0.13391,52.20505,35,3,2,1,10/09/2024,3,19:30,-1,E07000008,E10000003,E10000003,3,603,6,30,-1,13,2,6,0,-1,-1,14,4,2,2,-1,-1,0,1,1,2,E01017991,3,1,0.0,1.0
2020350930428,2020,350930428,545907.0,258557.0,0.133839,52.205942,35,3,3,1,14/02/2020,6,15:15,390,E07000008,E10000003,E10000003,6,0,6,20,0,0,-1,0,-1,0,4,14,1,1,1,0,0,0,1,2,2,E01017983,3,1,0.0,1.0
2020350965899,2020,350965899,546655.0,258756.0,0.144863,52.207532,35,3,1,1,19/07/2020,1,14:40,390,E07000008,E10000003,E10000003,6,0,1,30,1,0,4,6,0,0,4,14,1,1,1,0,0,0,1,2,2,E01017989,3,1,0.0,1.0
2021351061435,2021,351061435,544401.0,261012.0,0.112863,52.228395,35,2,2,1,11/06/2021,6,14:15,-1,E07000008,E10000003,E10000003,6,0,6,30,3,13,4,6,0,0,0,0,1,1,1,0,0,0,1,2,2,E01017951,6,1,1.0,0.0
2023351301467,2023,351301467,546565.0,257696.0,0.143061,52.198021,35,3,2,1,20/04/2023,5,21:25,-1,E07000008,E10000003,E10000003,6,0,6,30,3,13,4,6,0,0,0,0,4,1,-1,-1,-1,-1,1,3,2,E01018000,3,1,0.0,1.0
2023351312823,2023,351312823,547038.0,257610.0,0.149939,52.197122,35,2,2,1,15/05/2023,2,13:20,-1,E07000008,E10000003,E10000003,6,0,6,20,3,13,4,6,0,0,0,0,1,1,1,0,0,0,1,1,2,E01018000,7,1,1.0,0.0
2024351430109,2024,351430109,543865.0,259757.0,0.10446,52.21725,35,3,2,1,03/04/2024,4,11:12,-1,E07000008,E10000003,E10000003,3,1307,3,30,-1,13,4,6,0,-1,-1,13,1,1,1,-1,-1,0,1,3,2,E01035513,3,1,0.0,1.0
2024351529587,2024,351529587,545293.0,256953.0,0.12414,52.19168,35,3,2,1,30/08/2024,6,21:11,-1,E07000008,E10000003,E10000003,6,0,7,30,-1,-1,2,6,0,-1,-1,0,7,1,1,-1,-1,0,1,1,2,E01032794,3,1,0.0,1.0
2021351075468,2021,351075468,551423.0,259678.0,0.214999,52.214527,35,3,2,1,06/08/2021,6,07:32,-1,E07000012,E10000003,E10000003,3,14,7,30,0,0,-1,0,-1,0,0,0,1,1,1,0,0,0,2,3,1,E01018297,3,1,0.0,1.0
2021351125367,2021,351125367,543755.0,253581.0,0.100262,52.1618,35,2,3,5,09/12/2021,5,16:43,-1,E07000012,E10000003,E10000003,1,11,7,30,0,0,-1,0,-1,0,0,0,6,1,1,0,0,0,2,1,1,E01018256,5,1,1.0,0.0
2020350935276,2020,350935276,546490.0,258929.0,0.142525,52.20913,35,2,2,1,27/02/2020,5,18:00,390,E07000008,E10000003,E10000003,6,0,7,30,3,13,4,3,1134,0,4,14,4,1,1,0,0,0,1,2,2,E01017943,7,1,1.0,0.0
2022351136218,2022,351136218,545269.0,255652.0,0.123237,52.18,35,2,1,1,22/01/2022,7,17:20,-1,E07000008,E10000003,E10000003,3,1134,3,30,3,13,4,6,0,0,0,0,4,1,2,0,0,0,1,1,2,E01018002,6,1,1.0,0.0
2022351188846,2022,351188846,548839.0,261332.0,0.177904,52.230078,35,2,2,1,15/05/2022,1,05:17,-1,E07000012,E10000003,E10000003,3,14,3,70,0,0,-1,0,-1,0,0,0,1,1,1,0,0,0,2,1,1,E01018297,6,1,1.0,0.0
2023351365980,2023,351365980,546006.0,257925.0,0.134986,52.200227,35,3,2,1,18/10/2023,4,16:44,-1,E07000008,E10000003,E10000003,6,0,6,20,3,13,4,6,0,0,0,0,1,2,-1,-1,-1,-1,1,3,2,E01017988,3,1,0.0,1.0
2020350991115,2020,350991115,551550.0,259676.0,0.216855,52.214474,35,3,1,2,08/10/2020,5,14:47,395,E07000012,E10000003,E10000003,3,1303,1,50,0,0,-1,0,-1,0,0,0,1,1,2,0,0,0,2,1,2,E01018297,3,1,0.0,1.0
2021351033933,2021,351033933,547027.0,255608.0,0.148938,52.17915,35,3,2,1,06/04/2021,3,18:28,-1,E07000008,E10000003,E10000003,3,1134,1,30,1,0,4,6,0,0,0,0,1,8,1,0,0,0,1,1,2,E01017993,3,1,0.0,1.0
2021351058915,2021,351058915,546248.0,256690.0,0.13802,52.189078,35,3,1,1,10/06/2021,5,14:36,-1,E07000008,E10000003,E10000003,6,0,6,30,3,13,2,6,0,0,5,15,1,1,1,0,0,0,1,1,2,E01017966,3,1,0.0,1.0
2021351060691,2021,351060691,547243.0,256461.0,0.152465,52.186757,35,3,2,1,24/06/2021,5,09:10,-1,E07000008,E10000003,E10000003,3,1134,1,30,1,0,4,6,0,0,4,14,1,1,1,0,0,0,1,2,2,E01017968,3,1,0.0,1.0
2022351137518,2022,351137518,545856.0,258377.0,0.132988,52.204327,35,2,2,1,15/01/2022,7,16:40,-1,E07000008,E10000003,E10000003,6,0,6,30,3,13,4,3,603,0,0,0,4,1,2,0,0,0,1,3,2,E01032797,6,1,1.0,0.0
2022351165589,2022,351165589,546273.0,256311.0,0.138194,52.185655,35,3,2,1,07/04/2022,5,12:38,-1,E07000008,E10000003,E10000003,3,1307,6,30,0,0,-1,0,-1,0,0,0,1,1,1,0,0,0,1,3,2,E01017996,3,1,0.0,1.0
2023351337225,2023,351337225,544315.0,259421.0,0.110898,52.214112,35,2,2,1,26/07/2023,4,19:00,-1,E07000008,E10000003,E10000003,3,1134,6,30,3,13,-1,4,1049,0,0,0,1,2,2,0,0,0,1,3,2,E01017958,7,1,1.0,0.0
2020350999853,2020,350999853,547027.0,255640.0,0.148952,52.179438,35,3,2,1,12/11/2020,5,15:35,390,E07000008,E10000003,E10000003,3,1134,6,30,1,0,4,3,1134,0,0,0,1,1,1,0,0,0,1,1,2,E01017992,3,1,0.0,1.0
2020351030609,2020,351030609,543430.0,253881.0,0.09564,52.16458,35,3,2,4,18/12/2020,6,09:05,395,E07000012,E10000003,E10000003,1,11,3,70,0,0,-1,0,-1,0,0,0,1,1,1,0,0,0,2,1,1,E01018256,3,1,0.0,1.0
2022351185446,2022,351185446,547611.0,258022.0,0.158495,52.200671,35,3,2,1,31/05/2022,3,19:25,-1,E07000008,E10000003,E10000003,3,1134,1,30,1,0,4,6,0,0,0,0,1,1,1,0,0,0,1,3,2,E01017999,3,1,0.0,1.0
2022351261359,2022,351261359,547501.0,257877.0,0.156824,52.199398,35,3,2,2,02/12/2022,6,11:20,-1,E07000008,E10000003,E10000003,3,1134,6,30,0,0,-1,0,-1,0,4,14,1,1,2,0,0,0,1,1,2,E01017999,3,1,0.0,1.0
2020350949555,2020,350949555,544742.0,257605.0,0.116396,52.197696,35,3,2,1,02/03/2020,2,10:29,390,E07000008,E10000003,E10000003,3,1134,6,30,0,0,-1,0,-1,0,1,13,1,1,1,0,0,0,2,1,2,E01017985,3,1,0.0,1.0
2021351014542,2021,351014542,547534.0,255708.0,0.156391,52.179914,35,2,2,1,11/01/2021,2,19:45,-1,E07000008,E10000003,E10000003,6,0,6,30,0,0,-1,0,-1,0,0,0,4,2,2,0,0,0,1,1,2,E01017995,5,1,1.0,0.0
2022351140788,2022,351140788,544368.0,260283.0,0.112041,52.221842,35,3,2,1,03/02/2022,5,08:15,-1,E07000008,E10000003,E10000003,4,1049,6,30,6,16,2,6,0,0,5,15,1,1,1,0,0,0,1,3,2,E01017955,3,1,0.0,1.0
2022351185343,2022,351185343,547956.0,259328.0,0.16411,52.212312,35,3,2,1,25/05/2022,4,06:20,-1,E07000008,E10000003,E10000003,6,0,6,30,0,0,-1,0,-1,0,0,0,1,1,1,0,0,0,1,3,2,E01017947,3,1,0.0,1.0
2022351197558,2022,351197558,545290.0,259530.0,0.125205,52.214835,35,3,2,1,02/06/2022,5,08:10,-1,E07000008,E10000003,E10000003,3,1134,6,30,0,0,-1,0,-1,0,1,13,1,1,1,0,0,0,1,1,2,E01018009,3,1,0.0,1.0
2023351342259,2023,351342259,545764.0,257345.0,0.131199,52.19508,35,3,2,1,12/08/2023,7,18:45,-1,E07000008,E10000003,E10000003,3,1307,6,30,3,13,2,6,0,0,5,15,1,1,-1,-1,-1,-1,1,3,2,E01017987,3,1,0.0,1.0
2024351412335,2024,351412335,544352.0,260083.0,0.11172,52.22005,35,3,2,1,13/02/2024,3,18:52,-1,E07000008,E10000003,E10000003,4,1049,6,30,-1,13,4,6,0,-1,-1,14,4,1,1,-1,-1,0,1,3,2,E01017949,3,1,0.0,1.0
2020350923112,2020,350923112,544509.0,254504.0,0.111669,52.169896,35,3,2,1,24/01/2020,6,14:35,390,E07000008,E10000003,E10000003,3,1309,3,40,9,19,2,6,0,0,4,14,1,1,1,0,0,0,1,2,2,E01018002,3,1,0.0,1.0
2021351014219,2021,351014219,546767.0,259148.0,0.146671,52.211024,35,3,2,1,08/01/2021,6,21:13,-1,E07000008,E10000003,E10000003,3,1134,3,30,6,16,2,6,0,0,0,0,4,1,2,0,0,0,1,2,2,E01017943,3,1,0.0,1.0
2021351138708,2021,351138708,545358.0,259721.0,0.126311,52.216545,35,2,2,1,04/10/2021,2,22:00,-1,E07000008,E10000003,E10000003,3,1134,6,30,3,13,4,6,0,0,0,0,4,1,1,0,0,0,1,1,2,E01018007,5,1,1.0,0.0
2020350965524,2020,350965524,539791.0,262906.0,0.046194,52.2466,35,3,3,2,17/07/2020,6,22:39,395,E07000012,E10000003,E10000003,3,14,3,70,0,0,-1,0,-1,0,0,0,5,1,1,0,0,0,2,1,1,E01018237,3,1,0.0,1.0
2021351039099,2021,351039099,551130.0,256386.0,0.209246,52.185032,35,3,2,1,21/03/2021,1,21:55,-1,E07000012,E10000003,E10000003,6,0,6,30,3,13,4,6,0,0,0,0,4,1,1,0,0,0,1,1,2,E01018243,3,1,0.0,1.0
2021351102325,2021,351102325,547021.0,255640.0,0.148865,52.17944,35,2,2,1,21/10/2021,5,20:50,-1,E07000008,E10000003,E10000003,3,1134,1,20,1,0,4,3,1134,0,1,13,4,1,1,0,0,0,1,2,2,E01017993,6,1,1.0,0.0
2022351133421,2022,351133421,541442.0,255888.0,0.067403,52.183114,35,3,2,1,17/01/2022,2,15:20,-1,E07000012,E10000003,E10000003,3,603,6,40,9,19,4,4,1046,0,0,0,1,1,2,0,0,0,2,2,2,E01018225,3,1,0.0,1.0
2022351195513,2022,351195513,546841.0,255591.0,0.146185,52.179036,35,2,2,1,30/05/2022,2,19:00,-1,E07000008,E10000003,E10000003,3,1134,6,30,0,0,-1,0,-1,0,0,0,1,2,2,0,0,0,1,1,2,E01017993,6,1,1.0,0.0
2022351198606,2022,351198606,551575.0,259620.0,0.217167,52.213952,35,3,1,1,20/06/2022,2,06:30,-1,E07000012,E10000003,E10000003,3,14,7,70,0,0,-1,0,-1,0,0,0,1,1,1,0,0,0,2,1,1,E01018297,3,1,0.0,1.0
2022351216071,2022,351216071,546835.0,257145.0,0.14677,52.192999,35,3,2,1,01/09/2022,5,20:06,-1,E07000008,E10000003,E10000003,6,0,6,30,6,16,2,6,0,0,5,15,4,1,1,1,0,11,1,3,2,E01017965,3,1,0.0,1.0
2022351221111,2022,351221111,544456.0,254630.0,0.11092,52.171031,35,3,2,1,03/09/2022,7,11:40,-1,E07000008,E10000003,E10000003,6,0,6,30,0,0,-1,0,-1,-1,-1,-1,1,1,-1,-1,-1,-1,2,3,2,E01018002,3,1,0.0,1.0
2023351365835,2023,351365835,540719.0,262186.0,0.059451,52.239883,35,2,1,1,10/10/2023,3,15:30,-1,E07000012,E10000003,E10000003,1,11,3,70,5,0,4,3,14,0,0,0,1,1,1,0,0,0,2,1,1,E01018249,5,1,1.0,0.0
2024351421002,2024,351421002,546088.0,256736.0,0.13567,52.18952,35,3,2,1,08/03/2024,6,15:11,-1,E07000008,E10000003,E10000003,3,1307,6,30,-1,0,-1,6,0,-1,-1,0,1,1,1,-1,-1,0,1,1,2,E01035518,3,1,0.0,1.0
2024351476845,2024,351476845,551516.0,259720.0,0.21635,52.21487,35,3,2,1,06/08/2024,3,07:15,-1,E07000012,E10000003,E10000003,3,1303,3,50,-1,0,-1,4,1102,-1,-1,0,1,1,-1,-1,-1,99,2,3,2,E01018297,3,1,0.0,1.0
2024351489534,2024,351489534,543378.0,257642.0,0.09644,52.19837,35,3,2,1,09/09/2024,2,07:50,-1,E07000008,E10000003,E10000003,3,603,6,30,-1,0,-1,6,0,-1,-1,0,1,1,-1,-1,-1,99,1,3,2,E01035516,3,1,0.0,1.0
2024351524753,2024,351524753,545738.0,258173.0,0.13117,52.20252,35,2,2,1,27/11/2024,4,22:20,-1,E07000008,E10000003,E10000003,3,603,6,30,-1,13,-1,6,0,-1,-1,-1,4,1,2,-1,-1,-1,1,3,2,E01017991,7,1,1.0,0.0
2021351082663,2021,351082663,546496.0,258928.0,0.142613,52.20912,35,2,2,1,24/08/2021,3,09:08,-1,E07000008,E10000003,E10000003,3,1134,6,30,3,13,2,6,0,0,0,0,1,1,1,0,0,0,1,1,2,E01017943,7,1,1.0,0.0
2021351119322,2021,351119322,546473.0,257266.0,0.141558,52.194194,35,3,2,1,27/11/2021,7,06:20,-1,E07000008,E10000003,E10000003,6,0,6,30,0,0,-1,0,-1,0,0,0,1,5,4,0,0,0,1,3,2,E01017966,3,1,0.0,1.0
2022351130231,2022,351130231,546069.0,259355.0,0.136524,52.213057,35,3,2,1,02/01/2022,1,14:40,-1,E07000008,E10000003,E10000003,3,1134,3,30,0,0,-1,0,-1,0,0,0,1,2,2,0,0,0,1,3,2,E01032792,3,1,0.0,1.0
2022351139722,2022,351139722,545712.0,260010.0,0.131584,52.219036,35,3,2,1,21/01/2022,6,17:10,-1,E07000008,E10000003,E10000003,3,1134,6,30,0,0,-1,0,-1,0,0,0,4,1,1,0,0,0,1,3,2,E01018006,3,1,0.0,1.0
2022351173524,2022,351173524,545063.0,258598.0,0.121486,52.206522,35,3,2,1,04/05/2022,4,09:07,-1,E07000008,E10000003,E10000003,6,0,6,30,0,0,-1,0,-1,0,0,0,1,1,1,0,0,0,1,3,2,E01032797,3,1,0.0,1.0
2022351232488,2022,351232488,545808.0,257282.0,0.131815,52.194502,35,2,1,2,24/08/2022,4,23:45,-1,E07000008,E10000003,E10000003,3,1307,6,30,0,0,-1,0,-1,0,0,0,4,1,1,0,0,0,1,1,2,E01032795,7,1,1.0,0.0
2023351368929,2023,351368929,544287.0,259028.0,0.110321,52.210588,35,3,2,1,27/10/2023,6,22:20,-1,E07000008,E10000003,E10000003,3,1303,6,30,3,13,2,3,1134,0,5,15,4,1,1,0,0,0,1,1,2,E01017958,3,1,0.0,1.0
2020350933137,2020,350933137,545495.0,257830.0,0.127502,52.199519,35,2,1,1,20/01/2020,2,07:34,390,E07000008,E10000003,E10000003,3,603,9,30,6,16,4,6,0,0,5,15,1,1,1,0,0,0,1,1,2,E01018005,7,1,1.0,0.0
2020350953757,2020,350953757,545903.0,259721.0,0.134282,52.216401,35,3,2,1,23/01/2020,5,07:29,390,E07000008,E10000003,E10000003,3,1134,1,30,9,19,4,6,0,0,0,0,1,1,1,0,0,0,1,1,2,E01018008,3,1,0.0,1.0
2020350996008,2020,350996008,545595.0,257629.0,0.128878,52.197687,35,3,2,1,04/11/2020,4,16:10,390,E07000008,E10000003,E10000003,3,1307,6,30,3,13,-1,6,0,-1,-1,-1,1,1,-1,-1,-1,-1,1,2,2,E01018005,3,1,0.0,1.0
2022351174817,2022,351174817,536360.0,256821.0,-0.006505,52.192775,35,3,1,1,11/04/2022,2,17:00,-1,E07000012,E10000003,E10000003,6,0,6,60,0,0,-1,0,-1,0,0,0,1,1,1,0,0,0,2,1,2,E01018231,3,1,0.0,1.0
2022351228775,2022,351228775,543614.0,253746.0,0.098243,52.163309,35,3,4,3,07/10/2022,6,05:00,-1,E07000012,E10000003,E10000003,1,11,3,70,0,0,-1,0,-1,0,0,0,6,1,1,0,0,0,2,1,1,E01018256,3,1,0.0,1.0
2023351287026,2023,351287026,545937.0,258042.0,0.134028,52.201296,35,2,2,1,22/02/2023,4,18:35,-1,E07000008,E10000003,E10000003,6,0,6,30,3,13,4,6,0,0,0,0,4,1,1,0,0,0,1,1,2,E01017988,7,1,1.0,0.0
2023351375200,2023,351375200,543135.0,261530.0,0.094531,52.233367,35,3,2,1,14/11/2023,3,16:00,-1,E07000012,E10000003,E10000003,3,14,3,70,0,0,-1,0,-1,0,0,0,1,1,2,0,0,0,2,3,1,E01018248,3,1,0.0,1.0
2020350974103,2020,350974103,546798.0,258208.0,0.146717,52.202571,35,2,1,1,12/08/2020,4,18:00,390,E07000008,E10000003,E10000003,6,0,6,20,0,0,-1,0,-1,0,0,0,1,1,1,0,0,0,1,1,2,E01017997,7,1,1.0,0.0
2022351208469,2022,351208469,545356.0,259490.0,0.126154,52.214458,35,3,2,1,10/08/2022,4,13:18,-1,E07000008,E10000003,E10000003,3,1303,6,30,1,0,4,3,1134,0,0,0,1,1,-1,-1,-1,-1,1,3,2,E01018009,3,1,0.0,1.0
2022351262431,2022,351262431,546897.0,259282.0,0.148602,52.212181,35,3,2,1,08/12/2022,5,12:10,-1,E07000008,E10000003,E10000003,3,1134,3,30,3,13,2,6,0,0,0,0,1,1,2,0,0,0,1,3,2,E01017945,3,1,0.0,1.0
2023351382420,2023,351382420,542703.0,260620.0,0.087826,52.225304,35,3,2,1,30/11/2023,5,07:20,-1,E07000012,E10000003,E10000003,3,1307,3,30,0,0,-1,0,-1,0,0,0,4,7,4,0,0,0,1,3,2,E01018248,3,1,0.0,1.0
2020350992577,2020,350992577,548362.0,259794.0,0.17028,52.216401,35,3,1,1,21/09/2020,2,16:30,390,E07000008,E10000003,E10000003,6,0,6,30,0,0,-1,0,-1,0,0,0,1,1,1,0,0,0,1,1,2,E01017948,3,1,0.0,1.0
2020351004143,2020,351004143,547200.0,260805.0,0.153724,52.225795,35,2,2,1,19/11/2020,5,14:10,390,E07000008,E10000003,E10000003,6,0,6,20,0,0,-1,0,-1,0,0,0,1,1,1,0,0,0,1,1,2,E01017971,7,1,1.0,0.0
2021351036207,2021,351036207,546923.0,257606.0,0.148284,52.197129,35,3,2,1,19/03/2021,6,17:12,-1,E07000008,E10000003,E10000003,6,0,6,20,6,16,2,6,0,0,0,0,1,1,1,0,0,0,1,1,2,E01018000,3,1,0.0,1.0
2021351108719,2021,351108719,547260.0,256477.0,0.152721,52.186896,35,3,2,1,08/11/2021,2,06:50,-1,E07000008,E10000003,E10000003,3,1134,1,30,1,0,4,6,0,0,0,0,1,1,1,0,0,0,1,3,2,E01017968,3,1,0.0,1.0
2023351355462,2023,351355462,545465.0,258345.0,0.127256,52.204143,35,2,2,1,22/09/2023,6,16:47,-1,E07000008,E10000003,E10000003,6,0,6,20,6,16,2,6,0,0,5,15,1,1,1,0,0,0,1,1,2,E01032797,7,1,1.0,0.0
2023351382764,2023,351382764,545122.0,258231.0,0.122192,52.203209,35,3,2,1,02/12/2023,7,14:19,-1,E07000008,E10000003,E10000003,6,0,6,30,3,13,2,6,0,0,5,15,1,1,1,0,0,0,1,3,2,E01032797,3,1,0.0,1.0
2024351422800,2024,351422800,546594.0,257682.0,0.14348,52.19789,35,3,2,1,14/03/2024,5,16:00,-1,E07000008,E10000003,E10000003,6,0,6,30,-1,0,-1,6,0,-1,-1,-1,1,1,-1,-1,-1,99,1,3,2,E01018000,3,1,0.0,1.0
2024351438705,2024,351438705,544586.0,254666.0,0.11284,52.17132,35,3,2,1,27/04/2024,7,22:57,-1,E07000008,E10000003,E10000003,3,1309,7,30,-1,-1,2,3,1309,-1,-1,15,4,2,2,-1,-1,0,1,3,2,E01035530,3,1,0.0,1.0
2022351141742,2022,351141742,546483.0,261127.0,0.143345,52.228867,35,3,3,1,16/01/2022,1,22:02,-1,E07000008,E10000003,E10000003,6,0,6,30,0,0,-1,0,-1,0,0,0,4,1,1,0,0,0,1,1,2,E01017976,3,1,0.0,1.0
2022351228887,2022,351228887,546235.0,256696.0,0.137805,52.189124,35,2,1,1,09/09/2022,6,07:13,-1,E07000008,E10000003,E10000003,6,0,6,30,3,13,2,6,0,0,5,15,1,1,2,0,0,0,1,1,2,E01017966,7,1,1.0,0.0
2023351297432,2023,351297432,545332.0,259332.0,0.125735,52.213045,35,3,2,1,24/03/2023,6,13:00,-1,E07000008,E10000003,E10000003,6,0,6,30,0,0,-1,0,-1,0,0,0,1,2,2,0,0,0,1,1,2,E01017983,3,1,0.0,1.0
2023351309901,2023,351309901,544559.0,255113.0,0.112631,52.175344,35,3,2,1,11/05/2023,5,14:48,-1,E07000008,E10000003,E10000003,3,1309,6,30,3,13,4,6,0,0,0,0,1,1,1,0,0,0,1,3,2,E01018002,3,1,0.0,1.0
2024351472369,2024,351472369,542019.0,256924.0,0.07627,52.19227,35,3,2,2,17/07/2024,4,11:08,-1,E07000012,E10000003,E10000003,1,11,7,60,-1,-1,4,6,0,-1,-1,0,1,1,1,-1,-1,0,2,1,1,E01018225,3,1,0.0,1.0
2020350999157,2020,350999157,545742.0,258192.0,0.131269,52.202707,35,3,2,1,15/11/2020,1,20:45,390,E07000008,E10000003,E10000003,6,0,7,30,6,16,2,3,603,0,4,14,4,1,1,0,0,0,1,2,2,E01032797,3,1,0.0,1.0
2021351046930,2021,351046930,546643.0,257667.0,0.144217,52.197751,35,2,2,1,17/05/2021,2,20:07,-1,E07000008,E10000003,E10000003,6,0,6,30,3,13,4,6,0,0,0,0,1,1,1,0,0,0,1,3,2,E01018000,6,1,1.0,0.0
2021351051846,2021,351051846,548809.0,253489.0,0.174053,52.159635,35,2,2,1,02/06/2021,4,17:00,-1,E07000012,E10000003,E10000003,6,0,6,50,3,13,4,3,1307,0,0,0,1,1,1,0,0,0,2,2,2,E01018295,7,1,1.0,0.0
2021351058834,2021,351058834,545488.0,257801.0,0.127387,52.199261,35,3,2,1,19/06/2021,7,17:10,-1,E07000008,E10000003,E10000003,3,1307,6,30,3,13,4,3,603,0,8,17,1,1,1,0,0,0,1,1,2,E01018005,3,1,0.0,1.0
2021351105937,2021,351105937,551406.0,255953.0,0.213086,52.181067,35,2,1,1,14/10/2021,5,19:55,-1,E07000012,E10000003,E10000003,6,0,6,30,3,13,4,6,0,0,0,0,4,1,1,0,0,0,1,1,2,E01018242,7,1,1.0,0.0
2022351142533,2022,351142533,545123.0,258406.0,0.122282,52.204781,35,2,2,1,22/01/2022,7,20:32,-1,E07000008,E10000003,E10000003,6,0,6,20,3,13,4,6,0,0,0,0,4,1,1,0,0,0,1,1,2,E01032797,7,1,1.0,0.0
2022351265862,2022,351265862,544944.0,254232.0,0.117881,52.167328,35,3,2,2,31/10/2022,2,19:50,-1,E07000008,E10000003,E10000003,6,0,3,30,6,16,2,3,1301,0,5,15,4,2,2,0,0,0,1,1,2,E01018003,3,1,0.0,1.0
2023351313816,2023,351313816,545157.0,258354.0,0.122756,52.204305,35,3,1,1,25/05/2023,5,18:00,-1,E07000008,E10000003,E10000003,6,0,6,30,0,0,-1,0,-1,0,0,0,1,1,1,0,0,0,1,3,2,E01032797,3,1,0.0,1.0
2020351009294,2020,351009294,544491.0,254672.0,0.111478,52.17141,35,2,1,1,21/12/2020,2,11:30,390,E07000008,E10000003,E10000003,6,0,1,20,0,0,-1,0,-1,0,0,0,1,4,1,0,0,0,1,2,2,E01018002,5,1,1.0,0.0
2021351080339,2021,351080339,548106.0,259321.0,0.166329,52.21222,35,2,1,1,13/08/2021,6,15:30,-1,E07000008,E10000003,E10000003,3,1303,6,30,3,13,2,6,0,0,0,0,1,1,1,0,0,0,1,2,2,E01017947,7,1,1.0,0.0
2022351245934,2022,351245934,545756.0,258163.0,0.131433,52.202431,35,2,2,1,05/11/2022,7,21:50,-1,E07000008,E10000003,E10000003,6,0,7,30,6,16,2,3,603,0,5,15,4,2,2,0,0,0,1,3,2,E01017991,7,1,1.0,0.0
2022351247510,2022,351247510,544331.0,257403.0,0.110273,52.195977,35,3,2,1,23/11/2022,4,17:32,-1,E07000008,E10000003,E10000003,6,0,6,20,3,13,4,6,0,0,0,0,4,1,-1,-1,-1,-1,1,3,2,E01017985,3,1,0.0,1.0
2023351340709,2023,351340709,545300.0,259524.0,0.125349,52.214779,35,3,2,1,08/06/2023,5,09:44,-1,E07000008,E10000003,E10000003,3,1134,6,20,0,0,-1,0,-1,0,1,13,1,1,1,4,0,13,1,1,2,E01018009,3,1,0.0,1.0
2024351440792,2024,351440792,544335.0,260840.0,0.1118,52.22685,35,3,3,2,22/04/2024,2,16:43,-1,E07000008,E10000003,E10000003,4,1049,6,30,-1,13,4,6,0,-1,-1,0,1,1,1,-1,-1,0,1,1,2,E01017951,3,1,0.0,1.0
2024351481410,2024,351481410,544756.0,258914.0,0.11713,52.20944,35,2,2,1,10/08/2024,7,20:41,-1,E07000008,E10000003,E10000003,6,0,6,20,-1,0,-1,6,0,-1,-1,0,4,1,1,-1,-1,0,1,1,2,E01035514,7,1,1.0,0.0
2020350936956,2020,350936956,545284.0,258150.0,0.124554,52.20245,35,2,1,1,20/02/2020,5,15:16,390,E07000008,E10000003,E10000003,6,0,6,20,0,0,-1,0,-1,0,0,0,1,2,2,0,0,0,1,1,2,E01032797,6,1,1.0,0.0
2020351013251,2020,351013251,546668.0,258763.0,0.145057,52.207591,35,2,2,1,24/12/2020,5,11:00,390,E07000008,E10000003,E10000003,6,0,1,30,1,0,4,6,0,0,4,14,1,1,1,0,0,0,1,2,2,E01017990,7,1,1.0,0.0
2022351180840,2022,351180840,547257.0,259433.0,0.153933,52.213442,35,3,2,1,17/03/2022,5,08:10,-1,E07000008,E10000003,E10000003,3,1134,6,30,0,0,-1,0,-1,0,5,15,1,1,1,0,0,0,1,1,2,E01017945,3,1,0.0,1.0
2020350921411,2020,350921411,546841.0,258339.0,0.147403,52.203736,35,2,2,1,08/01/2020,4,13:12,390,E07000008,E10000003,E10000003,6,0,6,30,0,0,-1,0,-1,0,0,0,1,1,1,0,0,0,1,1,2,E01017997,6,1,1.0,0.0
2020350964797,2020,350964797,545102.0,261582.0,0.123364,52.233332,35,2,2,1,14/07/2020,3,19:57,390,E07000008,E10000003,E10000003,6,0,6,30,0,0,-1,0,-1,0,0,0,1,1,1,0,0,0,1,1,2,E01017979,6,1,1.0,0.0
2021351055870,2021,351055870,545561.0,257901.0,0.128498,52.20014,35,3,2,1,04/06/2021,6,12:33,-1,E07000008,E10000003,E10000003,3,603,6,30,3,13,4,6,0,0,0,0,1,2,2,0,0,0,1,1,2,E01018005,3,1,0.0,1.0
2022351153959,2022,351153959,548426.0,257535.0,0.170198,52.196077,35,2,2,1,06/03/2022,1,19:45,-1,E07000008,E10000003,E10000003,6,0,6,30,3,13,4,6,0,0,0,0,1,1,1,0,0,0,1,1,2,E01017962,5,1,1.0,0.0
2023351313428,2023,351313428,538251.0,255032.0,0.020413,52.176231,35,2,2,2,11/05/2023,5,09:22,-1,E07000012,E10000003,E10000003,6,0,6,60,0,0,-1,0,-1,0,0,0,1,1,1,0,0,0,2,1,2,E01018232,7,1,1.0,0.0
2023351382454,2023,351382454,546741.0,261120.0,0.147117,52.228736,35,2,2,1,29/11/2023,4,07:55,-1,E07000008,E10000003,E10000003,3,1309,6,30,3,13,4,6,0,0,0,0,1,1,4,0,0,0,1,3,2,E01017976,7,1,1.0,0.0
2020350970614,2020,350970614,544784.0,255268.0,0.116013,52.176688,35,3,2,1,03/08/2020,2,19:00,390,E07000008,E10000003,E10000003,6,0,6,20,0,0,-1,0,-1,0,0,0,1,1,1,0,0,0,1,2,2,E01018002,3,1,0.0,1.0
2021351112616,2021,351112616,545822.0,258311.0,0.13249,52.203755,35,3,2,1,20/11/2021,7,12:40,-1,E07000008,E10000003,E10000003,3,603,6,30,0,0,-1,0,-1,0,8,17,1,1,1,0,0,0,1,2,2,E01017991,3,1,0.0,1.0
2024351399854,2024,351399854,546649.0,259021.0,0.14486,52.2099,35,2,2,1,17/01/2024,4,10:56,-1,E07000008,E10000003,E10000003,3,1134,3,30,-1,13,2,6,0,-1,-1,0,1,1,1,-1,-1,0,1,3,2,E01017943,7,1,1.0,0.0
2024351448986,2024,351448986,544830.0,260192.0,0.11876,52.2209,35,3,2,1,24/05/2024,6,09:37,-1,E07000008,E10000003,E10000003,6,0,6,30,-1,16,2,6,0,-1,-1,15,1,1,1,-1,-1,0,1,3,2,E01018007,3,1,0.0,1.0
2024351513317,2024,351513317,545142.0,257542.0,0.12219,52.19701,35,3,2,1,19/10/2024,7,18:44,-1,E07000008,E10000003,E10000003,3,1134,6,30,-1,0,-1,6,0,-1,-1,14,7,1,2,-1,-1,0,1,1,2,E01018005,3,1,0.0,1.0
2024351522178,2024,351522178,544375.0,260346.0,0.11217,52.2224,35,3,2,1,22/11/2024,6,12:40,-1,E07000008,E10000003,E10000003,4,1049,6,30,-1,0,-1,6,0,-1,-1,0,1,1,-1,-1,-1,99,1,3,2,E01017953,3,1,0.0,1.0
2021351124509,2021,351124509,549386.0,257563.0,0.184274,52.196081,35,3,2,1,12/12/2021,1,17:48,-1,E07000012,E10000003,E10000003,6,0,1,30,1,0,4,6,0,0,0,0,4,1,1,0,0,0,2,1,2,E01018286,3,1,0.0,1.0
2023351365872,2023,351365872,548880.0,253425.0,0.175033,52.159031,35,3,1,1,17/10/2023,3,00:32,-1,E07000012,E10000003,E10000003,3,1307,3,50,0,0,-1,0,-1,0,0,0,6,1,1,0,0,0,2,1,2,E01018295,3,1,0.0,1.0
2024351434420,2024,351434420,546620.0,263246.0,0.14627,52.24787,35,2,2,1,19/04/2024,6,09:22,-1,E07000012,E10000003,E10000003,6,0,6,50,-1,0,-1,6,0,-1,-1,0,1,2,2,-1,-1,0,2,3,2,E01018274,7,1,1.0,0.0
2020350950952,2020,350950952,547243.0,256469.0,0.152469,52.186828,35,3,2,1,20/04/2020,2,19:40,390,E07000008,E10000003,E10000003,3,1134,1,30,1,0,4,6,0,0,0,0,1,1,1,0,0,0,1,1,2,E01017968,3,1,0.0,1.0
2020350987432,2020,350987432,546961.0,258673.0,0.149302,52.206705,35,3,2,1,13/07/2020,2,12:37,390,E07000008,E10000003,E10000003,6,0,6,30,3,13,4,6,0,0,0,0,1,1,1,0,0,0,1,1,2,E01017997,3,1,0.0,1.0
2020351007506,2020,351007506,541997.0,256222.0,0.075683,52.185983,35,3,1,1,23/11/2020,2,22:45,395,E07000012,E10000003,E10000003,1,11,3,70,0,0,-1,0,-1,0,0,0,6,1,2,0,0,0,2,1,1,E01018225,3,1,0.0,1.0
2021351097607,2021,351097607,544803.0,258240.0,0.11756,52.203385,35,3,2,1,09/10/2021,7,19:20,-1,E07000008,E10000003,E10000003,6,0,6,20,0,0,-1,0,-1,0,0,0,4,1,1,0,0,0,1,3,2,E01032797,3,1,0.0,1.0
2021351115503,2021,351115503,541930.0,258006.0,0.07545,52.202029,35,3,2,3,08/11/2021,2,19:00,-1,E07000012,E10000003,E10000003,1,11,3,70,0,0,-1,0,-1,0,0,0,6,1,1,0,0,0,2,1,1,E01018224,3,1,0.0,1.0
2021351125401,2021,351125401,546959.0,262112.0,0.150766,52.237601,35,3,1,1,15/12/2021,4,15:40,-1,E07000012,E10000003,E10000003,3,14,3,70,0,0,-1,0,-1,0,0,0,6,1,1,0,0,0,2,1,1,E01018274,3,1,0.0,1.0
2022351198077,2022,351198077,544821.0,258130.0,0.117747,52.202381,35,3,2,1,03/02/2022,5,09:30,-1,E07000008,E10000003,E10000003,6,0,6,20,3,13,4,6,0,0,0,0,1,1,1,0,0,0,1,1,2,E01032797,3,1,0.0,1.0
2022351146180,2022,351146180,544822.0,258119.0,0.117757,52.202281,35,3,2,1,17/02/2022,5,09:15,-1,E07000008,E10000003,E10000003,6,0,6,30,3,13,4,6,0,0,0,0,1,1,1,0,0,0,1,3,2,E01032797,3,1,0.0,1.0
2022351255609,2022,351255609,545476.0,257820.0,0.127192,52.199423,35,2,2,1,26/11/2022,7,14:05,-1,E07000008,E10000003,E10000003,6,0,6,30,6,16,4,3,603,0,0,0,1,1,1,0,0,0,1,1,2,E01032797,7,1,1.0,0.0
2023351267764,2023,351267764,546308.0,257817.0,0.139355,52.199176,35,3,2,1,18/01/2023,4,15:30,-1,E07000008,E10000003,E10000003,6,0,6,20,6,16,4,6,0,0,0,0,1,1,-1,-1,-1,-1,1,3,2,E01017987,3,1,0.0,1.0
2023351305616,2023,351305616,545741.0,253042.0,0.129015,52.156427,35,2,2,3,07/04/2023,6,17:40,-1,E07000012,E10000003,E10000003,3,1301,6,30,3,13,4,6,0,0,0,0,1,1,1,0,0,0,1,1,2,E01018292,6,1,1.0,0.0
2023351307979,2023,351307979,545593.0,258759.0,0.129306,52.207828,35,2,2,1,04/05/2023,5,13:30,-1,E07000008,E10000003,E10000003,6,0,6,30,3,13,4,6,0,0,4,14,1,1,-1,-1,-1,-1,1,3,2,E01017983,7,1,1.0,0.0
2024351479520,2024,351479520,537326.0,258642.0,0.00836,52.2089,35,3,2,1,24/05/2024,6,16:40,-1,E07000012,E10000003,E10000003,6,0,6,30,-1,13,4,6,0,-1,-1,0,1,1,1,-1,-1,0,2,1,2,E01018252,3,1,0.0,1.0
2021351103500,2021,351103500,545915.0,259709.0,0.134452,52.21629,35,2,2,1,25/10/2021,2,16:50,-1,E07000008,E10000003,E10000003,3,1303,1,30,1,0,4,3,1134,0,4,14,1,1,1,0,0,0,1,2,2,E01018008,7,1,1.0,0.0
2023351337412,2023,351337412,548166.0,259311.0,0.167174,52.212102,35,3,2,1,24/07/2023,2,12:43,-1,E07000008,E10000003,E10000003,3,1303,6,30,0,0,-1,0,-1,0,0,0,1,1,1,0,0,0,1,3,2,E01017947,3,1,0.0,1.0
2020351007524,2020,351007524,539614.0,263041.0,0.043659,52.247858,35,2,2,1,07/12/2020,2,07:30,395,E07000012,E10000003,E10000003,3,14,3,70,0,0,-1,0,-1,0,0,0,4,7,2,0,0,0,2,2,1,E01018237,7,1,1.0,0.0
2021351053795,2021,351053795,551536.0,259584.0,0.21661,52.213651,35,3,2,1,01/06/2021,3,11:00,-1,E07000012,E10000003,E10000003,3,1303,1,70,1,0,4,3,14,0,0,0,1,1,1,0,0,0,2,1,2,E01018297,3,1,0.0,1.0
2021351092941,2021,351092941,545747.0,258724.0,0.131571,52.207485,35,3,1,1,21/09/2021,3,11:30,-1,E07000008,E10000003,E10000003,6,0,9,40,7,17,4,6,0,0,0,0,1,1,1,0,0,0,1,1,2,E01017983,3,1,0.0,1.0
2022351192871,2022,351192871,545494.0,257784.0,0.12744,52.199095,35,2,2,1,25/05/2022,4,14:30,-1,E07000008,E10000003,E10000003,3,1307,6,30,1,0,2,3,603,0,0,0,1,1,1,0,0,0,1,3,2,E01018005,7,1,1.0,0.0
2023351310681,2023,351310681,545165.0,253934.0,0.120983,52.164592,35,2,2,1,18/05/2023,5,17:28,-1,E07000012,E10000003,E10000003,3,1301,6,30,3,13,4,6,0,0,0,0,1,1,1,0,0,0,1,1,2,E01018292,7,1,1.0,0.0
2023351363504,2023,351363504,545728.0,256899.0,0.130481,52.191082,35,3,5,1,19/09/2023,3,16:30,-1,E07000008,E10000003,E10000003,6,0,6,30,0,0,-1,0,-1,0,0,0,1,1,1,0,0,0,1,1,2,E01032795,3,1,0.0,1.0
2024351482229,2024,351482229,541359.0,261309.0,0.06845,52.23184,35,2,1,1,17/08/2024,7,09:39,-1,E07000012,E10000003,E10000003,1,11,7,70,-1,0,-1,3,14,-1,-1,0,1,1,1,-1,-1,0,2,1,1,E01018224,7,1,1.0,0.0
2020350983676,2020,350983676,546074.0,261840.0,0.137698,52.235393,35,3,2,1,17/09/2020,5,08:58,395,E07000012,E10000003,E10000003,6,0,1,20,0,0,-1,0,-1,0,0,0,1,1,1,0,0,0,1,1,2,E01018274,3,1,0.0,1.0
2021351105929,2021,351105929,546235.0,257859.0,0.138334,52.199585,35,2,1,1,20/10/2021,4,00:01,-1,E07000008,E10000003,E10000003,6,0,6,30,6,16,2,6,0,0,4,14,4,2,2,0,0,0,1,1,2,E01017987,7,1,1.0,0.0
2021351122205,2021,351122205,546159.0,258889.0,0.137667,52.208859,35,3,2,1,26/11/2021,6,00:01,-1,E07000008,E10000003,E10000003,3,1134,3,30,1,0,2,3,1134,0,0,0,4,1,1,0,0,0,1,1,2,E01017943,3,1,0.0,1.0
2022351199855,2022,351199855,544932.0,258700.0,0.119614,52.207472,35,3,2,1,07/07/2022,5,17:30,-1,E07000008,E10000003,E10000003,6,0,6,30,0,0,-1,0,-1,0,0,0,1,1,1,0,0,0,1,1,2,E01032797,3,1,0.0,1.0
2023351282269,2023,351282269,548695.0,256552.0,0.1737,52.187174,35,3,2,1,28/02/2023,3,17:00,-1,E07000008,E10000003,E10000003,6,0,6,20,1,0,4,6,0,0,0,0,1,1,-1,-1,-1,-1,1,3,2,E01017959,3,1,0.0,1.0
2023351287563,2023,351287563,540573.0,261860.0,0.057179,52.236992,35,3,2,1,15/03/2023,4,18:00,-1,E07000012,E10000003,E10000003,6,0,6,30,3,13,4,3,1307,0,0,0,1,2,2,0,0,0,2,3,2,E01018249,3,1,0.0,1.0
2024351403952,2024,351403952,551215.0,259644.0,0.21191,52.21426,35,3,2,1,12/01/2024,6,17:19,-1,E07000012,E10000003,E10000003,3,14,7,70,-1,0,-1,3,14,-1,-1,0,4,1,1,-1,-1,0,2,1,1,E01018297,3,1,0.0,1.0
2024351443571,2024,351443571,548450.0,256719.0,0.17019,52.18874,35,2,2,1,21/04/2024,1,02:15,-1,E07000008,E10000003,E10000003,6,0,6,30,-1,13,4,6,0,-1,-1,0,1,1,-1,-1,-1,99,1,3,2,E01017964,7,1,1.0,0.0
2024351535759,2024,351535759,541290.0,255446.0,0.065,52.17918,35,2,2,1,07/10/2024,2,15:05,-1,E07000012,E10000003,E10000003,3,603,6,40,-1,0,-1,6,0,-1,-1,0,1,1,1,-1,-1,0,2,1,2,E01018225,6,1,1.0,0.0
2021351017431,2021,351017431,535377.0,259818.0,-0.019653,52.219957,35,3,2,2,22/01/2021,6,20:10,-1,E07000012,E10000003,E10000003,3,428,3,70,0,0,-1,0,-1,0,0,0,4,3,3,0,0,0,2,1,1,E01018231,3,1,0.0,1.0
2021351036389,2021,351036389,551051.0,259486.0,0.209473,52.212904,35,3,2,1,16/04/2021,6,21:30,-1,E07000012,E10000003,E10000003,3,1303,6,50,0,0,-1,0,-1,0,0,0,6,1,2,5,0,21,2,2,2,E01018297,3,1,0.0,1.0
2022351216611,2022,351216611,551212.0,259606.0,0.211852,52.213926,35,3,1,1,05/08/2022,6,09:30,-1,E07000012,E10000003,E10000003,3,14,7,70,0,0,-1,0,-1,0,0,0,1,1,1,0,0,0,2,1,1,E01018297,3,1,0.0,1.0
2020350996243,2020,350996243,544354.0,260062.0,0.111771,52.219872,35,3,2,1,30/10/2020,6,18:09,390,E07000008,E10000003,E10000003,6,0,6,30,3,13,4,4,1049,0,0,0,4,2,2,0,0,0,1,1,2,E01017949,3,1,0.0,1.0
2021351019228,2021,351019228,546986.0,258643.0,0.149655,52.206429,35,3,1,1,08/01/2021,6,13:03,-1,E07000008,E10000003,E10000003,6,0,7,30,5,0,4,6,0,2,4,12,1,8,2,0,0,0,1,1,2,E01017997,3,1,0.0,1.0
2022351152381,2022,351152381,545570.0,260622.0,0.12977,52.224572,35,3,2,1,22/01/2022,7,12:05,-1,E07000008,E10000003,E10000003,6,0,6,20,0,0,-1,0,-1,0,0,0,1,1,1,0,0,0,1,1,2,E01018006,3,1,0.0,1.0
2022351155811,2022,351155811,544397.0,258968.0,0.111905,52.210021,35,3,2,2,15/03/2022,3,08:30,-1,E07000008,E10000003,E10000003,3,1303,6,30,1,0,4,3,1134,0,4,14,1,1,1,0,0,0,1,3,2,E01017958,3,1,0.0,1.0
2022351161718,2022,351161718,547131.0,257615.0,0.151301,52.197143,35,3,2,1,28/03/2022,2,08:00,-1,E07000008,E10000003,E10000003,6,0,6,20,0,0,-1,0,-1,0,0,0,1,1,1,0,0,0,1,3,2,E01018000,3,1,0.0,1.0
2020350983302,2020,350983302,545135.0,257584.0,0.122133,52.197404,35,2,1,1,22/09/2020,3,10:30,390,E07000008,E10000003,E10000003,3,1134,1,30,2,0,3,3,1134,0,0,0,1,1,1,0,0,0,1,2,2,E01018005,7,1,1.0,0.0
2020351004306,2020,351004306,547456.0,257505.0,0.156033,52.196079,35,2,2,3,04/12/2020,6,15:30,390,E07000008,E10000003,E10000003,3,1134,6,30,6,16,4,6,0,0,0,0,1,2,2,0,0,0,1,2,2,E01017999,7,1,1.0,0.0
2021351088281,2021,351088281,543985.0,254554.0,0.104034,52.170482,35,2,2,1,06/09/2021,2,18:39,-1,E07000008,E10000003,E10000003,6,0,6,30,3,13,4,6,0,0,0,0,1,1,1,0,0,0,2,1,2,E01018002,7,1,1.0,0.0
2022351137202,2022,351137202,552440.0,260128.0,0.230046,52.218277,35,3,1,3,22/01/2022,7,00:10,-1,E07000012,E10000003,E10000003,3,1303,6,60,0,0,-1,0,-1,0,0,0,6,1,2,0,0,0,2,1,2,E01018297,3,1,0.0,1.0
2023351283412,2023,351283412,544374.0,261609.0,0.112694,52.233754,35,3,2,1,23/02/2023,5,07:22,-1,E07000012,E10000003,E10000003,4,1049,3,40,0,0,-1,0,-1,0,4,14,1,2,2,0,0,0,2,1,2,E01033120,3,1,0.0,1.0
2023351381274,2023,351381274,547121.0,256020.0,0.150463,52.182816,35,2,2,1,29/11/2023,4,09:15,-1,E07000008,E10000003,E10000003,6,0,6,30,3,13,-1,3,1134,-1,-1,-1,1,1,4,-1,-1,-1,1,3,2,E01017992,7,1,1.0,0.0
2024351492039,2024,351492039,547210.0,256299.0,0.15188,52.1853,35,3,2,1,11/09/2024,4,08:30,-1,E07000008,E10000003,E10000003,3,1134,6,30,-1,13,2,6,0,-1,-1,0,1,1,1,-1,-1,0,1,3,2,E01017992,3,1,0.0,1.0
2021351046827,2021,351046827,546652.0,257661.0,0.144346,52.197695,35,2,2,1,08/05/2021,7,00:30,-1,E07000008,E10000003,E10000003,6,0,6,20,3,13,4,6,0,0,0,0,4,1,1,4,0,13,1,1,2,E01018000,7,1,1.0,0.0
2022351135793,2022,351135793,545855.0,258379.0,0.132974,52.204345,35,2,2,1,15/01/2022,7,16:00,-1,E07000008,E10000003,E10000003,6,0,6,30,3,13,-1,3,603,0,0,0,4,1,1,0,0,0,1,3,2,E01032797,6,1,1.0,0.0
2022351219635,2022,351219635,547535.0,257949.0,0.157352,52.200035,35,2,2,1,02/09/2022,6,22:02,-1,E07000008,E10000003,E10000003,3,1134,6,30,0,0,-1,0,-1,0,0,0,4,1,1,0,0,0,1,1,2,E01017997,7,1,1.0,0.0
2023351324486,2023,351324486,545604.0,257735.0,0.129027,52.198626,35,3,2,1,21/06/2023,4,17:05,-1,E07000008,E10000003,E10000003,6,0,9,30,0,0,-1,0,-1,-1,-1,-1,1,1,-1,-1,-1,-1,1,3,2,E01018005,3,1,0.0,1.0
2024351448805,2024,351448805,545273.0,258785.0,0.12464,52.20814,35,2,3,1,12/05/2024,1,20:18,-1,E07000008,E10000003,E10000003,6,0,6,30,-1,0,-1,-1,-1,-1,-1,0,1,1,1,-1,-1,0,1,1,2,E01035515,7,1,1.0,0.0
2024351495346,2024,351495346,544340.0,261505.0,0.11215,52.23283,35,3,2,1,20/09/2024,6,22:30,-1,E07000012,E10000003,E10000003,4,1049,3,30,-1,19,2,6,0,-1,-1,15,4,1,1,-1,-1,0,2,3,2,E01033120,3,1,0.0,1.0
2024351527750,2024,351527750,551471.0,259572.0,0.21562,52.21355,35,2,2,1,19/11/2024,3,15:45,-1,E07000012,E10000003,E10000003,3,1303,3,40,-1,0,-1,-1,-1,-1,-1,0,1,1,1,-1,-1,0,2,3,2,E01018297,7,1,1.0,0.0
2020350915198,2020,350915198,543947.0,257497.0,0.104727,52.196933,35,3,2,1,02/01/2020,5,13:30,390,E07000008,E10000003,E10000003,6,0,6,20,3,13,4,3,603,0,0,0,1,8,1,0,0,0,1,2,2,E01017986,3,1,0.0,1.0
2021351121841,2021,351121841,546970.0,262110.0,0.150926,52.237581,35,2,2,1,25/11/2021,5,11:20,-1,E07000012,E10000003,E10000003,3,14,3,70,0,0,-1,0,-1,0,0,0,1,1,1,0,0,0,2,1,1,E01018274,7,1,1.0,0.0
2022351212450,2022,351212450,551840.0,260289.0,0.221342,52.219889,35,2,2,2,07/08/2022,1,00:21,-1,E07000012,E10000003,E10000003,4,1102,6,30,9,19,3,6,0,0,0,0,4,1,1,0,0,0,2,1,2,E01018297,6,1,1.0,0.0
2022351256860,2022,351256860,546395.0,261214.0,0.142095,52.229672,35,3,2,1,23/11/2022,4,13:45,-1,E07000008,E10000003,E10000003,6,0,6,30,3,13,4,6,0,0,0,0,1,2,2,0,0,0,1,1,2,E01017976,3,1,0.0,1.0
2024351497664,2024,351497664,547899.0,258414.0,0.16288,52.20411,35,3,2,1,27/09/2024,6,16:40,-1,E07000008,E10000003,E10000003,3,1134,6,30,-1,13,4,6,0,-1,-1,0,1,1,-1,-1,-1,99,1,3,2,E01017947,3,1,0.0,1.0
2020351006625,2020,351006625,545207.0,260990.0,0.124646,52.227986,35,3,2,1,13/12/2020,1,19:45,390,E07000008,E10000003,E10000003,6,0,6,20,3,13,4,6,0,0,0,0,4,1,2,0,0,0,1,2,2,E01017978,3,1,0.0,1.0
2021351045948,2021,351045948,543377.0,257639.0,0.096454,52.198358,35,3,2,1,28/04/2021,4,11:15,-1,E07000008,E10000003,E10000003,3,603,6,30,0,0,-1,0,-1,0,0,0,1,1,1,0,0,0,1,1,2,E01017984,3,1,0.0,1.0
2023351284421,2023,351284421,546991.0,260742.0,0.15061,52.225273,35,3,1,1,15/02/2023,4,16:02,-1,E07000008,E10000003,E10000003,6,0,6,20,0,0,-1,0,-1,0,1,13,1,1,1,0,0,0,1,1,2,E01017971,3,1,0.0,1.0
2023351321475,2023,351321475,547588.0,258005.0,0.158152,52.200524,35,3,2,1,18/06/2023,1,19:00,-1,E07000008,E10000003,E10000003,3,1134,1,40,1,0,4,6,0,0,0,0,1,1,-1,-1,-1,-1,1,3,2,E01017999,3,1,0.0,1.0
2023351351306,2023,351351306,544882.0,259278.0,0.11913,52.212678,35,3,2,1,09/09/2023,7,20:15,-1,E07000008,E10000003,E10000003,3,1303,6,30,0,0,-1,0,-1,0,0,0,4,1,-1,-1,-1,-1,1,3,2,E01017950,3,1,0.0,1.0
2024351457227,2024,351457227,547472.0,259081.0,0.15692,52.21022,35,3,2,1,16/02/2024,6,15:20,-1,E07000008,E10000003,E10000003,6,0,6,30,-1,13,4,6,0,-1,-1,0,1,1,1,-1,-1,0,1,1,2,E01017946,3,1,0.0,1.0
2024351476144,2024,351476144,547146.0,256071.0,0.15085,52.18327,35,3,2,3,29/05/2024,4,14:52,-1,E07000008,E10000003,E10000003,3,1134,6,30,-1,0,-1,6,0,-1,-1,0,1,1,1,-1,-1,0,1,1,2,E01017992,3,1,0.0,1.0
2023351387762,2023,351387762,549533.0,257892.0,0.18654,52.198986,35,3,2,2,29/11/2023,4,10:40,-1,E07000012,E10000003,E10000003,6,0,6,40,3,13,1,6,0,0,0,0,1,1,2,0,0,0,2,1,2,E01018286,3,1,0.0,1.0
2020350953190,2020,350953190,545479.0,259510.0,0.12799,52.214617,35,3,2,1,19/02/2020,4,11:42,390,E07000008,E10000003,E10000003,6,0,6,30,0,0,-1,0,-1,0,0,0,1,1,2,0,0,0,1,1,2,E01018010,3,1,0.0,1.0
2020350995067,2020,350995067,547439.0,257418.0,0.155746,52.195302,35,3,2,1,23/10/2020,6,15:50,390,E07000008,E10000003,E10000003,3,1134,6,30,3,13,4,6,0,0,0,0,1,2,2,0,0,0,1,1,2,E01017999,3,1,0.0,1.0
2022351231265,2022,351231265,545860.0,258378.0,0.133046,52.204335,35,3,2,1,04/10/2022,3,20:10,-1,E07000008,E10000003,E10000003,3,603,6,30,3,13,4,6,0,0,0,0,4,1,1,0,0,0,1,3,2,E01032797,3,1,0.0,1.0
2023351273405,2023,351273405,546083.0,257386.0,0.13588,52.195364,35,3,1,1,01/02/2023,4,10:24,-1,E07000008,E10000003,E10000003,6,0,6,30,0,0,-1,0,-1,0,0,0,1,1,1,0,0,0,1,1,2,E01017987,3,1,0.0,1.0
2024351490041,2024,351490041,546705.0,257649.0,0.14509,52.19756,35,3,2,1,06/09/2024,6,15:51,-1,E07000008,E10000003,E10000003,6,0,6,30,-1,13,4,6,0,-1,-1,0,1,1,-1,-1,-1,99,1,3,2,E01017998,3,1,0.0,1.0
2024351539320,2024,351539320,545450.0,258746.0,0.12721,52.20775,35,3,2,1,18/12/2024,4,18:15,-1,E07000008,E10000003,E10000003,6,0,1,30,-1,-1,4,6,0,-1,-1,0,7,1,1,-1,-1,0,1,3,2,E01035515,3,1,0.0,1.0
2022351245746,2022,351245746,537455.0,256037.0,0.009186,52.18546,35,3,3,1,11/11/2022,6,14:40,-1,E07000012,E10000003,E10000003,4,1046,6,30,0,0,-1,0,-1,0,0,0,1,1,-1,-1,-1,-1,2,3,2,E01018231,3,1,0.0,1.0
2023351383793,2023,351383793,538118.0,256229.0,0.018956,52.187019,35,2,2,1,13/11/2023,2,17:44,-1,E07000012,E10000003,E10000003,4,1046,6,40,6,16,4,6,0,0,0,0,4,1,1,0,0,0,2,1,2,E01018232,7,1,1.0,0.0
2022351154208,2022,351154208,546049.0,257287.0,0.13534,52.194483,35,3,2,1,15/03/2022,3,12:00,-1,E07000008,E10000003,E10000003,6,0,6,30,0,0,-1,0,-1,0,0,0,1,1,1,4,0,13,1,3,2,E01032795,3,1,0.0,1.0
2022351239655,2022,351239655,546732.0,260853.0,0.146869,52.226339,35,3,2,1,03/11/2022,5,08:20,-1,E07000008,E10000003,E10000003,6,0,6,30,3,13,4,6,0,0,0,0,1,2,2,0,0,0,1,3,2,E01017971,3,1,0.0,1.0
2024351539299,2024,351539299,545675.0,261014.0,0.13147,52.22806,35,3,1,1,29/11/2024,6,15:16,-1,E07000008,E10000003,E10000003,6,0,6,20,-1,0,-1,6,0,-1,-1,13,1,1,1,-1,-1,0,1,1,2,E01017975,3,1,0.0,1.0
2024351406749,2024,351406749,545159.0,257360.0,0.12236,52.19537,35,3,2,1,30/01/2024,3,21:40,-1,E07000008,E10000003,E10000003,3,1134,6,30,-1,0,-1,-1,-1,-1,-1,0,4,1,1,-1,-1,0,1,1,2,E01018005,3,1,0.0,1.0
2024351422642,2024,351422642,545903.0,259721.0,0.13425,52.21639,35,2,2,1,16/03/2024,7,22:35,-1,E07000008,E10000003,E10000003,3,1134,1,30,-1,-1,4,3,1303,-1,-1,0,4,1,1,-1,-1,0,1,3,2,E01018008,7,1,1.0,0.0
2024351495176,2024,351495176,544737.0,258930.0,0.11686,52.20959,35,3,2,1,07/09/2024,7,21:57,-1,E07000008,E10000003,E10000003,6,0,6,20,-1,0,-1,6,0,-1,-1,0,4,1,1,-1,-1,0,1,1,2,E01035514,3,1,0.0,1.0
2024351522711,2024,351522711,547950.0,259522.0,0.16411,52.21405,35,3,2,1,17/11/2024,1,14:57,-1,E07000008,E10000003,E10000003,6,0,6,20,-1,0,-1,6,0,-1,-1,0,1,1,-1,-1,-1,99,1,3,2,E01017944,3,1,0.0,1.0
2024351432236,2024,351432236,537342.0,259719.0,0.00903,52.21857,35,3,2,1,04/04/2024,5,06:25,-1,E07000012,E10000003,E10000003,3,428,3,70,-1,0,-1,-1,-1,-1,-1,0,1,2,5,-1,-1,0,2,1,1,E01018223,3,1,0.0,1.0
2024351468339,2024,351468339,548731.0,253544.0,0.17291,52.16014,35,3,2,2,09/07/2024,3,16:35,-1,E07000012,E10000003,E10000003,3,1307,6,30,-1,0,-1,6,0,-1,-1,0,1,2,2,-1,-1,0,2,1,2,E01018295,3,1,0.0,1.0
2020350963454,2020,350963454,546067.0,258569.0,0.136184,52.206008,35,3,1,1,05/07/2020,1,12:22,390,E07000008,E10000003,E10000003,6,0,6,30,0,0,-1,0,-1,0,8,17,1,1,1,0,0,0,1,1,2,E01017991,3,1,0.0,1.0
2020350963849,2020,350963849,552119.0,255706.0,0.223396,52.178652,35,3,2,1,12/07/2020,1,14:20,395,E07000012,E10000003,E10000003,6,0,6,30,3,13,4,6,0,0,0,0,1,1,1,0,0,0,1,2,2,E01018244,3,1,0.0,1.0
2020350979984,2020,350979984,547232.0,262164.0,0.154784,52.237996,35,3,2,1,21/08/2020,6,18:35,395,E07000012,E10000003,E10000003,6,0,6,30,0,0,-1,0,-1,0,0,0,1,1,1,0,0,0,1,1,2,E01018274,3,1,0.0,1.0
2022351218240,2022,351218240,546685.0,257649.0,0.144795,52.197567,35,3,1,1,24/08/2022,4,12:24,-1,E07000008,E10000003,E10000003,6,0,6,30,9,19,2,6,0,0,0,0,1,1,1,0,0,0,1,1,2,E01018000,3,1,0.0,1.0
2023351326617,2023,351326617,545097.0,258783.0,0.122063,52.208175,35,3,1,1,01/07/2023,7,18:45,-1,E07000008,E10000003,E10000003,6,0,6,20,0,0,-1,0,-1,0,0,0,1,1,1,0,0,0,1,3,2,E01032797,3,1,0.0,1.0
2024351495250,2024,351495250,545251.0,255497.0,0.12291,52.17861,35,3,2,1,12/09/2024,5,07:47,-1,E07000008,E10000003,E10000003,6,0,6,30,-1,16,4,6,0,-1,-1,0,1,1,1,-1,-1,0,2,1,2,E01035524,3,1,0.0,1.0
2021351040409,2021,351040409,544198.0,253815.0,0.106833,52.163787,35,3,2,1,11/04/2021,1,22:00,-1,E07000008,E10000003,E10000003,3,1309,6,50,0,0,-1,0,-1,0,0,0,4,2,2,0,0,0,2,1,2,E01018003,3,1,0.0,1.0
2021351111139,2021,351111139,546740.0,255069.0,0.144511,52.174384,35,3,2,1,16/11/2021,3,08:10,-1,E07000008,E10000003,E10000003,6,0,6,30,3,13,4,6,0,0,0,0,1,1,1,0,0,0,1,3,2,E01017995,3,1,0.0,1.0
2022351237447,2022,351237447,544860.0,258049.0,0.118283,52.201643,35,3,1,2,13/10/2022,5,10:00,-1,E07000008,E10000003,E10000003,6,0,6,30,0,0,-1,0,-1,0,0,0,1,1,1,0,0,0,1,1,2,E01032797,3,1,0.0,1.0
2024351493854,2024,351493854,547469.0,259127.0,0.1569,52.21063,35,3,2,1,19/09/2024,5,17:30,-1,E07000008,E10000003,E10000003,6,0,6,20,-1,0,-1,-1,-1,-1,-1,0,1,1,1,-1,-1,-1,1,3,2,E01017945,3,1,0.0,1.0
2021351042504,2021,351042504,546165.0,258885.0,0.137754,52.208821,35,3,2,1,13/04/2021,3,13:15,-1,E07000008,E10000003,E10000003,3,1134,3,30,1,0,2,3,1134,0,0,0,1,1,1,0,0,0,1,1,2,E01017943,3,1,0.0,1.0
2021351046372,2021,351046372,545370.0,259221.0,0.126271,52.21205,35,2,2,2,06/05/2021,5,19:47,-1,E07000008,E10000003,E10000003,6,0,6,30,0,0,-1,0,-1,0,4,14,1,1,1,0,0,0,1,1,2,E01032797,7,1,1.0,0.0
2021351097713,2021,351097713,538463.0,256326.0,0.024067,52.187815,35,2,2,1,06/10/2021,4,21:10,-1,E07000012,E10000003,E10000003,4,1046,6,30,3,13,4,6,0,0,0,0,4,1,1,0,0,0,2,1,2,E01018232,7,1,1.0,0.0
2022351132917,2022,351132917,546412.0,260300.0,0.141949,52.221456,35,3,2,4,11/01/2022,3,11:04,-1,E07000008,E10000003,E10000003,6,0,6,20,0,0,-1,0,-1,0,0,0,1,8,2,0,0,0,1,3,2,E01017973,3,1,0.0,1.0
2022351155099,2022,351155099,544344.0,261491.0,0.112205,52.232702,35,2,2,2,17/02/2022,5,09:40,-1,E07000012,E10000003,E10000003,4,1049,3,40,3,13,2,6,0,0,5,15,1,1,1,0,0,0,2,1,2,E01033121,7,1,1.0,0.0
2023351384213,2023,351384213,543657.0,259117.0,0.101145,52.211552,35,3,2,1,07/12/2023,5,08:50,-1,E07000008,E10000003,E10000003,3,1303,6,30,3,13,4,6,0,0,0,0,1,1,1,0,0,0,1,3,2,E01017984,3,1,0.0,1.0
2024351508579,2024,351508579,545141.0,257588.0,0.12219,52.19743,35,3,2,1,24/10/2024,5,12:00,-1,E07000008,E10000003,E10000003,3,1134,1,30,-1,-1,4,3,1134,-1,-1,14,1,1,1,-1,-1,0,1,3,2,E01018005,3,1,0.0,1.0
